# Blender 4.1.1
# www.blender.org
mtllib title.mtl
o Text
v -0.618254 0.030000 0.116038
v -0.628190 0.030000 0.113304
v -0.623709 0.030000 0.104101
v -0.613042 0.030000 0.105090
v -0.610821 0.030000 0.113002
v -0.630495 0.030000 0.168167
v -0.637842 0.030000 0.166109
v -0.637416 0.030000 0.159719
v -0.631362 0.030000 0.155077
v -0.620550 0.030000 0.151816
v -0.608361 0.030000 0.150162
v -0.595494 0.030000 0.145916
v -0.583671 0.030000 0.145134
v -0.570637 0.030000 0.143423
v -0.554420 0.030000 0.138532
v -0.544512 0.030000 0.140845
v -0.532940 0.030000 0.136262
v -0.524464 0.030000 0.129763
v -0.520689 0.030000 0.122727
v -0.521220 0.030000 0.114704
v -0.521241 0.030000 0.101558
v -0.518311 0.030000 0.094578
v -0.518982 0.030000 0.084444
v -0.517203 0.030000 0.072875
v -0.513648 0.030000 0.056098
v -0.512882 0.030000 0.042052
v -0.516488 0.030000 -0.012421
v -0.518199 0.030000 -0.025455
v -0.518417 0.030000 -0.041557
v -0.515849 0.030000 -0.054026
v -0.515648 0.030000 -0.063794
v -0.515049 0.030000 -0.080374
v -0.520356 0.030000 -0.109287
v -0.524210 0.030000 -0.116242
v -0.530482 0.030000 -0.127702
v -0.539346 0.030000 -0.133477
v -0.555361 0.030000 -0.138354
v -0.564596 0.030000 -0.136895
v -0.583175 0.030000 -0.135665
v -0.578978 0.030000 -0.142728
v -0.564562 0.030000 -0.149197
v -0.544715 0.030000 -0.150511
v -0.531908 0.030000 -0.149238
v -0.518538 0.030000 -0.145882
v -0.505789 0.030000 -0.139091
v -0.492841 0.030000 -0.135707
v -0.478828 0.030000 -0.122639
v -0.471572 0.030000 -0.109124
v -0.469693 0.030000 -0.093556
v -0.465281 0.030000 -0.078156
v -0.461175 0.030000 -0.067401
v -0.461774 0.030000 -0.050820
v -0.460628 0.030000 -0.033507
v -0.458072 0.030000 -0.020529
v -0.459795 0.030000 -0.008115
v -0.454482 0.030000 0.008073
v -0.451536 0.030000 0.026964
v -0.449684 0.030000 0.042110
v -0.449607 0.030000 0.056100
v -0.451950 0.030000 0.071947
v -0.448344 0.030000 0.126420
v -0.437055 0.030000 0.123976
v -0.426299 0.030000 0.119872
v -0.414333 0.030000 0.114838
v -0.406308 0.030000 0.107945
v -0.398396 0.030000 0.105724
v -0.392428 0.030000 0.106177
v -0.388771 0.030000 0.110176
v -0.388463 0.030000 0.114821
v -0.389649 0.030000 0.122534
v -0.394381 0.030000 0.127937
v -0.402941 0.030000 0.133169
v -0.412286 0.030000 0.132939
v -0.423520 0.030000 0.136228
v -0.434387 0.030000 0.138644
v -0.447421 0.030000 0.140355
v -0.448607 0.030000 0.148068
v -0.446107 0.030000 0.160201
v -0.446874 0.030000 0.174248
v -0.446516 0.030000 0.192462
v -0.444889 0.030000 0.204229
v -0.442501 0.030000 0.214674
v -0.438425 0.030000 0.225007
v -0.437810 0.030000 0.234297
v -0.442178 0.030000 0.245189
v -0.454032 0.030000 0.251911
v -0.461890 0.030000 0.261338
v -0.474645 0.030000 0.267272
v -0.485258 0.030000 0.267126
v -0.494827 0.030000 0.263518
v -0.504959 0.030000 0.257827
v -0.508728 0.030000 0.252140
v -0.516015 0.030000 0.244563
v -0.518996 0.030000 0.237975
v -0.526029 0.030000 0.227837
v -0.528054 0.030000 0.222882
v -0.528019 0.030000 0.210580
v -0.525257 0.030000 0.201067
v -0.524689 0.030000 0.190426
v -0.521026 0.030000 0.181702
v -0.523245 0.030000 0.173790
v -0.530759 0.030000 0.169199
v -0.542751 0.030000 0.167448
v -0.554040 0.030000 0.169891
v -0.586133 0.030000 0.172016
v -0.595534 0.030000 0.170943
v -0.612058 0.030000 0.171188
v -0.624528 0.030000 0.168621
v -0.368262 0.030000 -0.105360
v -0.371662 0.030000 -0.118283
v -0.369995 0.030000 -0.131541
v -0.363854 0.030000 -0.141278
v -0.360249 0.030000 -0.144485
v -0.352649 0.030000 -0.144988
v -0.344573 0.030000 -0.138313
v -0.355048 0.030000 -0.129986
v -0.355250 0.030000 -0.120217
v -0.356492 0.030000 -0.113349
v -0.350900 0.030000 -0.092938
v -0.347896 0.030000 -0.073203
v -0.341493 0.030000 -0.040546
v -0.343949 0.030000 -0.026388
v -0.332526 0.030000 -0.013996
v -0.330054 0.030000 -0.002284
v -0.332056 0.030000 0.005906
v -0.327162 0.030000 0.015761
v -0.326240 0.030000 0.029696
v -0.322163 0.030000 0.040029
v -0.314003 0.030000 0.047971
v -0.307983 0.030000 0.055630
v -0.297714 0.030000 0.069795
v -0.294341 0.030000 0.082296
v -0.282297 0.030000 0.091253
v -0.275995 0.030000 0.096773
v -0.264593 0.030000 0.096018
v -0.243338 0.030000 0.090370
v -0.234805 0.030000 0.084715
v -0.224973 0.030000 0.066676
v -0.218459 0.030000 0.043342
v -0.216088 0.030000 0.027916
v -0.213240 0.030000 0.019670
v -0.211685 0.030000 0.004723
v -0.211875 0.030000 -0.010957
v -0.212658 0.030000 -0.022780
v -0.211947 0.030000 -0.037671
v -0.215162 0.030000 -0.086232
v -0.222409 0.030000 -0.118833
v -0.224205 0.030000 -0.133134
v -0.226872 0.030000 -0.147802
v -0.227571 0.030000 -0.158359
v -0.227649 0.030000 -0.172349
v -0.224774 0.030000 -0.180173
v -0.220350 0.030000 -0.190221
v -0.210694 0.030000 -0.191709
v -0.203686 0.030000 -0.188355
v -0.196849 0.030000 -0.181174
v -0.199360 0.030000 -0.167860
v -0.196044 0.030000 -0.156205
v -0.192397 0.030000 -0.126757
v -0.187196 0.030000 -0.112258
v -0.189848 0.030000 -0.101056
v -0.183803 0.030000 -0.086611
v -0.181811 0.030000 -0.069354
v -0.176275 0.030000 -0.049787
v -0.175073 0.030000 -0.031630
v -0.172853 0.030000 -0.023718
v -0.162426 0.030000 0.012065
v -0.159277 0.030000 0.021187
v -0.158075 0.030000 0.039344
v -0.154675 0.030000 0.052267
v -0.149362 0.030000 0.068456
v -0.147004 0.030000 0.084840
v -0.147070 0.030000 0.103081
v -0.143554 0.030000 0.111331
v -0.137264 0.030000 0.142299
v -0.138064 0.030000 0.168648
v -0.131369 0.030000 0.180079
v -0.127522 0.030000 0.199758
v -0.123053 0.030000 0.216004
v -0.121906 0.030000 0.233317
v -0.121326 0.030000 0.254907
v -0.116882 0.030000 0.264369
v -0.120180 0.030000 0.272221
v -0.118356 0.030000 0.286944
v -0.110199 0.030000 0.301249
v -0.106576 0.030000 0.317549
v -0.102695 0.030000 0.324927
v -0.103008 0.030000 0.333005
v -0.098539 0.030000 0.349250
v -0.094015 0.030000 0.366339
v -0.092331 0.030000 0.378951
v -0.100756 0.030000 0.392656
v -0.104279 0.030000 0.403493
v -0.110780 0.030000 0.401379
v -0.113712 0.030000 0.408359
v -0.119657 0.030000 0.421051
v -0.132468 0.030000 0.426141
v -0.147415 0.030000 0.424585
v -0.161406 0.030000 0.424664
v -0.173816 0.030000 0.416579
v -0.185295 0.030000 0.403342
v -0.191089 0.030000 0.392699
v -0.193924 0.030000 0.375499
v -0.191302 0.030000 0.363873
v -0.186961 0.030000 0.352558
v -0.183406 0.030000 0.335783
v -0.182186 0.030000 0.315769
v -0.181587 0.030000 0.299189
v -0.183097 0.030000 0.276386
v -0.181089 0.030000 0.255472
v -0.186346 0.030000 0.240127
v -0.188504 0.030000 0.220337
v -0.189930 0.030000 0.198801
v -0.192032 0.030000 0.179855
v -0.192558 0.030000 0.159108
v -0.195549 0.030000 0.113926
v -0.204562 0.030000 0.125125
v -0.215352 0.030000 0.141532
v -0.239284 0.030000 0.151598
v -0.265209 0.030000 0.150770
v -0.282690 0.030000 0.149382
v -0.299551 0.030000 0.144561
v -0.319307 0.030000 0.134418
v -0.333599 0.030000 0.117127
v -0.340210 0.030000 0.106961
v -0.346026 0.030000 0.083172
v -0.350972 0.030000 0.066111
v -0.352118 0.030000 0.048798
v -0.356134 0.030000 0.026586
v -0.358348 0.030000 0.005950
v -0.359495 0.030000 -0.011362
v -0.362274 0.030000 -0.027719
v -0.363476 0.030000 -0.045876
v -0.362592 0.030000 -0.070958
v -0.366411 0.030000 -0.090214
v -0.059613 0.030000 0.117225
v -0.062228 0.030000 0.109764
v -0.058114 0.030000 0.101434
v -0.053495 0.030000 0.094342
v -0.050927 0.030000 0.081873
v -0.052917 0.030000 0.064616
v -0.054175 0.030000 0.045613
v -0.058023 0.030000 0.025935
v -0.059729 0.030000 0.000177
v -0.064728 0.030000 -0.024091
v -0.064464 0.030000 -0.045738
v -0.067803 0.030000 -0.070540
v -0.067427 0.030000 -0.090498
v -0.070403 0.030000 -0.109811
v -0.067808 0.030000 -0.121858
v -0.070530 0.030000 -0.137371
v -0.070268 0.030000 -0.159018
v -0.068991 0.030000 -0.178188
v -0.068869 0.030000 -0.201947
v -0.065680 0.030000 -0.217850
v -0.061986 0.030000 -0.232514
v -0.055698 0.030000 -0.252864
v -0.047496 0.030000 -0.276309
v -0.039297 0.030000 -0.293393
v -0.021552 0.030000 -0.313652
v -0.010710 0.030000 -0.322853
v 0.006972 0.030000 -0.331233
v 0.024739 0.030000 -0.338347
v 0.048695 0.030000 -0.341630
v 0.070343 0.030000 -0.341366
v 0.088612 0.030000 -0.340879
v 0.105556 0.030000 -0.334791
v 0.118982 0.030000 -0.330591
v 0.131082 0.030000 -0.320789
v 0.139297 0.030000 -0.312002
v 0.144331 0.030000 -0.300036
v 0.145001 0.030000 -0.289902
v 0.138357 0.030000 -0.287765
v 0.132166 0.030000 -0.291597
v 0.125441 0.030000 -0.297089
v 0.117141 0.030000 -0.307142
v 0.106137 0.030000 -0.313199
v 0.093726 0.030000 -0.321284
v 0.078835 0.030000 -0.321995
v 0.057753 0.030000 -0.326537
v 0.035963 0.030000 -0.322550
v 0.018085 0.030000 -0.317125
v 0.005048 0.030000 -0.309052
v -0.008949 0.030000 -0.296250
v -0.017738 0.030000 -0.281672
v -0.026783 0.030000 -0.264533
v -0.032083 0.030000 -0.248489
v -0.039269 0.030000 -0.228929
v -0.040490 0.030000 -0.208915
v -0.041430 0.030000 -0.184678
v -0.041554 0.030000 -0.160918
v -0.040519 0.030000 -0.145295
v -0.037823 0.030000 -0.130205
v -0.036279 0.030000 -0.119705
v -0.035587 0.030000 -0.096424
v -0.019001 0.030000 -0.108549
v 0.001271 0.030000 -0.116253
v 0.025116 0.030000 -0.121224
v 0.044342 0.030000 -0.119104
v 0.064552 0.030000 -0.114928
v 0.086026 0.030000 -0.104475
v 0.098859 0.030000 -0.096418
v 0.113297 0.030000 -0.089740
v 0.122665 0.030000 -0.076364
v 0.131554 0.030000 -0.063805
v 0.130055 0.030000 -0.048013
v 0.134892 0.030000 -0.039003
v 0.142851 0.030000 -0.021293
v 0.143242 0.030000 -0.015381
v 0.144131 0.030000 0.010856
v 0.139645 0.030000 0.032782
v 0.135612 0.030000 0.048741
v 0.121587 0.030000 0.061121
v 0.112714 0.030000 0.074432
v 0.111271 0.030000 0.091069
v 0.099556 0.030000 0.099902
v 0.092291 0.030000 0.105473
v 0.087783 0.030000 0.114253
v 0.053576 0.030000 0.122879
v 0.030973 0.030000 0.120983
v 0.016898 0.030000 0.119794
v 0.004373 0.030000 0.116382
v -0.004464 0.030000 0.111029
v -0.012823 0.030000 0.106494
v -0.021212 0.030000 0.107897
v -0.028788 0.030000 0.115184
v -0.031663 0.030000 0.123009
v -0.042924 0.030000 0.125876
v -0.053254 0.030000 0.123590
v 0.094967 0.030000 -0.142389
v 0.086975 0.030000 -0.147798
v 0.087288 0.030000 -0.155877
v 0.093709 0.030000 -0.161391
v 0.106799 0.030000 -0.162257
v 0.113298 0.030000 -0.153781
v 0.101331 0.030000 -0.148749
v -0.029799 0.030000 -0.073056
v -0.030398 0.030000 -0.056476
v -0.026913 0.030000 -0.042286
v -0.025879 0.030000 -0.026663
v -0.025633 0.030000 -0.010139
v -0.021820 0.030000 0.021842
v -0.018084 0.030000 0.039832
v -0.013107 0.030000 0.050953
v -0.003680 0.030000 0.058812
v 0.007131 0.030000 0.055551
v 0.018901 0.030000 0.047561
v 0.030644 0.030000 0.039150
v 0.042924 0.030000 0.026037
v 0.060578 0.030000 0.017235
v 0.079145 0.030000 -0.016228
v 0.078843 0.030000 -0.033596
v 0.080454 0.030000 -0.047699
v 0.073759 0.030000 -0.059131
v 0.062560 0.030000 -0.068143
v 0.050068 0.030000 -0.083858
v 0.029495 0.030000 -0.093523
v 0.013647 0.030000 -0.095866
v -0.006143 0.030000 -0.093708
v -0.025766 0.030000 -0.089015
v 0.220685 0.030000 0.103759
v 0.220182 0.030000 0.096157
v 0.222436 0.030000 0.091767
v 0.230996 0.030000 0.086535
v 0.236572 0.030000 0.081077
v 0.238435 0.030000 0.070774
v 0.239201 0.030000 0.056728
v 0.242923 0.030000 0.042486
v 0.239157 0.030000 0.030435
v 0.242287 0.030000 0.020050
v 0.242209 0.030000 0.006058
v 0.242919 0.030000 -0.008832
v 0.241941 0.030000 -0.023612
v 0.239050 0.030000 -0.041657
v 0.239844 0.030000 -0.055281
v 0.238866 0.030000 -0.070061
v 0.235578 0.030000 -0.081294
v 0.231050 0.030000 -0.092022
v 0.233984 0.030000 -0.105364
v 0.228585 0.030000 -0.116457
v 0.227271 0.030000 -0.136304
v 0.225922 0.030000 -0.143849
v 0.221790 0.030000 -0.155027
v 0.220134 0.030000 -0.167216
v 0.216197 0.030000 -0.175438
v 0.215666 0.030000 -0.183461
v 0.211784 0.030000 -0.190838
v 0.215504 0.030000 -0.198719
v 0.220432 0.030000 -0.201166
v 0.223949 0.030000 -0.199278
v 0.228309 0.030000 -0.191084
v 0.231486 0.030000 -0.181539
v 0.233678 0.030000 -0.174051
v 0.238460 0.030000 -0.165885
v 0.238991 0.030000 -0.157862
v 0.245769 0.030000 -0.145163
v 0.246552 0.030000 -0.133339
v 0.248828 0.030000 -0.124583
v 0.249611 0.030000 -0.112760
v 0.253265 0.030000 -0.102399
v 0.256660 0.030000 -0.076753
v 0.258824 0.030000 -0.069686
v 0.260759 0.030000 -0.053274
v 0.260641 0.030000 -0.042239
v 0.262296 0.030000 -0.030048
v 0.262995 0.030000 -0.019493
v 0.267777 0.030000 -0.011327
v 0.275235 0.030000 -0.007579
v 0.280666 0.030000 -0.002425
v 0.286823 0.030000 0.013708
v 0.289128 0.030000 0.022886
v 0.291364 0.030000 0.056668
v 0.290653 0.030000 0.071558
v 0.294221 0.030000 0.087014
v 0.295737 0.030000 0.097093
v 0.299758 0.030000 0.106581
v 0.297051 0.030000 0.116940
v 0.292514 0.030000 0.125298
v 0.285926 0.030000 0.128279
v 0.276382 0.030000 0.131456
v 0.265657 0.030000 0.129621
v 0.257609 0.030000 0.123368
v 0.249589 0.030000 0.117537
v 0.239877 0.030000 0.118180
v 0.232673 0.030000 0.111871
v 0.226060 0.030000 0.108068
v 0.287480 0.030000 0.299096
v 0.281065 0.030000 0.291886
v 0.287541 0.030000 0.287216
v 0.294831 0.030000 0.288430
v 0.293224 0.030000 0.296170
v 0.242474 0.030000 0.285534
v 0.237382 0.030000 0.279086
v 0.238624 0.030000 0.272218
v 0.245271 0.030000 0.263719
v 0.250624 0.030000 0.254883
v 0.250093 0.030000 0.246859
v 0.245367 0.030000 0.239538
v 0.240753 0.030000 0.233906
v 0.239942 0.030000 0.221660
v 0.243466 0.030000 0.210824
v 0.249663 0.030000 0.201932
v 0.258055 0.030000 0.194165
v 0.268978 0.030000 0.192594
v 0.281279 0.030000 0.192628
v 0.288765 0.030000 0.196798
v 0.297602 0.030000 0.202150
v 0.305790 0.030000 0.210515
v 0.316285 0.030000 0.221696
v 0.321263 0.030000 0.232817
v 0.323511 0.030000 0.241151
v 0.322353 0.030000 0.249285
v 0.318745 0.030000 0.258855
v 0.313308 0.030000 0.266425
v 0.301510 0.030000 0.273992
v 0.291065 0.030000 0.276379
v 0.275553 0.030000 0.279103
v 0.260631 0.030000 0.284332
v 0.250130 0.030000 0.285875
v 0.322114 0.030000 0.399439
v 0.318938 0.030000 0.389894
v 0.320800 0.030000 0.379593
v 0.327870 0.030000 0.371066
v 0.335557 0.030000 0.365468
v 0.345636 0.030000 0.363952
v 0.374574 0.030000 0.365429
v 0.396529 0.030000 0.370338
v 0.414687 0.030000 0.369136
v 0.426681 0.030000 0.364524
v 0.439323 0.030000 0.356901
v 0.451656 0.030000 0.350996
v 0.455121 0.030000 0.345676
v 0.463315 0.030000 0.341318
v 0.483760 0.030000 0.323423
v 0.493590 0.030000 0.311745
v 0.499535 0.030000 0.299053
v 0.503681 0.030000 0.284783
v 0.510753 0.030000 0.269894
v 0.511408 0.030000 0.254158
v 0.508460 0.030000 0.235268
v 0.511537 0.030000 0.217676
v 0.513602 0.030000 0.197606
v 0.513948 0.030000 0.177224
v 0.512690 0.030000 0.158223
v 0.513851 0.030000 0.143726
v 0.508619 0.030000 0.135166
v 0.499838 0.030000 0.130658
v 0.483147 0.030000 0.128370
v 0.455500 0.030000 0.133593
v 0.439032 0.030000 0.134683
v 0.424451 0.030000 0.132256
v 0.405254 0.030000 0.130558
v 0.396107 0.030000 0.126922
v 0.384028 0.030000 0.130266
v 0.372770 0.030000 0.126771
v 0.370411 0.030000 0.116748
v 0.383392 0.030000 0.107830
v 0.415484 0.030000 0.105706
v 0.439187 0.030000 0.104985
v 0.471702 0.030000 0.102833
v 0.487102 0.030000 0.098420
v 0.503681 0.030000 0.099019
v 0.510356 0.030000 0.090942
v 0.510391 0.030000 0.078641
v 0.519826 0.030000 0.067413
v 0.529035 0.030000 0.059170
v 0.529913 0.030000 0.046812
v 0.527330 0.030000 0.033411
v 0.523516 0.030000 0.001431
v 0.518827 0.030000 -0.024554
v 0.516277 0.030000 -0.050256
v 0.514320 0.030000 -0.079815
v 0.511351 0.030000 -0.111851
v 0.505144 0.030000 -0.141552
v 0.501721 0.030000 -0.167621
v 0.493031 0.030000 -0.183587
v 0.486702 0.030000 -0.195891
v 0.485668 0.030000 -0.211514
v 0.490347 0.030000 -0.224124
v 0.492377 0.030000 -0.231892
v 0.497081 0.030000 -0.237718
v 0.502881 0.030000 -0.239798
v 0.509467 0.030000 -0.236417
v 0.523818 0.030000 -0.224643
v 0.533384 0.030000 -0.214673
v 0.541175 0.030000 -0.199497
v 0.543898 0.030000 -0.183985
v 0.540347 0.030000 -0.173572
v 0.534233 0.030000 -0.163412
v 0.538696 0.030000 -0.134443
v 0.545742 0.030000 -0.092074
v 0.548683 0.030000 -0.060459
v 0.552385 0.030000 -0.030169
v 0.556232 0.030000 -0.010490
v 0.564132 0.030000 0.012738
v 0.565669 0.030000 0.035962
v 0.571038 0.030000 0.052996
v 0.574657 0.030000 0.082020
v 0.584481 0.030000 0.140746
v 0.583541 0.030000 0.164983
v 0.592296 0.030000 0.226749
v 0.593805 0.030000 0.249551
v 0.593008 0.030000 0.269538
v 0.588634 0.030000 0.293154
v 0.592090 0.030000 0.306921
v 0.586648 0.030000 0.327215
v 0.583285 0.030000 0.353309
v 0.575340 0.030000 0.367830
v 0.560981 0.030000 0.375143
v 0.543668 0.030000 0.376289
v 0.536346 0.030000 0.381015
v 0.527534 0.030000 0.382446
v 0.522915 0.030000 0.389538
v 0.511201 0.030000 0.398372
v 0.499036 0.030000 0.406811
v 0.482645 0.030000 0.421893
v 0.475348 0.030000 0.433403
v 0.464056 0.030000 0.442208
v 0.452146 0.030000 0.448086
v 0.438211 0.030000 0.449008
v 0.420563 0.030000 0.445087
v 0.408997 0.030000 0.436947
v 0.370434 0.030000 0.431017
v 0.364497 0.030000 0.424624
v 0.351689 0.030000 0.423352
v 0.347497 0.030000 0.417692
v 0.338493 0.030000 0.409806
v 0.328585 0.030000 0.407493
v -0.618254 -0.030000 0.116038
v -0.628190 -0.030000 0.113304
v -0.623709 -0.030000 0.104101
v -0.613042 -0.030000 0.105090
v -0.610821 -0.030000 0.113002
v -0.630495 -0.030000 0.168167
v -0.637842 -0.030000 0.166109
v -0.637416 -0.030000 0.159719
v -0.631362 -0.030000 0.155077
v -0.620550 -0.030000 0.151816
v -0.608361 -0.030000 0.150162
v -0.595494 -0.030000 0.145916
v -0.583671 -0.030000 0.145134
v -0.570637 -0.030000 0.143423
v -0.554420 -0.030000 0.138532
v -0.544512 -0.030000 0.140845
v -0.532940 -0.030000 0.136262
v -0.524464 -0.030000 0.129763
v -0.520689 -0.030000 0.122727
v -0.521220 -0.030000 0.114704
v -0.521241 -0.030000 0.101558
v -0.518311 -0.030000 0.094578
v -0.518982 -0.030000 0.084444
v -0.517203 -0.030000 0.072875
v -0.513648 -0.030000 0.056098
v -0.512882 -0.030000 0.042052
v -0.516488 -0.030000 -0.012421
v -0.518199 -0.030000 -0.025455
v -0.518417 -0.030000 -0.041557
v -0.515849 -0.030000 -0.054026
v -0.515648 -0.030000 -0.063794
v -0.515049 -0.030000 -0.080374
v -0.520356 -0.030000 -0.109287
v -0.524210 -0.030000 -0.116242
v -0.530482 -0.030000 -0.127702
v -0.539346 -0.030000 -0.133477
v -0.555361 -0.030000 -0.138354
v -0.564596 -0.030000 -0.136895
v -0.583175 -0.030000 -0.135665
v -0.578978 -0.030000 -0.142728
v -0.564562 -0.030000 -0.149197
v -0.544715 -0.030000 -0.150511
v -0.531908 -0.030000 -0.149238
v -0.518538 -0.030000 -0.145882
v -0.505789 -0.030000 -0.139091
v -0.492841 -0.030000 -0.135707
v -0.478828 -0.030000 -0.122639
v -0.471572 -0.030000 -0.109124
v -0.469693 -0.030000 -0.093556
v -0.465281 -0.030000 -0.078156
v -0.461175 -0.030000 -0.067401
v -0.461774 -0.030000 -0.050820
v -0.460628 -0.030000 -0.033507
v -0.458072 -0.030000 -0.020529
v -0.459795 -0.030000 -0.008115
v -0.454482 -0.030000 0.008073
v -0.451536 -0.030000 0.026964
v -0.449684 -0.030000 0.042110
v -0.449607 -0.030000 0.056100
v -0.451950 -0.030000 0.071947
v -0.448344 -0.030000 0.126420
v -0.437055 -0.030000 0.123976
v -0.426299 -0.030000 0.119872
v -0.414333 -0.030000 0.114838
v -0.406308 -0.030000 0.107945
v -0.398396 -0.030000 0.105724
v -0.392428 -0.030000 0.106177
v -0.388771 -0.030000 0.110176
v -0.388463 -0.030000 0.114821
v -0.389649 -0.030000 0.122534
v -0.394381 -0.030000 0.127937
v -0.402941 -0.030000 0.133169
v -0.412286 -0.030000 0.132939
v -0.423520 -0.030000 0.136228
v -0.434387 -0.030000 0.138644
v -0.447421 -0.030000 0.140355
v -0.448607 -0.030000 0.148068
v -0.446107 -0.030000 0.160201
v -0.446874 -0.030000 0.174248
v -0.446516 -0.030000 0.192462
v -0.444889 -0.030000 0.204229
v -0.442501 -0.030000 0.214674
v -0.438425 -0.030000 0.225007
v -0.437810 -0.030000 0.234297
v -0.442178 -0.030000 0.245189
v -0.454032 -0.030000 0.251911
v -0.461890 -0.030000 0.261338
v -0.474645 -0.030000 0.267272
v -0.485258 -0.030000 0.267126
v -0.494827 -0.030000 0.263518
v -0.504959 -0.030000 0.257827
v -0.508728 -0.030000 0.252140
v -0.516015 -0.030000 0.244563
v -0.518996 -0.030000 0.237975
v -0.526029 -0.030000 0.227837
v -0.528054 -0.030000 0.222882
v -0.528019 -0.030000 0.210580
v -0.525257 -0.030000 0.201067
v -0.524689 -0.030000 0.190426
v -0.521026 -0.030000 0.181702
v -0.523245 -0.030000 0.173790
v -0.530759 -0.030000 0.169199
v -0.542751 -0.030000 0.167448
v -0.554040 -0.030000 0.169891
v -0.586133 -0.030000 0.172016
v -0.595534 -0.030000 0.170943
v -0.612058 -0.030000 0.171188
v -0.624528 -0.030000 0.168621
v -0.368262 -0.030000 -0.105360
v -0.371662 -0.030000 -0.118283
v -0.369995 -0.030000 -0.131541
v -0.363854 -0.030000 -0.141278
v -0.360249 -0.030000 -0.144485
v -0.352649 -0.030000 -0.144988
v -0.344573 -0.030000 -0.138313
v -0.355048 -0.030000 -0.129986
v -0.355250 -0.030000 -0.120217
v -0.356492 -0.030000 -0.113349
v -0.350900 -0.030000 -0.092938
v -0.347896 -0.030000 -0.073203
v -0.341493 -0.030000 -0.040546
v -0.343949 -0.030000 -0.026388
v -0.332526 -0.030000 -0.013996
v -0.330054 -0.030000 -0.002284
v -0.332056 -0.030000 0.005906
v -0.327162 -0.030000 0.015761
v -0.326240 -0.030000 0.029696
v -0.322163 -0.030000 0.040029
v -0.314003 -0.030000 0.047971
v -0.307983 -0.030000 0.055630
v -0.297714 -0.030000 0.069795
v -0.294341 -0.030000 0.082296
v -0.282297 -0.030000 0.091253
v -0.275995 -0.030000 0.096773
v -0.264593 -0.030000 0.096018
v -0.243338 -0.030000 0.090370
v -0.234805 -0.030000 0.084715
v -0.224973 -0.030000 0.066676
v -0.218459 -0.030000 0.043342
v -0.216088 -0.030000 0.027916
v -0.213240 -0.030000 0.019670
v -0.211685 -0.030000 0.004723
v -0.211875 -0.030000 -0.010957
v -0.212658 -0.030000 -0.022780
v -0.211947 -0.030000 -0.037671
v -0.215162 -0.030000 -0.086232
v -0.222409 -0.030000 -0.118833
v -0.224205 -0.030000 -0.133134
v -0.226872 -0.030000 -0.147802
v -0.227571 -0.030000 -0.158359
v -0.227649 -0.030000 -0.172349
v -0.224774 -0.030000 -0.180173
v -0.220350 -0.030000 -0.190221
v -0.210694 -0.030000 -0.191709
v -0.203686 -0.030000 -0.188355
v -0.196849 -0.030000 -0.181174
v -0.199360 -0.030000 -0.167860
v -0.196044 -0.030000 -0.156205
v -0.192397 -0.030000 -0.126757
v -0.187196 -0.030000 -0.112258
v -0.189848 -0.030000 -0.101056
v -0.183803 -0.030000 -0.086611
v -0.181811 -0.030000 -0.069354
v -0.176275 -0.030000 -0.049787
v -0.175073 -0.030000 -0.031630
v -0.172853 -0.030000 -0.023718
v -0.162426 -0.030000 0.012065
v -0.159277 -0.030000 0.021187
v -0.158075 -0.030000 0.039344
v -0.154675 -0.030000 0.052267
v -0.149362 -0.030000 0.068456
v -0.147004 -0.030000 0.084840
v -0.147070 -0.030000 0.103081
v -0.143554 -0.030000 0.111331
v -0.137264 -0.030000 0.142299
v -0.138064 -0.030000 0.168648
v -0.131369 -0.030000 0.180079
v -0.127522 -0.030000 0.199758
v -0.123053 -0.030000 0.216004
v -0.121906 -0.030000 0.233317
v -0.121326 -0.030000 0.254907
v -0.116882 -0.030000 0.264369
v -0.120180 -0.030000 0.272221
v -0.118356 -0.030000 0.286944
v -0.110199 -0.030000 0.301249
v -0.106576 -0.030000 0.317549
v -0.102695 -0.030000 0.324927
v -0.103008 -0.030000 0.333005
v -0.098539 -0.030000 0.349250
v -0.094015 -0.030000 0.366339
v -0.092331 -0.030000 0.378951
v -0.100756 -0.030000 0.392656
v -0.104279 -0.030000 0.403493
v -0.110780 -0.030000 0.401379
v -0.113712 -0.030000 0.408359
v -0.119657 -0.030000 0.421051
v -0.132468 -0.030000 0.426141
v -0.147415 -0.030000 0.424585
v -0.161406 -0.030000 0.424664
v -0.173816 -0.030000 0.416579
v -0.185295 -0.030000 0.403342
v -0.191089 -0.030000 0.392699
v -0.193924 -0.030000 0.375499
v -0.191302 -0.030000 0.363873
v -0.186961 -0.030000 0.352558
v -0.183406 -0.030000 0.335783
v -0.182186 -0.030000 0.315769
v -0.181587 -0.030000 0.299189
v -0.183097 -0.030000 0.276386
v -0.181089 -0.030000 0.255472
v -0.186346 -0.030000 0.240127
v -0.188504 -0.030000 0.220337
v -0.189930 -0.030000 0.198801
v -0.192032 -0.030000 0.179855
v -0.192558 -0.030000 0.159108
v -0.195549 -0.030000 0.113926
v -0.204562 -0.030000 0.125125
v -0.215352 -0.030000 0.141532
v -0.239284 -0.030000 0.151598
v -0.265209 -0.030000 0.150770
v -0.282690 -0.030000 0.149382
v -0.299551 -0.030000 0.144561
v -0.319307 -0.030000 0.134418
v -0.333599 -0.030000 0.117127
v -0.340210 -0.030000 0.106961
v -0.346026 -0.030000 0.083172
v -0.350972 -0.030000 0.066111
v -0.352118 -0.030000 0.048798
v -0.356134 -0.030000 0.026586
v -0.358348 -0.030000 0.005950
v -0.359495 -0.030000 -0.011362
v -0.362274 -0.030000 -0.027719
v -0.363476 -0.030000 -0.045876
v -0.362592 -0.030000 -0.070958
v -0.366411 -0.030000 -0.090214
v -0.059613 -0.030000 0.117225
v -0.062228 -0.030000 0.109764
v -0.058114 -0.030000 0.101434
v -0.053495 -0.030000 0.094342
v -0.050927 -0.030000 0.081873
v -0.052917 -0.030000 0.064616
v -0.054175 -0.030000 0.045613
v -0.058023 -0.030000 0.025935
v -0.059729 -0.030000 0.000177
v -0.064728 -0.030000 -0.024091
v -0.064464 -0.030000 -0.045738
v -0.067803 -0.030000 -0.070540
v -0.067427 -0.030000 -0.090498
v -0.070403 -0.030000 -0.109811
v -0.067808 -0.030000 -0.121858
v -0.070530 -0.030000 -0.137371
v -0.070268 -0.030000 -0.159018
v -0.068991 -0.030000 -0.178188
v -0.068869 -0.030000 -0.201947
v -0.065680 -0.030000 -0.217850
v -0.061986 -0.030000 -0.232514
v -0.055698 -0.030000 -0.252864
v -0.047496 -0.030000 -0.276309
v -0.039297 -0.030000 -0.293393
v -0.021552 -0.030000 -0.313652
v -0.010710 -0.030000 -0.322853
v 0.006972 -0.030000 -0.331233
v 0.024739 -0.030000 -0.338347
v 0.048695 -0.030000 -0.341630
v 0.070343 -0.030000 -0.341366
v 0.088612 -0.030000 -0.340879
v 0.105556 -0.030000 -0.334791
v 0.118982 -0.030000 -0.330591
v 0.131082 -0.030000 -0.320789
v 0.139297 -0.030000 -0.312002
v 0.144331 -0.030000 -0.300036
v 0.145001 -0.030000 -0.289902
v 0.138357 -0.030000 -0.287765
v 0.132166 -0.030000 -0.291597
v 0.125441 -0.030000 -0.297089
v 0.117141 -0.030000 -0.307142
v 0.106137 -0.030000 -0.313199
v 0.093726 -0.030000 -0.321284
v 0.078835 -0.030000 -0.321995
v 0.057753 -0.030000 -0.326537
v 0.035963 -0.030000 -0.322550
v 0.018085 -0.030000 -0.317125
v 0.005048 -0.030000 -0.309052
v -0.008949 -0.030000 -0.296250
v -0.017738 -0.030000 -0.281672
v -0.026783 -0.030000 -0.264533
v -0.032083 -0.030000 -0.248489
v -0.039269 -0.030000 -0.228929
v -0.040490 -0.030000 -0.208915
v -0.041430 -0.030000 -0.184678
v -0.041554 -0.030000 -0.160918
v -0.040519 -0.030000 -0.145295
v -0.037823 -0.030000 -0.130205
v -0.036279 -0.030000 -0.119705
v -0.035587 -0.030000 -0.096424
v -0.019001 -0.030000 -0.108549
v 0.001271 -0.030000 -0.116253
v 0.025116 -0.030000 -0.121224
v 0.044342 -0.030000 -0.119104
v 0.064552 -0.030000 -0.114928
v 0.086026 -0.030000 -0.104475
v 0.098859 -0.030000 -0.096418
v 0.113297 -0.030000 -0.089740
v 0.122665 -0.030000 -0.076364
v 0.131554 -0.030000 -0.063805
v 0.130055 -0.030000 -0.048013
v 0.134892 -0.030000 -0.039003
v 0.142851 -0.030000 -0.021293
v 0.143242 -0.030000 -0.015381
v 0.144131 -0.030000 0.010856
v 0.139645 -0.030000 0.032782
v 0.135612 -0.030000 0.048741
v 0.121587 -0.030000 0.061121
v 0.112714 -0.030000 0.074432
v 0.111271 -0.030000 0.091069
v 0.099556 -0.030000 0.099902
v 0.092291 -0.030000 0.105473
v 0.087783 -0.030000 0.114253
v 0.053576 -0.030000 0.122879
v 0.030973 -0.030000 0.120983
v 0.016898 -0.030000 0.119794
v 0.004373 -0.030000 0.116382
v -0.004464 -0.030000 0.111029
v -0.012823 -0.030000 0.106494
v -0.021212 -0.030000 0.107897
v -0.028788 -0.030000 0.115184
v -0.031663 -0.030000 0.123009
v -0.042924 -0.030000 0.125876
v -0.053254 -0.030000 0.123590
v 0.094967 -0.030000 -0.142389
v 0.086975 -0.030000 -0.147798
v 0.087288 -0.030000 -0.155877
v 0.093709 -0.030000 -0.161391
v 0.106799 -0.030000 -0.162257
v 0.113298 -0.030000 -0.153781
v 0.101331 -0.030000 -0.148749
v -0.029799 -0.030000 -0.073056
v -0.030398 -0.030000 -0.056476
v -0.026913 -0.030000 -0.042286
v -0.025879 -0.030000 -0.026663
v -0.025633 -0.030000 -0.010139
v -0.021820 -0.030000 0.021842
v -0.018084 -0.030000 0.039832
v -0.013107 -0.030000 0.050953
v -0.003680 -0.030000 0.058812
v 0.007131 -0.030000 0.055551
v 0.018901 -0.030000 0.047561
v 0.030644 -0.030000 0.039150
v 0.042924 -0.030000 0.026037
v 0.060578 -0.030000 0.017235
v 0.079145 -0.030000 -0.016228
v 0.078843 -0.030000 -0.033596
v 0.080454 -0.030000 -0.047699
v 0.073759 -0.030000 -0.059131
v 0.062560 -0.030000 -0.068143
v 0.050068 -0.030000 -0.083858
v 0.029495 -0.030000 -0.093523
v 0.013647 -0.030000 -0.095866
v -0.006143 -0.030000 -0.093708
v -0.025766 -0.030000 -0.089015
v 0.220685 -0.030000 0.103759
v 0.220182 -0.030000 0.096157
v 0.222436 -0.030000 0.091767
v 0.230996 -0.030000 0.086535
v 0.236572 -0.030000 0.081077
v 0.238435 -0.030000 0.070774
v 0.239201 -0.030000 0.056728
v 0.242923 -0.030000 0.042486
v 0.239157 -0.030000 0.030435
v 0.242287 -0.030000 0.020050
v 0.242209 -0.030000 0.006058
v 0.242919 -0.030000 -0.008832
v 0.241941 -0.030000 -0.023612
v 0.239050 -0.030000 -0.041657
v 0.239844 -0.030000 -0.055281
v 0.238866 -0.030000 -0.070061
v 0.235578 -0.030000 -0.081294
v 0.231050 -0.030000 -0.092022
v 0.233984 -0.030000 -0.105364
v 0.228585 -0.030000 -0.116457
v 0.227271 -0.030000 -0.136304
v 0.225922 -0.030000 -0.143849
v 0.221790 -0.030000 -0.155027
v 0.220134 -0.030000 -0.167216
v 0.216197 -0.030000 -0.175438
v 0.215666 -0.030000 -0.183461
v 0.211784 -0.030000 -0.190838
v 0.215504 -0.030000 -0.198719
v 0.220432 -0.030000 -0.201166
v 0.223949 -0.030000 -0.199278
v 0.228309 -0.030000 -0.191084
v 0.231486 -0.030000 -0.181539
v 0.233678 -0.030000 -0.174051
v 0.238460 -0.030000 -0.165885
v 0.238991 -0.030000 -0.157862
v 0.245769 -0.030000 -0.145163
v 0.246552 -0.030000 -0.133339
v 0.248828 -0.030000 -0.124583
v 0.249611 -0.030000 -0.112760
v 0.253265 -0.030000 -0.102399
v 0.256660 -0.030000 -0.076753
v 0.258824 -0.030000 -0.069686
v 0.260759 -0.030000 -0.053274
v 0.260641 -0.030000 -0.042239
v 0.262296 -0.030000 -0.030048
v 0.262995 -0.030000 -0.019493
v 0.267777 -0.030000 -0.011327
v 0.275235 -0.030000 -0.007579
v 0.280666 -0.030000 -0.002425
v 0.286823 -0.030000 0.013708
v 0.289128 -0.030000 0.022886
v 0.291364 -0.030000 0.056668
v 0.290653 -0.030000 0.071558
v 0.294221 -0.030000 0.087014
v 0.295737 -0.030000 0.097093
v 0.299758 -0.030000 0.106581
v 0.297051 -0.030000 0.116940
v 0.292514 -0.030000 0.125298
v 0.285926 -0.030000 0.128279
v 0.276382 -0.030000 0.131456
v 0.265657 -0.030000 0.129621
v 0.257609 -0.030000 0.123368
v 0.249589 -0.030000 0.117537
v 0.239877 -0.030000 0.118180
v 0.232673 -0.030000 0.111871
v 0.226060 -0.030000 0.108068
v 0.287480 -0.030000 0.299096
v 0.281065 -0.030000 0.291886
v 0.287541 -0.030000 0.287216
v 0.294831 -0.030000 0.288430
v 0.293224 -0.030000 0.296170
v 0.242474 -0.030000 0.285534
v 0.237382 -0.030000 0.279086
v 0.238624 -0.030000 0.272218
v 0.245271 -0.030000 0.263719
v 0.250624 -0.030000 0.254883
v 0.250093 -0.030000 0.246859
v 0.245367 -0.030000 0.239538
v 0.240753 -0.030000 0.233906
v 0.239942 -0.030000 0.221660
v 0.243466 -0.030000 0.210824
v 0.249663 -0.030000 0.201932
v 0.258055 -0.030000 0.194165
v 0.268978 -0.030000 0.192594
v 0.281279 -0.030000 0.192628
v 0.288765 -0.030000 0.196798
v 0.297602 -0.030000 0.202150
v 0.305790 -0.030000 0.210515
v 0.316285 -0.030000 0.221696
v 0.321263 -0.030000 0.232817
v 0.323511 -0.030000 0.241151
v 0.322353 -0.030000 0.249285
v 0.318745 -0.030000 0.258855
v 0.313308 -0.030000 0.266425
v 0.301510 -0.030000 0.273992
v 0.291065 -0.030000 0.276379
v 0.275553 -0.030000 0.279103
v 0.260631 -0.030000 0.284332
v 0.250130 -0.030000 0.285875
v 0.322114 -0.030000 0.399439
v 0.318938 -0.030000 0.389894
v 0.320800 -0.030000 0.379593
v 0.327870 -0.030000 0.371066
v 0.335557 -0.030000 0.365468
v 0.345636 -0.030000 0.363952
v 0.374574 -0.030000 0.365429
v 0.396529 -0.030000 0.370338
v 0.414687 -0.030000 0.369136
v 0.426681 -0.030000 0.364524
v 0.439323 -0.030000 0.356901
v 0.451656 -0.030000 0.350996
v 0.455121 -0.030000 0.345676
v 0.463315 -0.030000 0.341318
v 0.483760 -0.030000 0.323423
v 0.493590 -0.030000 0.311745
v 0.499535 -0.030000 0.299053
v 0.503681 -0.030000 0.284783
v 0.510753 -0.030000 0.269894
v 0.511408 -0.030000 0.254158
v 0.508460 -0.030000 0.235268
v 0.511537 -0.030000 0.217676
v 0.513602 -0.030000 0.197606
v 0.513948 -0.030000 0.177224
v 0.512690 -0.030000 0.158223
v 0.513851 -0.030000 0.143726
v 0.508619 -0.030000 0.135166
v 0.499838 -0.030000 0.130658
v 0.483147 -0.030000 0.128370
v 0.455500 -0.030000 0.133593
v 0.439032 -0.030000 0.134683
v 0.424451 -0.030000 0.132256
v 0.405254 -0.030000 0.130558
v 0.396107 -0.030000 0.126922
v 0.384028 -0.030000 0.130266
v 0.372770 -0.030000 0.126771
v 0.370411 -0.030000 0.116748
v 0.383392 -0.030000 0.107830
v 0.415484 -0.030000 0.105706
v 0.439187 -0.030000 0.104985
v 0.471702 -0.030000 0.102833
v 0.487102 -0.030000 0.098420
v 0.503681 -0.030000 0.099019
v 0.510356 -0.030000 0.090942
v 0.510391 -0.030000 0.078641
v 0.519826 -0.030000 0.067413
v 0.529035 -0.030000 0.059170
v 0.529913 -0.030000 0.046812
v 0.527330 -0.030000 0.033411
v 0.523516 -0.030000 0.001431
v 0.518827 -0.030000 -0.024554
v 0.516277 -0.030000 -0.050256
v 0.514320 -0.030000 -0.079815
v 0.511351 -0.030000 -0.111851
v 0.505144 -0.030000 -0.141552
v 0.501721 -0.030000 -0.167621
v 0.493031 -0.030000 -0.183587
v 0.486702 -0.030000 -0.195891
v 0.485668 -0.030000 -0.211514
v 0.490347 -0.030000 -0.224124
v 0.492377 -0.030000 -0.231892
v 0.497081 -0.030000 -0.237718
v 0.502881 -0.030000 -0.239798
v 0.509467 -0.030000 -0.236417
v 0.523818 -0.030000 -0.224643
v 0.533384 -0.030000 -0.214673
v 0.541175 -0.030000 -0.199497
v 0.543898 -0.030000 -0.183985
v 0.540347 -0.030000 -0.173572
v 0.534233 -0.030000 -0.163412
v 0.538696 -0.030000 -0.134443
v 0.545742 -0.030000 -0.092074
v 0.548683 -0.030000 -0.060459
v 0.552385 -0.030000 -0.030169
v 0.556232 -0.030000 -0.010490
v 0.564132 -0.030000 0.012738
v 0.565669 -0.030000 0.035962
v 0.571038 -0.030000 0.052996
v 0.574657 -0.030000 0.082020
v 0.584481 -0.030000 0.140746
v 0.583541 -0.030000 0.164983
v 0.592296 -0.030000 0.226749
v 0.593805 -0.030000 0.249551
v 0.593008 -0.030000 0.269538
v 0.588634 -0.030000 0.293154
v 0.592090 -0.030000 0.306921
v 0.586648 -0.030000 0.327215
v 0.583285 -0.030000 0.353309
v 0.575340 -0.030000 0.367830
v 0.560981 -0.030000 0.375143
v 0.543668 -0.030000 0.376289
v 0.536346 -0.030000 0.381015
v 0.527534 -0.030000 0.382446
v 0.522915 -0.030000 0.389538
v 0.511201 -0.030000 0.398372
v 0.499036 -0.030000 0.406811
v 0.482645 -0.030000 0.421893
v 0.475348 -0.030000 0.433403
v 0.464056 -0.030000 0.442208
v 0.452146 -0.030000 0.448086
v 0.438211 -0.030000 0.449008
v 0.420563 -0.030000 0.445087
v 0.408997 -0.030000 0.436947
v 0.370434 -0.030000 0.431017
v 0.364497 -0.030000 0.424624
v 0.351689 -0.030000 0.423352
v 0.347497 -0.030000 0.417692
v 0.338493 -0.030000 0.409806
v 0.328585 -0.030000 0.407493
v 0.322114 -0.030000 0.399439
v 0.315807 -0.027071 0.402877
v 0.313194 -0.020000 0.404301
v 0.313194 0.020000 0.404301
v 0.315807 0.027071 0.402877
v 0.322114 0.030000 0.399439
v 0.318938 -0.030000 0.389894
v 0.311658 -0.027071 0.390414
v 0.308643 -0.020000 0.390629
v 0.308643 0.020000 0.390629
v 0.311658 0.027071 0.390414
v 0.318938 0.030000 0.389894
v 0.320800 -0.030000 0.379593
v 0.314173 -0.027071 0.376508
v 0.311428 -0.020000 0.375230
v 0.311428 0.020000 0.375230
v 0.314173 0.027071 0.376508
v 0.320800 0.030000 0.379593
v 0.327870 -0.030000 0.371066
v 0.322992 -0.027071 0.365871
v 0.320971 -0.020000 0.363720
v 0.320971 0.020000 0.363720
v 0.322992 0.027071 0.365871
v 0.327870 0.030000 0.371066
v 0.335557 -0.030000 0.365468
v 0.332795 -0.027071 0.358733
v 0.331650 -0.020000 0.355943
v 0.331650 0.020000 0.355943
v 0.332795 0.027071 0.358733
v 0.335557 0.030000 0.365468
v 0.345636 -0.030000 0.363952
v 0.345288 -0.027071 0.356854
v 0.345143 -0.020000 0.353914
v 0.345143 0.020000 0.353914
v 0.345288 0.027071 0.356854
v 0.345636 0.030000 0.363952
v 0.374574 -0.030000 0.365429
v 0.375533 -0.027071 0.358398
v 0.375929 -0.020000 0.355485
v 0.375929 0.020000 0.355485
v 0.375533 0.027071 0.358398
v 0.374574 0.030000 0.365429
v 0.396529 -0.030000 0.370338
v 0.397078 -0.027071 0.363215
v 0.397306 -0.020000 0.360265
v 0.397306 0.020000 0.360265
v 0.397078 0.027071 0.363215
v 0.396529 0.030000 0.370338
v 0.414687 -0.030000 0.369136
v 0.413150 -0.027071 0.362151
v 0.412513 -0.020000 0.359258
v 0.412513 0.020000 0.359258
v 0.413150 0.027071 0.362151
v 0.414687 0.030000 0.369136
v 0.426681 -0.030000 0.364524
v 0.423562 -0.027071 0.358147
v 0.422271 -0.020000 0.355506
v 0.422271 0.020000 0.355506
v 0.423562 0.027071 0.358147
v 0.426681 0.030000 0.364524
v 0.439323 -0.030000 0.356901
v 0.435963 -0.027071 0.350671
v 0.434572 -0.020000 0.348090
v 0.434572 0.020000 0.348090
v 0.435963 0.027071 0.350671
v 0.439323 0.030000 0.356901
v 0.451656 -0.030000 0.350996
v 0.446814 -0.027071 0.345475
v 0.444808 -0.020000 0.343187
v 0.444808 0.020000 0.343187
v 0.446814 0.027071 0.345475
v 0.451656 0.030000 0.350996
v 0.455121 -0.030000 0.345676
v 0.450191 -0.027071 0.340290
v 0.448149 -0.020000 0.338059
v 0.448149 0.020000 0.338059
v 0.450191 0.027071 0.340290
v 0.455121 0.030000 0.345676
v 0.463315 -0.030000 0.341318
v 0.459272 -0.027071 0.335459
v 0.457598 -0.020000 0.333031
v 0.457598 0.020000 0.333031
v 0.459272 0.027071 0.335459
v 0.463315 0.030000 0.341318
v 0.483760 -0.030000 0.323423
v 0.478698 -0.027071 0.318458
v 0.476600 -0.020000 0.316401
v 0.476600 0.020000 0.316401
v 0.478698 0.027071 0.318458
v 0.483760 0.030000 0.323423
v 0.493590 -0.030000 0.311745
v 0.487581 -0.027071 0.307904
v 0.485092 -0.020000 0.306313
v 0.485092 0.020000 0.306313
v 0.487581 0.027071 0.307904
v 0.493590 0.030000 0.311745
v 0.499535 -0.030000 0.299053
v 0.492899 -0.027071 0.296552
v 0.490149 -0.020000 0.295516
v 0.490149 0.020000 0.295516
v 0.492899 0.027071 0.296552
v 0.499535 0.030000 0.299053
v 0.503681 -0.030000 0.284783
v 0.497049 -0.027071 0.282263
v 0.494302 -0.020000 0.281219
v 0.494302 0.020000 0.281219
v 0.497049 0.027071 0.282263
v 0.503681 0.030000 0.284783
v 0.510753 -0.030000 0.269894
v 0.503748 -0.027071 0.268161
v 0.500846 -0.020000 0.267443
v 0.500846 0.020000 0.267443
v 0.503748 0.027071 0.268161
v 0.510753 0.030000 0.269894
v 0.511408 -0.030000 0.254158
v 0.504314 -0.027071 0.254560
v 0.501375 -0.020000 0.254726
v 0.501375 0.020000 0.254726
v 0.504314 0.027071 0.254560
v 0.511408 0.030000 0.254158
v 0.508460 -0.030000 0.235268
v 0.501293 -0.027071 0.235202
v 0.498325 -0.020000 0.235175
v 0.498325 0.020000 0.235175
v 0.501293 0.027071 0.235202
v 0.508460 0.030000 0.235268
v 0.511537 -0.030000 0.217676
v 0.504528 -0.027071 0.216704
v 0.501625 -0.020000 0.216301
v 0.501625 0.020000 0.216301
v 0.504528 0.027071 0.216704
v 0.511537 0.030000 0.217676
v 0.513602 -0.030000 0.197606
v 0.506536 -0.027071 0.197183
v 0.503610 -0.020000 0.197008
v 0.503610 0.020000 0.197008
v 0.506536 0.027071 0.197183
v 0.513602 0.030000 0.197606
v 0.513948 -0.030000 0.177224
v 0.506873 -0.027071 0.177398
v 0.503942 -0.020000 0.177470
v 0.503942 0.020000 0.177470
v 0.506873 0.027071 0.177398
v 0.513948 0.030000 0.177224
v 0.512690 -0.030000 0.158223
v 0.505600 -0.027071 0.158174
v 0.502664 -0.020000 0.158153
v 0.502664 0.020000 0.158153
v 0.505600 0.027071 0.158174
v 0.512690 0.030000 0.158223
v 0.513851 -0.030000 0.143726
v 0.506619 -0.027071 0.145452
v 0.503624 -0.020000 0.146168
v 0.503624 0.020000 0.146168
v 0.506619 0.027071 0.145452
v 0.513851 0.030000 0.143726
v 0.508619 -0.030000 0.135166
v 0.503622 -0.027071 0.140548
v 0.501553 -0.020000 0.142779
v 0.501553 0.020000 0.142779
v 0.503622 0.027071 0.140548
v 0.508619 0.030000 0.135166
v 0.499838 -0.030000 0.130658
v 0.497682 -0.027071 0.137499
v 0.496790 -0.020000 0.140333
v 0.496790 0.020000 0.140333
v 0.497682 0.027071 0.137499
v 0.499838 0.030000 0.130658
v 0.483147 -0.030000 0.128370
v 0.483327 -0.027071 0.135532
v 0.483402 -0.020000 0.138499
v 0.483402 0.020000 0.138499
v 0.483327 0.027071 0.135532
v 0.483147 0.030000 0.128370
v 0.455500 -0.030000 0.133593
v 0.456393 -0.027071 0.140620
v 0.456763 -0.020000 0.143531
v 0.456763 0.020000 0.143531
v 0.456393 0.027071 0.140620
v 0.455500 0.030000 0.133593
v 0.439032 -0.030000 0.134683
v 0.438680 -0.027071 0.141793
v 0.438534 -0.020000 0.144738
v 0.438534 0.020000 0.144738
v 0.438680 0.027071 0.141793
v 0.439032 0.030000 0.134683
v 0.424451 -0.030000 0.132256
v 0.423558 -0.027071 0.139276
v 0.423188 -0.020000 0.142183
v 0.423188 0.020000 0.142183
v 0.423558 0.027071 0.139276
v 0.424451 0.030000 0.132256
v 0.405254 -0.030000 0.130558
v 0.403602 -0.027071 0.137510
v 0.402917 -0.020000 0.140391
v 0.402917 0.020000 0.140391
v 0.403602 0.027071 0.137510
v 0.405254 0.030000 0.130558
v 0.396107 -0.030000 0.126922
v 0.395703 -0.027071 0.134371
v 0.395536 -0.020000 0.137457
v 0.395536 0.020000 0.137457
v 0.395703 0.027071 0.134371
v 0.396107 0.030000 0.126922
v 0.384028 -0.030000 0.130266
v 0.383915 -0.027071 0.137635
v 0.383867 -0.020000 0.140688
v 0.383867 0.020000 0.140688
v 0.383915 0.027071 0.137635
v 0.384028 0.030000 0.130266
v 0.372770 -0.030000 0.126771
v 0.366814 -0.027071 0.132325
v 0.364346 -0.020000 0.134626
v 0.364346 0.020000 0.134626
v 0.366814 0.027071 0.132325
v 0.372770 0.030000 0.126771
v 0.370411 -0.030000 0.116748
v 0.362418 -0.027071 0.113659
v 0.359108 -0.020000 0.112380
v 0.359108 0.020000 0.112380
v 0.362418 0.027071 0.113659
v 0.370411 0.030000 0.116748
v 0.383392 -0.030000 0.107830
v 0.380988 -0.027071 0.100903
v 0.379992 -0.020000 0.098033
v 0.379992 0.020000 0.098033
v 0.380988 0.027071 0.100903
v 0.383392 0.030000 0.107830
v 0.415484 -0.030000 0.105706
v 0.415142 -0.027071 0.098642
v 0.415002 -0.020000 0.095716
v 0.415002 0.020000 0.095716
v 0.415142 0.027071 0.098642
v 0.415484 0.030000 0.105706
v 0.439187 -0.030000 0.104985
v 0.438845 -0.027071 0.097921
v 0.438704 -0.020000 0.094995
v 0.438704 0.020000 0.094995
v 0.438845 0.027071 0.097921
v 0.439187 0.030000 0.104985
v 0.471702 -0.030000 0.102833
v 0.470480 -0.027071 0.095827
v 0.469974 -0.020000 0.092925
v 0.469974 0.020000 0.092925
v 0.470480 0.027071 0.095827
v 0.471702 0.030000 0.102833
v 0.487102 -0.030000 0.098420
v 0.486233 -0.027071 0.091313
v 0.485874 -0.020000 0.088369
v 0.485874 0.020000 0.088369
v 0.486233 0.027071 0.091313
v 0.487102 0.030000 0.098420
v 0.503681 -0.030000 0.099019
v 0.500452 -0.027071 0.091826
v 0.499115 -0.020000 0.088847
v 0.499115 0.020000 0.088847
v 0.500452 0.027071 0.091826
v 0.503681 0.030000 0.099019
v 0.510356 -0.030000 0.090942
v 0.503293 -0.027071 0.088390
v 0.500366 -0.020000 0.087333
v 0.500366 0.020000 0.087333
v 0.503293 0.027071 0.088390
v 0.510356 0.030000 0.090942
v 0.510391 -0.030000 0.078641
v 0.503327 -0.027071 0.076056
v 0.500401 -0.020000 0.074985
v 0.500401 0.020000 0.074985
v 0.503327 0.027071 0.076056
v 0.510391 0.030000 0.078641
v 0.519826 -0.030000 0.067413
v 0.514736 -0.027071 0.062480
v 0.512627 -0.020000 0.060437
v 0.512627 0.020000 0.060437
v 0.514736 0.027071 0.062480
v 0.519826 0.030000 0.067413
v 0.529035 -0.030000 0.059170
v 0.522185 -0.027071 0.055811
v 0.519348 -0.020000 0.054421
v 0.519348 0.020000 0.054421
v 0.522185 0.027071 0.055811
v 0.529035 0.030000 0.059170
v 0.529913 -0.030000 0.046812
v 0.522795 -0.027071 0.047238
v 0.519846 -0.020000 0.047414
v 0.519846 0.020000 0.047414
v 0.522795 0.027071 0.047238
v 0.529913 0.030000 0.046812
v 0.527330 -0.030000 0.033411
v 0.520339 -0.027071 0.034501
v 0.517442 -0.020000 0.034952
v 0.517442 0.020000 0.034952
v 0.520339 0.027071 0.034501
v 0.527330 0.030000 0.033411
v 0.523516 -0.030000 0.001431
v 0.516520 -0.027071 0.002479
v 0.513622 -0.020000 0.002912
v 0.513622 0.020000 0.002912
v 0.516520 0.027071 0.002479
v 0.523516 0.030000 0.001431
v 0.518827 -0.030000 -0.024554
v 0.511819 -0.027071 -0.023575
v 0.508915 -0.020000 -0.023170
v 0.508915 0.020000 -0.023170
v 0.511819 0.027071 -0.023575
v 0.518827 0.030000 -0.024554
v 0.516277 -0.030000 -0.050256
v 0.509229 -0.027071 -0.049673
v 0.506310 -0.020000 -0.049432
v 0.506310 0.020000 -0.049432
v 0.509229 0.027071 -0.049673
v 0.516277 0.030000 -0.050256
v 0.514320 -0.030000 -0.079815
v 0.507271 -0.027071 -0.079255
v 0.504351 -0.020000 -0.079023
v 0.504351 0.020000 -0.079023
v 0.507271 0.027071 -0.079255
v 0.514320 0.030000 -0.079815
v 0.511351 -0.030000 -0.111851
v 0.504348 -0.027071 -0.110798
v 0.501446 -0.020000 -0.110362
v 0.501446 0.020000 -0.110362
v 0.504348 0.027071 -0.110798
v 0.511351 0.030000 -0.111851
v 0.505144 -0.030000 -0.141552
v 0.498168 -0.027071 -0.140368
v 0.495278 -0.020000 -0.139877
v 0.495278 0.020000 -0.139877
v 0.498168 0.027071 -0.140368
v 0.505144 0.030000 -0.141552
v 0.501721 -0.030000 -0.167621
v 0.494881 -0.027071 -0.165396
v 0.492049 -0.020000 -0.164474
v 0.492049 0.020000 -0.164474
v 0.494881 0.027071 -0.165396
v 0.501721 0.030000 -0.167621
v 0.493031 -0.030000 -0.183587
v 0.486781 -0.027071 -0.180279
v 0.484191 -0.020000 -0.178909
v 0.484191 0.020000 -0.178909
v 0.486781 0.027071 -0.180279
v 0.493031 0.030000 -0.183587
v 0.486702 -0.030000 -0.195891
v 0.479743 -0.027071 -0.193961
v 0.476861 -0.020000 -0.193162
v 0.476861 0.020000 -0.193162
v 0.479743 0.027071 -0.193961
v 0.486702 0.030000 -0.195891
v 0.485668 -0.030000 -0.211514
v 0.478512 -0.027071 -0.212557
v 0.475548 -0.020000 -0.212988
v 0.475548 0.020000 -0.212988
v 0.478512 0.027071 -0.212557
v 0.485668 0.030000 -0.211514
v 0.490347 -0.030000 -0.224124
v 0.483595 -0.027071 -0.226254
v 0.480798 -0.020000 -0.227135
v 0.480798 0.020000 -0.227135
v 0.483595 0.027071 -0.226254
v 0.490347 0.030000 -0.224124
v 0.492377 -0.030000 -0.231892
v 0.485921 -0.027071 -0.235152
v 0.483246 -0.020000 -0.236502
v 0.483246 0.020000 -0.236502
v 0.485921 0.027071 -0.235152
v 0.492377 0.030000 -0.231892
v 0.497081 -0.030000 -0.237718
v 0.492826 -0.027071 -0.243704
v 0.491063 -0.020000 -0.246183
v 0.491063 0.020000 -0.246183
v 0.492826 0.027071 -0.243704
v 0.497081 0.030000 -0.237718
v 0.502881 -0.030000 -0.239798
v 0.503381 -0.027071 -0.247489
v 0.503588 -0.020000 -0.250676
v 0.503588 0.020000 -0.250676
v 0.503381 0.027071 -0.247489
v 0.502881 0.030000 -0.239798
v 0.509467 -0.030000 -0.236417
v 0.513367 -0.027071 -0.242363
v 0.514983 -0.020000 -0.244825
v 0.514983 0.020000 -0.244825
v 0.513367 0.027071 -0.242363
v 0.509467 0.030000 -0.236417
v 0.523818 -0.030000 -0.224643
v 0.528628 -0.027071 -0.229843
v 0.530621 -0.020000 -0.231997
v 0.530621 0.020000 -0.231997
v 0.528628 0.027071 -0.229843
v 0.523818 0.030000 -0.224643
v 0.533384 -0.030000 -0.214673
v 0.539202 -0.027071 -0.218823
v 0.541613 -0.020000 -0.220542
v 0.541613 0.020000 -0.220542
v 0.539202 0.027071 -0.218823
v 0.533384 0.030000 -0.214673
v 0.541175 -0.030000 -0.199497
v 0.547954 -0.027071 -0.201774
v 0.550762 -0.020000 -0.202717
v 0.550762 0.020000 -0.202717
v 0.547954 0.027071 -0.201774
v 0.541175 0.030000 -0.199497
v 0.543898 -0.030000 -0.183985
v 0.551177 -0.027071 -0.183421
v 0.554192 -0.020000 -0.183186
v 0.554192 0.020000 -0.183186
v 0.551177 0.027071 -0.183421
v 0.543898 0.030000 -0.183985
v 0.540347 -0.030000 -0.173572
v 0.546795 -0.027071 -0.170573
v 0.549466 -0.020000 -0.169332
v 0.549466 0.020000 -0.169332
v 0.546795 0.027071 -0.170573
v 0.540347 0.030000 -0.173572
v 0.534233 -0.030000 -0.163412
v 0.541611 -0.027071 -0.161959
v 0.544668 -0.020000 -0.161357
v 0.544668 0.020000 -0.161357
v 0.541611 0.027071 -0.161959
v 0.534233 0.030000 -0.163412
v 0.538696 -0.030000 -0.134443
v 0.545678 -0.027071 -0.135562
v 0.548570 -0.020000 -0.136025
v 0.548570 0.020000 -0.136025
v 0.545678 0.027071 -0.135562
v 0.538696 0.030000 -0.134443
v 0.545742 -0.030000 -0.092074
v 0.552758 -0.027071 -0.092982
v 0.555666 -0.020000 -0.093359
v 0.555666 0.020000 -0.093359
v 0.552758 0.027071 -0.092982
v 0.545742 0.030000 -0.092074
v 0.548683 -0.030000 -0.060459
v 0.555714 -0.027071 -0.061216
v 0.558627 -0.020000 -0.061529
v 0.558627 0.020000 -0.061529
v 0.555714 0.027071 -0.061216
v 0.548683 0.030000 -0.060459
v 0.552385 -0.030000 -0.030169
v 0.559373 -0.027071 -0.031277
v 0.562268 -0.020000 -0.031736
v 0.562268 0.020000 -0.031736
v 0.559373 0.027071 -0.031277
v 0.552385 0.030000 -0.030169
v 0.556232 -0.030000 -0.010490
v 0.563081 -0.027071 -0.012314
v 0.565917 -0.020000 -0.013070
v 0.565917 0.020000 -0.013070
v 0.563081 0.027071 -0.012314
v 0.556232 0.030000 -0.010490
v 0.564132 -0.030000 0.012738
v 0.571126 -0.027071 0.011342
v 0.574023 -0.020000 0.010764
v 0.574023 0.020000 0.010764
v 0.571126 0.027071 0.011342
v 0.564132 0.030000 0.012738
v 0.565669 -0.030000 0.035962
v 0.572669 -0.027071 0.034648
v 0.575568 -0.020000 0.034102
v 0.575568 0.020000 0.034102
v 0.572669 0.027071 0.034648
v 0.565669 0.030000 0.035962
v 0.571038 -0.030000 0.052996
v 0.577976 -0.027071 0.051483
v 0.580849 -0.020000 0.050857
v 0.580849 0.020000 0.050857
v 0.577976 0.027071 0.051483
v 0.571038 0.030000 0.052996
v 0.574657 -0.030000 0.082020
v 0.581654 -0.027071 0.081000
v 0.584554 -0.020000 0.080576
v 0.584554 0.020000 0.080576
v 0.581654 0.027071 0.081000
v 0.574657 0.030000 0.082020
v 0.584481 -0.030000 0.140746
v 0.591575 -0.027071 0.140296
v 0.594514 -0.020000 0.140108
v 0.594514 0.020000 0.140108
v 0.591575 0.027071 0.140296
v 0.584481 0.030000 0.140746
v 0.583541 -0.030000 0.164983
v 0.590632 -0.027071 0.164621
v 0.593569 -0.020000 0.164472
v 0.593569 0.020000 0.164472
v 0.590632 0.027071 0.164621
v 0.583541 0.030000 0.164983
v 0.592296 -0.030000 0.226749
v 0.599334 -0.027071 0.226019
v 0.602249 -0.020000 0.225715
v 0.602249 0.020000 0.225715
v 0.599334 0.027071 0.226019
v 0.592296 0.030000 0.226749
v 0.593805 -0.030000 0.249551
v 0.600886 -0.027071 0.249458
v 0.603818 -0.020000 0.249420
v 0.603818 0.020000 0.249420
v 0.600886 0.027071 0.249458
v 0.593805 0.030000 0.249551
v 0.593008 -0.030000 0.269538
v 0.600053 -0.027071 0.270327
v 0.602971 -0.020000 0.270654
v 0.602971 0.020000 0.270654
v 0.600053 0.027071 0.270327
v 0.593008 0.030000 0.269538
v 0.588634 -0.030000 0.293154
v 0.595867 -0.027071 0.292927
v 0.598863 -0.020000 0.292833
v 0.598863 0.020000 0.292833
v 0.595867 0.027071 0.292927
v 0.588634 0.030000 0.293154
v 0.592090 -0.030000 0.306921
v 0.599395 -0.027071 0.306979
v 0.602421 -0.020000 0.307004
v 0.602421 0.020000 0.307004
v 0.599395 0.027071 0.306979
v 0.592090 0.030000 0.306921
v 0.586648 -0.030000 0.327215
v 0.593600 -0.027071 0.328588
v 0.596480 -0.020000 0.329157
v 0.596480 0.020000 0.329157
v 0.593600 0.027071 0.328588
v 0.586648 0.030000 0.327215
v 0.583285 -0.030000 0.353309
v 0.590128 -0.027071 0.355534
v 0.592963 -0.020000 0.356455
v 0.592963 0.020000 0.356455
v 0.590128 0.027071 0.355534
v 0.583285 0.030000 0.353309
v 0.575340 -0.030000 0.367830
v 0.580495 -0.027071 0.373140
v 0.582631 -0.020000 0.375340
v 0.582631 0.020000 0.375340
v 0.580495 0.027071 0.373140
v 0.575340 0.030000 0.367830
v 0.560981 -0.030000 0.375143
v 0.562896 -0.027071 0.382103
v 0.563689 -0.020000 0.384985
v 0.563689 0.020000 0.384985
v 0.562896 0.027071 0.382103
v 0.560981 0.030000 0.375143
v 0.543668 -0.030000 0.376289
v 0.545963 -0.027071 0.383224
v 0.546914 -0.020000 0.386096
v 0.546914 0.020000 0.386096
v 0.545963 0.027071 0.383224
v 0.543668 0.030000 0.376289
v 0.536346 -0.030000 0.381015
v 0.538939 -0.027071 0.387757
v 0.540013 -0.020000 0.390551
v 0.540013 0.020000 0.390551
v 0.538939 0.027071 0.387757
v 0.536346 0.030000 0.381015
v 0.527534 -0.030000 0.382446
v 0.531754 -0.027071 0.388925
v 0.533501 -0.020000 0.391608
v 0.533501 0.020000 0.391608
v 0.531754 0.027071 0.388925
v 0.527534 0.030000 0.382446
v 0.522915 -0.030000 0.389538
v 0.528163 -0.027071 0.394437
v 0.530337 -0.020000 0.396467
v 0.530337 0.020000 0.396467
v 0.528163 0.027071 0.394437
v 0.522915 0.030000 0.389538
v 0.511201 -0.030000 0.398372
v 0.515346 -0.027071 0.404102
v 0.517063 -0.020000 0.406475
v 0.517063 0.020000 0.406475
v 0.515346 0.027071 0.404102
v 0.511201 0.030000 0.398372
v 0.499036 -0.030000 0.406811
v 0.503466 -0.027071 0.412344
v 0.505300 -0.020000 0.414636
v 0.505300 0.020000 0.414636
v 0.503466 0.027071 0.412345
v 0.499036 0.030000 0.406811
v 0.482645 -0.030000 0.421893
v 0.488118 -0.027071 0.426465
v 0.490386 -0.020000 0.428359
v 0.490386 0.020000 0.428359
v 0.488118 0.027071 0.426465
v 0.482645 0.030000 0.421893
v 0.475348 -0.030000 0.433403
v 0.480665 -0.027071 0.438224
v 0.482866 -0.020000 0.440221
v 0.482866 0.020000 0.440221
v 0.480665 0.027071 0.438224
v 0.475348 0.030000 0.433403
v 0.464056 -0.030000 0.442208
v 0.467834 -0.027071 0.448229
v 0.469400 -0.020000 0.450723
v 0.469400 0.020000 0.450723
v 0.467834 0.027071 0.448229
v 0.464056 0.030000 0.442208
v 0.452146 -0.030000 0.448086
v 0.454016 -0.027071 0.455049
v 0.454790 -0.020000 0.457933
v 0.454790 0.020000 0.457933
v 0.454016 0.027071 0.455049
v 0.452146 0.030000 0.448086
v 0.438211 -0.030000 0.449008
v 0.437668 -0.027071 0.456132
v 0.437442 -0.020000 0.459081
v 0.437442 0.020000 0.459081
v 0.437668 0.027071 0.456132
v 0.438211 0.030000 0.449008
v 0.420563 -0.030000 0.445087
v 0.417649 -0.027071 0.451683
v 0.416442 -0.020000 0.454416
v 0.416442 0.020000 0.454416
v 0.417649 0.027071 0.451683
v 0.420563 0.030000 0.445087
v 0.408997 -0.030000 0.436947
v 0.406284 -0.027071 0.443684
v 0.405160 -0.020000 0.446474
v 0.405160 0.020000 0.446474
v 0.406284 0.027071 0.443684
v 0.408997 0.030000 0.436947
v 0.370434 -0.030000 0.431017
v 0.366927 -0.027071 0.437632
v 0.365475 -0.020000 0.440372
v 0.365475 0.020000 0.440372
v 0.366927 0.027071 0.437632
v 0.370434 0.030000 0.431017
v 0.364497 -0.030000 0.424624
v 0.361136 -0.027071 0.431396
v 0.359744 -0.020000 0.434201
v 0.359744 0.020000 0.434201
v 0.361136 0.027071 0.431396
v 0.364497 0.030000 0.424624
v 0.351689 -0.030000 0.423352
v 0.347872 -0.027071 0.430078
v 0.346291 -0.020000 0.432865
v 0.346291 0.020000 0.432865
v 0.347872 0.027071 0.430078
v 0.351689 0.030000 0.423352
v 0.347497 -0.030000 0.417692
v 0.342267 -0.027071 0.422510
v 0.340101 -0.020000 0.424507
v 0.340101 0.020000 0.424507
v 0.342267 0.027071 0.422510
v 0.347497 0.030000 0.417692
v 0.338493 -0.030000 0.409806
v 0.335164 -0.027071 0.416290
v 0.333785 -0.020000 0.418976
v 0.333785 0.020000 0.418976
v 0.335164 0.027071 0.416290
v 0.338493 0.030000 0.409806
v 0.328585 -0.030000 0.407493
v 0.324602 -0.027071 0.413824
v 0.322951 -0.020000 0.416446
v 0.322951 0.020000 0.416446
v 0.324602 0.027071 0.413824
v 0.328585 0.030000 0.407493
v 0.287480 -0.030000 0.299096
v 0.285825 -0.027071 0.307873
v 0.285140 -0.020000 0.311509
v 0.285140 0.020000 0.311509
v 0.285825 0.027071 0.307873
v 0.287480 0.030000 0.299096
v 0.281065 -0.030000 0.291886
v 0.270574 -0.027071 0.290733
v 0.266229 -0.020000 0.290255
v 0.266229 0.020000 0.290255
v 0.270574 0.027071 0.290733
v 0.281065 0.030000 0.291886
v 0.287541 -0.030000 0.287216
v 0.285796 -0.027071 0.279757
v 0.285073 -0.020000 0.276668
v 0.285073 0.020000 0.276668
v 0.285796 0.027071 0.279757
v 0.287541 0.030000 0.287216
v 0.294831 -0.030000 0.288430
v 0.303252 -0.027071 0.282663
v 0.306740 -0.020000 0.280274
v 0.306740 0.020000 0.280274
v 0.303252 0.027071 0.282663
v 0.294831 0.030000 0.288430
v 0.293224 -0.030000 0.296170
v 0.299456 -0.027071 0.300932
v 0.302038 -0.020000 0.302903
v 0.302038 0.020000 0.302903
v 0.299456 0.027071 0.300932
v 0.293224 0.030000 0.296170
v 0.242474 -0.030000 0.285534
v 0.238928 -0.027071 0.292455
v 0.237459 -0.020000 0.295321
v 0.237459 0.020000 0.295321
v 0.238928 0.027071 0.292455
v 0.242474 0.030000 0.285534
v 0.237382 -0.030000 0.279086
v 0.229856 -0.027071 0.280965
v 0.226739 -0.020000 0.281743
v 0.226739 0.020000 0.281743
v 0.229856 0.027071 0.280965
v 0.237382 0.030000 0.279086
v 0.238624 -0.030000 0.272218
v 0.231976 -0.027071 0.269238
v 0.229223 -0.020000 0.268004
v 0.229223 0.020000 0.268004
v 0.231976 0.027071 0.269238
v 0.238624 0.030000 0.272218
v 0.245271 -0.030000 0.263719
v 0.239441 -0.027071 0.259695
v 0.237027 -0.020000 0.258028
v 0.237027 0.020000 0.258028
v 0.239441 0.027071 0.259695
v 0.245271 0.030000 0.263719
v 0.250624 -0.030000 0.254883
v 0.243421 -0.027071 0.253126
v 0.240437 -0.020000 0.252397
v 0.240437 0.020000 0.252397
v 0.243421 0.027071 0.253126
v 0.250624 0.030000 0.254883
v 0.250093 -0.030000 0.246859
v 0.243158 -0.027071 0.249155
v 0.240286 -0.020000 0.250105
v 0.240286 0.020000 0.250105
v 0.243158 0.027071 0.249155
v 0.250093 0.030000 0.246859
v 0.245367 -0.030000 0.239538
v 0.239643 -0.027071 0.243710
v 0.237272 -0.020000 0.245437
v 0.237272 0.020000 0.245437
v 0.239643 0.027071 0.243710
v 0.245367 0.030000 0.239538
v 0.240753 -0.030000 0.233906
v 0.233847 -0.027071 0.236634
v 0.230986 -0.020000 0.237764
v 0.230986 0.020000 0.237764
v 0.233847 0.027071 0.236634
v 0.240753 0.030000 0.233906
v 0.239942 -0.030000 0.221660
v 0.232796 -0.027071 0.220768
v 0.229836 -0.020000 0.220399
v 0.229836 0.020000 0.220399
v 0.232796 0.027071 0.220768
v 0.239942 0.030000 0.221660
v 0.243466 -0.030000 0.210824
v 0.237064 -0.027071 0.207640
v 0.234414 -0.020000 0.206323
v 0.234414 0.020000 0.206323
v 0.237064 0.027071 0.207640
v 0.243466 0.030000 0.210824
v 0.249663 -0.030000 0.201932
v 0.244299 -0.027071 0.197261
v 0.242077 -0.020000 0.195326
v 0.242077 0.020000 0.195326
v 0.244299 0.027071 0.197261
v 0.249663 0.030000 0.201932
v 0.258055 -0.030000 0.194165
v 0.254869 -0.027071 0.187480
v 0.253549 -0.020000 0.184711
v 0.253549 0.020000 0.184711
v 0.254869 0.027071 0.187480
v 0.258055 0.030000 0.194165
v 0.268978 -0.030000 0.192594
v 0.268482 -0.027071 0.185522
v 0.268276 -0.020000 0.182593
v 0.268276 0.020000 0.182593
v 0.268482 0.027071 0.185522
v 0.268978 0.030000 0.192594
v 0.281279 -0.030000 0.192628
v 0.283125 -0.027071 0.185563
v 0.283890 -0.020000 0.182636
v 0.283890 0.020000 0.182636
v 0.283125 0.027071 0.185563
v 0.281279 0.030000 0.192628
v 0.288765 -0.030000 0.196798
v 0.292319 -0.027071 0.190683
v 0.293791 -0.020000 0.188151
v 0.293791 0.020000 0.188151
v 0.292319 0.027071 0.190683
v 0.288765 0.030000 0.196798
v 0.297602 -0.030000 0.202150
v 0.302030 -0.027071 0.196566
v 0.303864 -0.020000 0.194253
v 0.303864 0.020000 0.194253
v 0.302030 0.027071 0.196566
v 0.297602 0.030000 0.202150
v 0.305790 -0.030000 0.210515
v 0.310895 -0.027071 0.205622
v 0.313009 -0.020000 0.203595
v 0.313009 0.020000 0.203595
v 0.310895 0.027071 0.205622
v 0.305790 0.030000 0.210515
v 0.316285 -0.030000 0.221696
v 0.322254 -0.027071 0.217722
v 0.324726 -0.020000 0.216077
v 0.324726 0.020000 0.216077
v 0.322254 0.027071 0.217722
v 0.316285 0.030000 0.221696
v 0.321263 -0.030000 0.232817
v 0.327944 -0.027071 0.230437
v 0.330712 -0.020000 0.229452
v 0.330712 0.020000 0.229452
v 0.327944 0.027071 0.230437
v 0.321263 0.030000 0.232817
v 0.323511 -0.030000 0.241151
v 0.330716 -0.027071 0.240710
v 0.333700 -0.020000 0.240528
v 0.333700 0.020000 0.240528
v 0.330716 0.027071 0.240710
v 0.323511 0.030000 0.241151
v 0.322353 -0.030000 0.249285
v 0.329244 -0.027071 0.251052
v 0.332098 -0.020000 0.251784
v 0.332098 0.020000 0.251784
v 0.329244 0.027071 0.251052
v 0.322353 0.030000 0.249285
v 0.318745 -0.030000 0.258855
v 0.325032 -0.027071 0.262222
v 0.327637 -0.020000 0.263617
v 0.327637 0.020000 0.263617
v 0.325032 0.027071 0.262222
v 0.318745 0.030000 0.258855
v 0.313308 -0.030000 0.266425
v 0.318264 -0.027071 0.271647
v 0.320316 -0.020000 0.273810
v 0.320316 0.020000 0.273810
v 0.318264 0.027071 0.271647
v 0.313308 0.030000 0.266425
v 0.301510 -0.030000 0.273992
v 0.304289 -0.027071 0.280610
v 0.305440 -0.020000 0.283351
v 0.305440 0.020000 0.283351
v 0.304289 0.027071 0.280610
v 0.301510 0.030000 0.273992
v 0.291065 -0.030000 0.276379
v 0.292465 -0.027071 0.283313
v 0.293045 -0.020000 0.286185
v 0.293045 0.020000 0.286185
v 0.292465 0.027071 0.283313
v 0.291065 0.030000 0.276379
v 0.275553 -0.030000 0.279103
v 0.277346 -0.027071 0.285968
v 0.278088 -0.020000 0.288811
v 0.278088 0.020000 0.288811
v 0.277346 0.027071 0.285968
v 0.275553 0.030000 0.279103
v 0.260631 -0.030000 0.284332
v 0.262330 -0.027071 0.291230
v 0.263034 -0.020000 0.294087
v 0.263034 0.020000 0.294087
v 0.262330 0.027071 0.291230
v 0.260631 0.030000 0.284332
v 0.250130 -0.030000 0.285875
v 0.250491 -0.027071 0.292970
v 0.250640 -0.020000 0.295908
v 0.250640 0.020000 0.295908
v 0.250491 0.027071 0.292970
v 0.250130 0.030000 0.285875
v 0.220685 -0.030000 0.103759
v 0.213835 -0.027071 0.107329
v 0.210998 -0.020000 0.108808
v 0.210998 0.020000 0.108809
v 0.213835 0.027071 0.107329
v 0.220685 0.030000 0.103759
v 0.220182 -0.030000 0.096157
v 0.212997 -0.027071 0.094671
v 0.210021 -0.020000 0.094054
v 0.210021 0.020000 0.094054
v 0.212997 0.027071 0.094671
v 0.220182 0.030000 0.096157
v 0.222436 -0.030000 0.091767
v 0.217053 -0.027071 0.086769
v 0.214823 -0.020000 0.084700
v 0.214823 0.020000 0.084700
v 0.217053 0.027071 0.086769
v 0.222436 0.030000 0.091767
v 0.230996 -0.030000 0.086535
v 0.226624 -0.027071 0.080920
v 0.224812 -0.020000 0.078595
v 0.224812 0.020000 0.078595
v 0.226624 0.027071 0.080920
v 0.230996 0.030000 0.086535
v 0.236572 -0.030000 0.081077
v 0.230015 -0.027071 0.077600
v 0.227299 -0.020000 0.076160
v 0.227299 0.020000 0.076160
v 0.230015 0.027071 0.077600
v 0.236572 0.030000 0.081077
v 0.238435 -0.030000 0.070774
v 0.231398 -0.027071 0.069949
v 0.228483 -0.020000 0.069608
v 0.228483 0.020000 0.069608
v 0.231398 0.027071 0.069949
v 0.238435 0.030000 0.070774
v 0.239201 -0.030000 0.056728
v 0.232179 -0.027071 0.055630
v 0.229271 -0.020000 0.055175
v 0.229271 0.020000 0.055175
v 0.232179 0.027071 0.055630
v 0.239201 0.030000 0.056728
v 0.242923 -0.030000 0.042486
v 0.235570 -0.027071 0.042660
v 0.232524 -0.020000 0.042731
v 0.232524 0.020000 0.042731
v 0.235570 0.027071 0.042660
v 0.242923 0.030000 0.042486
v 0.239157 -0.030000 0.030435
v 0.231761 -0.027071 0.030474
v 0.228697 -0.020000 0.030489
v 0.228697 0.020000 0.030489
v 0.231761 0.027071 0.030474
v 0.239157 0.030000 0.030435
v 0.242287 -0.030000 0.020050
v 0.235210 -0.027071 0.019026
v 0.232278 -0.020000 0.018603
v 0.232278 0.020000 0.018603
v 0.235210 0.027071 0.019026
v 0.242287 0.030000 0.020050
v 0.242209 -0.030000 0.006058
v 0.235136 -0.027071 0.005910
v 0.232208 -0.020000 0.005848
v 0.232208 0.020000 0.005848
v 0.235136 0.027071 0.005910
v 0.242209 0.030000 0.006058
v 0.242919 -0.030000 -0.008832
v 0.235837 -0.027071 -0.008767
v 0.232904 -0.020000 -0.008740
v 0.232904 0.020000 -0.008740
v 0.235837 0.027071 -0.008767
v 0.242919 0.030000 -0.008832
v 0.241941 -0.030000 -0.023612
v 0.234907 -0.027071 -0.022817
v 0.231993 -0.020000 -0.022488
v 0.231993 0.020000 -0.022488
v 0.234907 0.027071 -0.022817
v 0.241941 0.030000 -0.023612
v 0.239050 -0.030000 -0.041657
v 0.231946 -0.027071 -0.041300
v 0.229003 -0.020000 -0.041151
v 0.229003 0.020000 -0.041151
v 0.231946 0.027071 -0.041300
v 0.239050 0.030000 -0.041657
v 0.239844 -0.030000 -0.055281
v 0.232760 -0.027071 -0.055254
v 0.229825 -0.020000 -0.055243
v 0.229825 0.020000 -0.055243
v 0.232760 0.027071 -0.055254
v 0.239844 0.030000 -0.055281
v 0.238866 -0.030000 -0.070061
v 0.231862 -0.027071 -0.068820
v 0.228960 -0.020000 -0.068305
v 0.228960 0.020000 -0.068305
v 0.231862 0.027071 -0.068820
v 0.238866 0.030000 -0.070061
v 0.235578 -0.030000 -0.081294
v 0.228905 -0.027071 -0.078918
v 0.226141 -0.020000 -0.077935
v 0.226141 0.020000 -0.077935
v 0.228905 0.027071 -0.078918
v 0.235578 0.030000 -0.081294
v 0.231050 -0.030000 -0.092022
v 0.223661 -0.027071 -0.091344
v 0.220601 -0.020000 -0.091063
v 0.220601 0.020000 -0.091063
v 0.223661 0.027071 -0.091344
v 0.231050 0.030000 -0.092022
v 0.233984 -0.030000 -0.105364
v 0.226549 -0.027071 -0.104481
v 0.223471 -0.020000 -0.104115
v 0.223471 0.020000 -0.104115
v 0.226549 0.027071 -0.104481
v 0.233984 0.030000 -0.105364
v 0.228585 -0.030000 -0.116457
v 0.221620 -0.027071 -0.114608
v 0.218736 -0.020000 -0.113842
v 0.218736 0.020000 -0.113842
v 0.221620 0.027071 -0.114608
v 0.228585 0.030000 -0.116457
v 0.227271 -0.030000 -0.136304
v 0.220241 -0.027071 -0.135447
v 0.217329 -0.020000 -0.135090
v 0.217329 0.020000 -0.135090
v 0.220241 0.027071 -0.135447
v 0.227271 0.030000 -0.136304
v 0.225922 -0.030000 -0.143849
v 0.219072 -0.027071 -0.141987
v 0.216235 -0.020000 -0.141215
v 0.216235 0.020000 -0.141215
v 0.219072 0.027071 -0.141987
v 0.225922 0.030000 -0.143849
v 0.221790 -0.030000 -0.155027
v 0.214888 -0.027071 -0.153304
v 0.212028 -0.020000 -0.152591
v 0.212028 0.020000 -0.152591
v 0.214888 0.027071 -0.153304
v 0.221790 0.030000 -0.155027
v 0.220134 -0.030000 -0.167216
v 0.213278 -0.027071 -0.165165
v 0.210437 -0.020000 -0.164314
v 0.210437 0.020000 -0.164314
v 0.213278 0.027071 -0.165165
v 0.220134 0.030000 -0.167216
v 0.216197 -0.030000 -0.175438
v 0.209232 -0.027071 -0.173612
v 0.206346 -0.020000 -0.172855
v 0.206346 0.020000 -0.172855
v 0.209232 0.027071 -0.173612
v 0.216197 0.030000 -0.175438
v 0.215666 -0.030000 -0.183461
v 0.208710 -0.027071 -0.181496
v 0.205828 -0.020000 -0.180683
v 0.205828 0.020000 -0.180683
v 0.208710 0.027071 -0.181496
v 0.215666 0.030000 -0.183461
v 0.211784 -0.030000 -0.190838
v 0.203884 -0.027071 -0.190667
v 0.200613 -0.020000 -0.190596
v 0.200613 0.020000 -0.190596
v 0.203884 0.027071 -0.190667
v 0.211784 0.030000 -0.190838
v 0.215504 -0.030000 -0.198719
v 0.210158 -0.027071 -0.203959
v 0.207944 -0.020000 -0.206130
v 0.207944 0.020000 -0.206130
v 0.210158 0.027071 -0.203959
v 0.215504 0.030000 -0.198719
v 0.220432 -0.030000 -0.201166
v 0.220558 -0.027071 -0.209122
v 0.220609 -0.020000 -0.212419
v 0.220609 0.020000 -0.212419
v 0.220558 0.027071 -0.209122
v 0.220432 0.030000 -0.201166
v 0.223949 -0.030000 -0.199278
v 0.229184 -0.027071 -0.204493
v 0.231352 -0.020000 -0.206654
v 0.231352 0.020000 -0.206654
v 0.229184 0.027071 -0.204493
v 0.223949 0.030000 -0.199278
v 0.228309 -0.030000 -0.191084
v 0.234831 -0.027071 -0.193881
v 0.237532 -0.020000 -0.195039
v 0.237532 0.020000 -0.195039
v 0.234831 0.027071 -0.193881
v 0.228309 0.030000 -0.191084
v 0.231486 -0.030000 -0.181539
v 0.238236 -0.027071 -0.183650
v 0.241031 -0.020000 -0.184524
v 0.241031 0.020000 -0.184524
v 0.238236 0.027071 -0.183650
v 0.231486 0.030000 -0.181539
v 0.233678 -0.030000 -0.174051
v 0.240220 -0.027071 -0.176873
v 0.242930 -0.020000 -0.178041
v 0.242930 0.020000 -0.178041
v 0.240220 0.027071 -0.176873
v 0.233678 0.030000 -0.174051
v 0.238460 -0.030000 -0.165885
v 0.245405 -0.027071 -0.168017
v 0.248282 -0.020000 -0.168901
v 0.248282 0.020000 -0.168901
v 0.245405 0.027071 -0.168017
v 0.238460 0.030000 -0.165885
v 0.238991 -0.030000 -0.157862
v 0.245946 -0.027071 -0.159848
v 0.248827 -0.020000 -0.160671
v 0.248827 0.020000 -0.160671
v 0.245946 0.027071 -0.159848
v 0.238991 0.030000 -0.157862
v 0.245769 -0.030000 -0.145163
v 0.252724 -0.027071 -0.147149
v 0.255605 -0.020000 -0.147972
v 0.255605 0.020000 -0.147972
v 0.252724 0.027071 -0.147149
v 0.245769 0.030000 -0.145163
v 0.246552 -0.030000 -0.133339
v 0.253563 -0.027071 -0.134473
v 0.256467 -0.020000 -0.134942
v 0.256467 0.020000 -0.134942
v 0.253563 0.027071 -0.134473
v 0.246552 0.030000 -0.133339
v 0.248828 -0.030000 -0.124583
v 0.255839 -0.027071 -0.125717
v 0.258744 -0.020000 -0.126186
v 0.258744 0.020000 -0.126186
v 0.255839 0.027071 -0.125717
v 0.248828 0.030000 -0.124583
v 0.249611 -0.030000 -0.112760
v 0.256602 -0.027071 -0.114196
v 0.259498 -0.020000 -0.114792
v 0.259498 0.020000 -0.114792
v 0.256602 0.027071 -0.114196
v 0.249611 0.030000 -0.112760
v 0.253265 -0.030000 -0.102399
v 0.260179 -0.027071 -0.104057
v 0.263043 -0.020000 -0.104744
v 0.263043 0.020000 -0.104744
v 0.260179 0.027071 -0.104057
v 0.253265 0.030000 -0.102399
v 0.256660 -0.030000 -0.076753
v 0.263593 -0.027071 -0.078262
v 0.266464 -0.020000 -0.078887
v 0.266464 0.020000 -0.078887
v 0.263593 0.027071 -0.078262
v 0.256660 0.030000 -0.076753
v 0.258824 -0.030000 -0.069686
v 0.265772 -0.027071 -0.071147
v 0.268650 -0.020000 -0.071752
v 0.268650 0.020000 -0.071752
v 0.265772 0.027071 -0.071147
v 0.258824 0.030000 -0.069686
v 0.260759 -0.030000 -0.053274
v 0.267834 -0.027071 -0.053651
v 0.270765 -0.020000 -0.053808
v 0.270765 0.020000 -0.053808
v 0.267834 0.027071 -0.053651
v 0.260759 0.030000 -0.053274
v 0.260641 -0.030000 -0.042239
v 0.267718 -0.027071 -0.042679
v 0.270648 -0.020000 -0.042861
v 0.270648 0.020000 -0.042861
v 0.267718 0.027071 -0.042679
v 0.260641 0.030000 -0.042239
v 0.262296 -0.030000 -0.030048
v 0.269336 -0.027071 -0.030759
v 0.272252 -0.020000 -0.031053
v 0.272252 0.020000 -0.031053
v 0.269336 0.027071 -0.030759
v 0.262296 0.030000 -0.030048
v 0.262995 -0.030000 -0.019493
v 0.269940 -0.027071 -0.021625
v 0.272817 -0.020000 -0.022508
v 0.272817 0.020000 -0.022508
v 0.269940 0.027071 -0.021625
v 0.262995 0.030000 -0.019493
v 0.267777 -0.030000 -0.011327
v 0.272822 -0.027071 -0.016706
v 0.274911 -0.020000 -0.018934
v 0.274911 0.020000 -0.018934
v 0.272822 0.027071 -0.016706
v 0.267777 0.030000 -0.011327
v 0.275235 -0.030000 -0.007579
v 0.279344 -0.027071 -0.013427
v 0.281046 -0.020000 -0.015850
v 0.281046 0.020000 -0.015850
v 0.279344 0.027071 -0.013427
v 0.275235 0.030000 -0.007579
v 0.280666 -0.030000 -0.002425
v 0.286700 -0.027071 -0.006448
v 0.289198 -0.020000 -0.008114
v 0.289198 0.020000 -0.008114
v 0.286700 0.027071 -0.006448
v 0.280666 0.030000 -0.002425
v 0.286823 -0.030000 0.013708
v 0.293579 -0.027071 0.011579
v 0.296378 -0.020000 0.010697
v 0.296378 0.020000 0.010697
v 0.293579 0.027071 0.011579
v 0.286823 0.030000 0.013708
v 0.289128 -0.030000 0.022886
v 0.296141 -0.027071 0.021783
v 0.299046 -0.020000 0.021326
v 0.299046 0.020000 0.021326
v 0.296141 0.027071 0.021783
v 0.289128 0.030000 0.022886
v 0.291364 -0.030000 0.056668
v 0.298446 -0.027071 0.056602
v 0.301380 -0.020000 0.056575
v 0.301380 0.020000 0.056575
v 0.298446 0.027071 0.056602
v 0.291364 0.030000 0.056668
v 0.290653 -0.030000 0.071558
v 0.297763 -0.027071 0.070920
v 0.300707 -0.020000 0.070655
v 0.300707 0.020000 0.070655
v 0.297763 0.027071 0.070920
v 0.290653 0.030000 0.071558
v 0.294221 -0.030000 0.087014
v 0.301173 -0.027071 0.085691
v 0.304052 -0.020000 0.085144
v 0.304052 0.020000 0.085144
v 0.301173 0.027071 0.085691
v 0.294221 0.030000 0.087014
v 0.295737 -0.030000 0.097093
v 0.302596 -0.027071 0.095157
v 0.305437 -0.020000 0.094355
v 0.305437 0.020000 0.094355
v 0.302596 0.027071 0.095157
v 0.295737 0.030000 0.097093
v 0.299758 -0.030000 0.106581
v 0.307208 -0.027071 0.106040
v 0.310294 -0.020000 0.105816
v 0.310294 0.020000 0.105816
v 0.307208 0.027071 0.106040
v 0.299758 0.030000 0.106581
v 0.297051 -0.030000 0.116940
v 0.303674 -0.027071 0.119558
v 0.306419 -0.020000 0.120643
v 0.306419 0.020000 0.120643
v 0.303674 0.027071 0.119558
v 0.297051 0.030000 0.116940
v 0.292514 -0.030000 0.125298
v 0.297595 -0.027071 0.130760
v 0.299700 -0.020000 0.133023
v 0.299700 0.020000 0.133023
v 0.297595 0.027071 0.130760
v 0.292514 0.030000 0.125298
v 0.285926 -0.030000 0.128279
v 0.288507 -0.027071 0.134872
v 0.289576 -0.020000 0.137604
v 0.289576 0.020000 0.137604
v 0.288507 0.027071 0.134872
v 0.285926 0.030000 0.128279
v 0.276382 -0.030000 0.131456
v 0.276934 -0.027071 0.138724
v 0.277163 -0.020000 0.141735
v 0.277163 0.020000 0.141735
v 0.276934 0.027071 0.138724
v 0.276382 0.030000 0.131456
v 0.265657 -0.030000 0.129621
v 0.262718 -0.027071 0.136292
v 0.261501 -0.020000 0.139055
v 0.261501 0.020000 0.139055
v 0.262718 0.027071 0.136292
v 0.265657 0.030000 0.129621
v 0.257609 -0.030000 0.123368
v 0.253360 -0.027071 0.129020
v 0.251599 -0.020000 0.131363
v 0.251599 0.020000 0.131363
v 0.253360 0.027071 0.129020
v 0.257609 0.030000 0.123368
v 0.249589 -0.030000 0.117537
v 0.247501 -0.027071 0.124762
v 0.246637 -0.020000 0.127755
v 0.246637 0.020000 0.127755
v 0.247501 0.027071 0.124762
v 0.249589 0.030000 0.117537
v 0.239877 -0.030000 0.118180
v 0.237422 -0.027071 0.125429
v 0.236405 -0.020000 0.128432
v 0.236405 0.020000 0.128432
v 0.237422 0.027071 0.125429
v 0.239877 0.030000 0.118180
v 0.232673 -0.030000 0.111871
v 0.228541 -0.027071 0.117652
v 0.226830 -0.020000 0.120046
v 0.226830 0.020000 0.120046
v 0.228541 0.027071 0.117652
v 0.232673 0.030000 0.111871
v 0.226060 -0.030000 0.108068
v 0.222062 -0.027071 0.113926
v 0.220406 -0.020000 0.116352
v 0.220406 0.020000 0.116352
v 0.222062 0.027071 0.113926
v 0.226060 0.030000 0.108068
v -0.059613 -0.030000 0.117225
v -0.065754 -0.027071 0.121084
v -0.068298 -0.020000 0.122682
v -0.068298 0.020000 0.122682
v -0.065754 0.027071 0.121084
v -0.059613 0.030000 0.117225
v -0.062228 -0.030000 0.109764
v -0.069883 -0.027071 0.109298
v -0.073055 -0.020000 0.109105
v -0.073055 0.020000 0.109105
v -0.069883 0.027071 0.109298
v -0.062228 0.030000 0.109764
v -0.058114 -0.030000 0.101434
v -0.064268 -0.027071 0.097926
v -0.066817 -0.020000 0.096474
v -0.066817 0.020000 0.096474
v -0.064268 0.027071 0.097926
v -0.058114 0.030000 0.101434
v -0.053495 -0.030000 0.094342
v -0.060150 -0.027071 0.091605
v -0.062907 -0.020000 0.090470
v -0.062907 0.020000 0.090470
v -0.060150 0.027071 0.091605
v -0.053495 0.030000 0.094342
v -0.050927 -0.030000 0.081873
v -0.058081 -0.027071 0.081557
v -0.061044 -0.020000 0.081426
v -0.061044 0.020000 0.081426
v -0.058081 0.027071 0.081557
v -0.050927 0.030000 0.081873
v -0.052917 -0.030000 0.064616
v -0.059961 -0.027071 0.065255
v -0.062879 -0.020000 0.065520
v -0.062879 0.020000 0.065520
v -0.059961 0.027071 0.065255
v -0.052917 0.030000 0.064616
v -0.054175 -0.030000 0.045613
v -0.061201 -0.027071 0.046530
v -0.064111 -0.020000 0.046909
v -0.064111 0.020000 0.046909
v -0.061201 0.027071 0.046530
v -0.054175 0.030000 0.045613
v -0.058023 -0.030000 0.025935
v -0.065049 -0.027071 0.026851
v -0.067959 -0.020000 0.027230
v -0.067959 0.020000 0.027230
v -0.065049 0.027071 0.026851
v -0.058023 0.030000 0.025935
v -0.059729 -0.030000 0.000177
v -0.066752 -0.027071 0.001128
v -0.069661 -0.020000 0.001522
v -0.069661 0.020000 0.001522
v -0.066752 0.027071 0.001128
v -0.059729 0.030000 0.000177
v -0.064728 -0.030000 -0.024091
v -0.071807 -0.027071 -0.023413
v -0.074740 -0.020000 -0.023132
v -0.074740 0.020000 -0.023132
v -0.071807 0.027071 -0.023413
v -0.064728 0.030000 -0.024091
v -0.064464 -0.030000 -0.045738
v -0.071541 -0.027071 -0.045308
v -0.074473 -0.020000 -0.045129
v -0.074473 0.020000 -0.045129
v -0.071541 0.027071 -0.045308
v -0.064464 0.030000 -0.045738
v -0.067803 -0.030000 -0.070540
v -0.074882 -0.027071 -0.070133
v -0.077815 -0.020000 -0.069964
v -0.077815 0.020000 -0.069964
v -0.074882 0.027071 -0.070133
v -0.067803 0.030000 -0.070540
v -0.067427 -0.030000 -0.090498
v -0.074508 -0.027071 -0.090024
v -0.077442 -0.020000 -0.089826
v -0.077442 0.020000 -0.089826
v -0.074508 0.027071 -0.090024
v -0.067427 0.030000 -0.090498
v -0.070403 -0.030000 -0.109811
v -0.077590 -0.027071 -0.110025
v -0.080567 -0.020000 -0.110113
v -0.080567 0.020000 -0.110113
v -0.077590 0.027071 -0.110025
v -0.070403 0.030000 -0.109811
v -0.067808 -0.030000 -0.121858
v -0.075011 -0.027071 -0.121996
v -0.077995 -0.020000 -0.122054
v -0.077995 0.020000 -0.122054
v -0.075011 0.027071 -0.121996
v -0.067808 0.030000 -0.121858
v -0.070530 -0.030000 -0.137371
v -0.077609 -0.027071 -0.136797
v -0.080542 -0.020000 -0.136560
v -0.080542 0.020000 -0.136560
v -0.077609 0.027071 -0.136797
v -0.070530 0.030000 -0.137371
v -0.070268 -0.030000 -0.159018
v -0.077336 -0.027071 -0.159296
v -0.080264 -0.020000 -0.159411
v -0.080264 0.020000 -0.159411
v -0.077336 0.027071 -0.159296
v -0.070268 0.030000 -0.159018
v -0.068991 -0.030000 -0.178188
v -0.076061 -0.027071 -0.178441
v -0.078990 -0.020000 -0.178546
v -0.078990 0.020000 -0.178546
v -0.076061 0.027071 -0.178441
v -0.068991 0.030000 -0.178188
v -0.068869 -0.030000 -0.201947
v -0.075935 -0.027071 -0.202666
v -0.078863 -0.020000 -0.202965
v -0.078863 0.020000 -0.202965
v -0.075935 0.027071 -0.202666
v -0.068869 0.030000 -0.201947
v -0.065680 -0.030000 -0.217850
v -0.072579 -0.027071 -0.219410
v -0.075436 -0.020000 -0.220055
v -0.075436 0.020000 -0.220055
v -0.072579 0.027071 -0.219410
v -0.065680 0.030000 -0.217850
v -0.061986 -0.030000 -0.232514
v -0.068797 -0.027071 -0.234423
v -0.071618 -0.020000 -0.235214
v -0.071618 0.020000 -0.235214
v -0.068797 0.027071 -0.234423
v -0.061986 0.030000 -0.232514
v -0.055698 -0.030000 -0.252864
v -0.062416 -0.027071 -0.255076
v -0.065199 -0.020000 -0.255992
v -0.065199 0.020000 -0.255992
v -0.062416 0.027071 -0.255076
v -0.055698 0.030000 -0.252864
v -0.047496 -0.030000 -0.276309
v -0.054040 -0.027071 -0.279016
v -0.056751 -0.020000 -0.280136
v -0.056751 0.020000 -0.280136
v -0.054040 0.027071 -0.279016
v -0.047496 0.030000 -0.276309
v -0.039297 -0.030000 -0.293393
v -0.045252 -0.027071 -0.297324
v -0.047720 -0.020000 -0.298953
v -0.047720 0.020000 -0.298953
v -0.045252 0.027071 -0.297324
v -0.039297 0.030000 -0.293393
v -0.021552 -0.030000 -0.313652
v -0.026527 -0.027071 -0.318706
v -0.028587 -0.020000 -0.320798
v -0.028587 0.020000 -0.320798
v -0.026527 0.027071 -0.318706
v -0.021552 0.030000 -0.313652
v -0.010710 -0.030000 -0.322853
v -0.014578 -0.027071 -0.328845
v -0.016179 -0.020000 -0.331327
v -0.016179 0.020000 -0.331327
v -0.014578 0.027071 -0.328845
v -0.010710 0.030000 -0.322853
v 0.006972 -0.030000 -0.331233
v 0.004141 -0.027071 -0.337717
v 0.002968 -0.020000 -0.340403
v 0.002968 0.020000 -0.340403
v 0.004141 0.027071 -0.337717
v 0.006972 0.030000 -0.331233
v 0.024739 -0.030000 -0.338347
v 0.022917 -0.027071 -0.345235
v 0.022162 -0.020000 -0.348088
v 0.022162 0.020000 -0.348088
v 0.022917 0.027071 -0.345235
v 0.024739 0.030000 -0.338347
v 0.048695 -0.030000 -0.341630
v 0.048257 -0.027071 -0.348706
v 0.048075 -0.020000 -0.351638
v 0.048075 0.020000 -0.351638
v 0.048257 0.027071 -0.348706
v 0.048695 0.030000 -0.341630
v 0.070343 -0.030000 -0.341366
v 0.070480 -0.027071 -0.348437
v 0.070537 -0.020000 -0.351365
v 0.070537 0.020000 -0.351365
v 0.070480 0.027071 -0.348437
v 0.070343 0.030000 -0.341366
v 0.088612 -0.030000 -0.340879
v 0.089935 -0.027071 -0.347918
v 0.090483 -0.020000 -0.350833
v 0.090483 0.020000 -0.350833
v 0.089935 0.027071 -0.347918
v 0.088612 0.030000 -0.340879
v 0.105556 -0.030000 -0.334791
v 0.107808 -0.027071 -0.341496
v 0.108741 -0.020000 -0.344272
v 0.108741 0.020000 -0.344272
v 0.107808 0.027071 -0.341496
v 0.105556 0.030000 -0.334791
v 0.118982 -0.030000 -0.330591
v 0.122382 -0.027071 -0.336935
v 0.123791 -0.020000 -0.339564
v 0.123791 0.020000 -0.339564
v 0.122382 0.027071 -0.336935
v 0.118982 0.030000 -0.330591
v 0.131082 -0.030000 -0.320789
v 0.135913 -0.027071 -0.325975
v 0.137914 -0.020000 -0.328124
v 0.137914 0.020000 -0.328124
v 0.135913 0.027071 -0.325975
v 0.131082 0.030000 -0.320789
v 0.139297 -0.030000 -0.312002
v 0.145325 -0.027071 -0.315909
v 0.147823 -0.020000 -0.317526
v 0.147823 0.020000 -0.317526
v 0.145325 0.027071 -0.315909
v 0.139297 0.030000 -0.312002
v 0.144331 -0.030000 -0.300036
v 0.151308 -0.027071 -0.301685
v 0.154198 -0.020000 -0.302368
v 0.154198 0.020000 -0.302368
v 0.151308 0.027071 -0.301685
v 0.144331 0.030000 -0.300036
v 0.145001 -0.030000 -0.289902
v 0.152422 -0.027071 -0.284860
v 0.155495 -0.020000 -0.282771
v 0.155495 0.020000 -0.282771
v 0.152422 0.027071 -0.284860
v 0.145001 0.030000 -0.289902
v 0.138357 -0.030000 -0.287765
v 0.137413 -0.027071 -0.280034
v 0.137022 -0.020000 -0.276832
v 0.137022 0.020000 -0.276832
v 0.137413 0.027071 -0.280034
v 0.138357 0.030000 -0.287765
v 0.132166 -0.030000 -0.291597
v 0.128052 -0.027071 -0.285827
v 0.126348 -0.020000 -0.283437
v 0.126348 0.020000 -0.283437
v 0.128052 0.027071 -0.285827
v 0.132166 0.030000 -0.291597
v 0.125441 -0.030000 -0.297089
v 0.120430 -0.027071 -0.292051
v 0.118354 -0.020000 -0.289965
v 0.118354 0.020000 -0.289965
v 0.120430 0.027071 -0.292051
v 0.125441 0.030000 -0.297089
v 0.117141 -0.030000 -0.307142
v 0.112548 -0.027071 -0.301599
v 0.110645 -0.020000 -0.299303
v 0.110645 0.020000 -0.299303
v 0.112548 0.027071 -0.301599
v 0.117141 0.030000 -0.307142
v 0.106137 -0.030000 -0.313199
v 0.102497 -0.027071 -0.307132
v 0.100989 -0.020000 -0.304619
v 0.100989 0.020000 -0.304619
v 0.102497 0.027071 -0.307132
v 0.106137 0.030000 -0.313199
v 0.093726 -0.030000 -0.321284
v 0.091474 -0.027071 -0.314313
v 0.090541 -0.020000 -0.311425
v 0.090541 0.020000 -0.311425
v 0.091474 0.027071 -0.314313
v 0.093726 0.030000 -0.321284
v 0.078835 -0.030000 -0.321995
v 0.077916 -0.027071 -0.314960
v 0.077535 -0.020000 -0.312045
v 0.077535 0.020000 -0.312045
v 0.077916 0.027071 -0.314960
v 0.078835 0.030000 -0.321995
v 0.057753 -0.030000 -0.326537
v 0.057641 -0.027071 -0.319328
v 0.057594 -0.020000 -0.316341
v 0.057594 0.020000 -0.316341
v 0.057641 0.027071 -0.319328
v 0.057753 0.030000 -0.326537
v 0.035963 -0.030000 -0.322550
v 0.037631 -0.027071 -0.315666
v 0.038322 -0.020000 -0.312816
v 0.038322 0.020000 -0.312816
v 0.037631 0.027071 -0.315666
v 0.035963 0.030000 -0.322550
v 0.018085 -0.030000 -0.317125
v 0.021023 -0.027071 -0.310627
v 0.022239 -0.020000 -0.307936
v 0.022239 0.020000 -0.307936
v 0.021023 0.027071 -0.310627
v 0.018085 0.030000 -0.317125
v 0.005048 -0.030000 -0.309052
v 0.009332 -0.027071 -0.303388
v 0.011107 -0.020000 -0.301042
v 0.011107 0.020000 -0.301042
v 0.009332 0.027071 -0.303388
v 0.005048 0.030000 -0.309052
v -0.008949 -0.030000 -0.296250
v -0.003422 -0.027071 -0.291723
v -0.001132 -0.020000 -0.289847
v -0.001132 0.020000 -0.289847
v -0.003422 0.027071 -0.291723
v -0.008949 0.030000 -0.296250
v -0.017738 -0.030000 -0.281672
v -0.011579 -0.027071 -0.278194
v -0.009027 -0.020000 -0.276753
v -0.009027 0.020000 -0.276753
v -0.011579 0.027071 -0.278194
v -0.017738 0.030000 -0.281672
v -0.026783 -0.030000 -0.264533
v -0.020253 -0.027071 -0.261755
v -0.017549 -0.020000 -0.260604
v -0.017549 0.020000 -0.260604
v -0.020253 0.027071 -0.261755
v -0.026783 0.030000 -0.264533
v -0.032083 -0.030000 -0.248489
v -0.025405 -0.027071 -0.246160
v -0.022638 -0.020000 -0.245196
v -0.022638 0.020000 -0.245196
v -0.025405 0.027071 -0.246160
v -0.032083 0.030000 -0.248489
v -0.039269 -0.030000 -0.228929
v -0.032275 -0.027071 -0.227464
v -0.029378 -0.020000 -0.226857
v -0.029378 0.020000 -0.226857
v -0.032275 0.027071 -0.227464
v -0.039269 0.030000 -0.228929
v -0.040490 -0.030000 -0.208915
v -0.033427 -0.027071 -0.208562
v -0.030501 -0.020000 -0.208416
v -0.030501 0.020000 -0.208416
v -0.033427 0.027071 -0.208562
v -0.040490 0.030000 -0.208915
v -0.041430 -0.030000 -0.184678
v -0.034359 -0.027071 -0.184522
v -0.031430 -0.020000 -0.184458
v -0.031430 0.020000 -0.184458
v -0.034359 0.027071 -0.184522
v -0.041430 0.030000 -0.184678
v -0.041554 -0.030000 -0.160918
v -0.034480 -0.027071 -0.161134
v -0.031552 -0.020000 -0.161224
v -0.031552 0.020000 -0.161224
v -0.034480 0.027071 -0.161134
v -0.041554 0.030000 -0.160918
v -0.040519 -0.030000 -0.145295
v -0.033489 -0.027071 -0.146153
v -0.030578 -0.020000 -0.146508
v -0.030578 0.020000 -0.146508
v -0.033489 0.027071 -0.146153
v -0.040519 0.030000 -0.145295
v -0.037823 -0.030000 -0.130205
v -0.030843 -0.027071 -0.131341
v -0.027952 -0.020000 -0.131811
v -0.027952 0.020000 -0.131811
v -0.030843 0.027071 -0.131341
v -0.037823 0.030000 -0.130205
v -0.036279 -0.030000 -0.119705
v -0.029224 -0.027071 -0.120326
v -0.026302 -0.020000 -0.120583
v -0.026302 0.020000 -0.120583
v -0.029224 0.027071 -0.120326
v -0.036279 0.030000 -0.119705
v -0.035587 -0.030000 -0.096424
v -0.028918 -0.027071 -0.110058
v -0.026156 -0.020000 -0.115705
v -0.026156 0.020000 -0.115705
v -0.028918 0.027071 -0.110058
v -0.035587 0.030000 -0.096424
v -0.019001 -0.030000 -0.108549
v -0.022404 -0.027071 -0.114820
v -0.023814 -0.020000 -0.117417
v -0.023814 0.020000 -0.117417
v -0.022404 0.027071 -0.114820
v -0.019001 0.030000 -0.108549
v 0.001271 -0.030000 -0.116253
v -0.000719 -0.027071 -0.123061
v -0.001544 -0.020000 -0.125881
v -0.001544 0.020000 -0.125881
v -0.000719 0.027071 -0.123061
v 0.001271 0.030000 -0.116253
v 0.025116 -0.030000 -0.121224
v 0.024774 -0.027071 -0.128376
v 0.024632 -0.020000 -0.131338
v 0.024632 0.020000 -0.131338
v 0.024774 0.027071 -0.128376
v 0.025116 0.030000 -0.121224
v 0.044342 -0.030000 -0.119104
v 0.045448 -0.027071 -0.126097
v 0.045905 -0.020000 -0.128992
v 0.045905 0.020000 -0.128992
v 0.045448 0.027071 -0.126097
v 0.044342 0.030000 -0.119104
v 0.064552 -0.030000 -0.114928
v 0.066851 -0.027071 -0.121674
v 0.067802 -0.020000 -0.124469
v 0.067802 0.020000 -0.124469
v 0.066851 0.027071 -0.121674
v 0.064552 0.030000 -0.114928
v 0.086026 -0.030000 -0.104475
v 0.089463 -0.027071 -0.110666
v 0.090887 -0.020000 -0.113230
v 0.090887 0.020000 -0.113230
v 0.089463 0.027071 -0.110666
v 0.086026 0.030000 -0.104475
v 0.098859 -0.030000 -0.096418
v 0.102237 -0.027071 -0.102647
v 0.103635 -0.020000 -0.105227
v 0.103635 0.020000 -0.105227
v 0.102237 0.027071 -0.102647
v 0.098859 0.030000 -0.096418
v 0.113297 -0.030000 -0.089740
v 0.117995 -0.027071 -0.095358
v 0.119941 -0.020000 -0.097684
v 0.119941 0.020000 -0.097684
v 0.117995 0.027071 -0.095358
v 0.113297 0.030000 -0.089740
v 0.122665 -0.030000 -0.076364
v 0.128446 -0.027071 -0.080435
v 0.130841 -0.020000 -0.082122
v 0.130841 0.020000 -0.082122
v 0.128446 0.027071 -0.080435
v 0.122665 0.030000 -0.076364
v 0.131554 -0.030000 -0.063805
v 0.138841 -0.027071 -0.065748
v 0.141860 -0.020000 -0.066553
v 0.141860 0.020000 -0.066553
v 0.138841 0.027071 -0.065748
v 0.131554 0.030000 -0.063805
v 0.130055 -0.030000 -0.048013
v 0.137297 -0.027071 -0.049475
v 0.140297 -0.020000 -0.050079
v 0.140297 0.020000 -0.050079
v 0.137297 0.027071 -0.049475
v 0.130055 0.030000 -0.048013
v 0.134892 -0.030000 -0.039003
v 0.141241 -0.027071 -0.042128
v 0.143870 -0.020000 -0.043424
v 0.143870 0.020000 -0.043424
v 0.141241 0.027071 -0.042128
v 0.134892 0.030000 -0.039003
v 0.142851 -0.030000 -0.021293
v 0.149822 -0.027071 -0.023030
v 0.152710 -0.020000 -0.023750
v 0.152710 0.020000 -0.023750
v 0.149822 0.027071 -0.023030
v 0.142851 0.030000 -0.021293
v 0.143242 -0.030000 -0.015381
v 0.150305 -0.027071 -0.015734
v 0.153231 -0.020000 -0.015881
v 0.153231 0.020000 -0.015881
v 0.150305 0.027071 -0.015734
v 0.143242 0.030000 -0.015381
v 0.144131 -0.030000 0.010856
v 0.151226 -0.027071 0.011452
v 0.154166 -0.020000 0.011700
v 0.154166 0.020000 0.011700
v 0.151226 0.027071 0.011452
v 0.144131 0.030000 0.010856
v 0.139645 -0.030000 0.032782
v 0.146540 -0.027071 0.034358
v 0.149396 -0.020000 0.035011
v 0.149396 0.020000 0.035011
v 0.146540 0.027071 0.034358
v 0.139645 0.030000 0.032782
v 0.135612 -0.030000 0.048741
v 0.141932 -0.027071 0.052595
v 0.144550 -0.020000 0.054191
v 0.144550 0.020000 0.054191
v 0.141932 0.027071 0.052595
v 0.135612 0.030000 0.048741
v 0.121587 -0.030000 0.061121
v 0.126959 -0.027071 0.065811
v 0.129184 -0.020000 0.067754
v 0.129184 0.020000 0.067754
v 0.126959 0.027071 0.065811
v 0.121587 0.030000 0.061121
v 0.112714 -0.030000 0.074432
v 0.119602 -0.027071 0.076847
v 0.122455 -0.020000 0.077848
v 0.122455 0.020000 0.077848
v 0.119602 0.027071 0.076847
v 0.112714 0.030000 0.074432
v 0.111271 -0.030000 0.091069
v 0.118044 -0.027071 0.094817
v 0.120848 -0.020000 0.096370
v 0.120848 0.020000 0.096370
v 0.118044 0.027071 0.094817
v 0.111271 0.030000 0.091069
v 0.099556 -0.030000 0.099902
v 0.103836 -0.027071 0.105530
v 0.105609 -0.020000 0.107862
v 0.105609 0.020000 0.107862
v 0.103836 0.027071 0.105530
v 0.099556 0.030000 0.099902
v 0.092291 -0.030000 0.105473
v 0.097855 -0.027071 0.110116
v 0.100160 -0.020000 0.112040
v 0.100160 0.020000 0.112040
v 0.097855 0.027071 0.110116
v 0.092291 0.030000 0.105473
v 0.087783 -0.030000 0.114253
v 0.092613 -0.027071 0.120328
v 0.094614 -0.020000 0.122843
v 0.094614 0.020000 0.122843
v 0.092613 0.027071 0.120328
v 0.087783 0.030000 0.114253
v 0.053576 -0.030000 0.122879
v 0.054161 -0.027071 0.130024
v 0.054404 -0.020000 0.132984
v 0.054404 0.020000 0.132984
v 0.054161 0.027071 0.130024
v 0.053576 0.030000 0.122879
v 0.030973 -0.030000 0.120983
v 0.030379 -0.027071 0.128029
v 0.030133 -0.020000 0.130948
v 0.030133 0.020000 0.130948
v 0.030379 0.027071 0.128029
v 0.030973 0.030000 0.120983
v 0.016898 -0.030000 0.119794
v 0.015661 -0.027071 0.126786
v 0.015149 -0.020000 0.129682
v 0.015149 0.020000 0.129682
v 0.015661 0.027071 0.126786
v 0.016898 0.030000 0.119794
v 0.004373 -0.030000 0.116382
v 0.001557 -0.027071 0.122944
v 0.000391 -0.020000 0.125662
v 0.000391 0.020000 0.125662
v 0.001557 0.027071 0.122944
v 0.004373 0.030000 0.116382
v -0.004464 -0.030000 0.111029
v -0.007985 -0.027071 0.117164
v -0.009442 -0.020000 0.119705
v -0.009442 0.020000 0.119705
v -0.007985 0.027071 0.117164
v -0.004464 0.030000 0.111029
v -0.012823 -0.030000 0.106494
v -0.014056 -0.027071 0.113869
v -0.014567 -0.020000 0.116925
v -0.014567 0.020000 0.116925
v -0.014056 0.027071 0.113869
v -0.012823 0.030000 0.106494
v -0.021212 -0.030000 0.107897
v -0.017886 -0.027071 0.114511
v -0.016510 -0.020000 0.117250
v -0.016510 0.020000 0.117250
v -0.017886 0.027071 0.114511
v -0.021212 0.030000 0.107897
v -0.028788 -0.030000 0.115184
v -0.022712 -0.027071 0.119152
v -0.020195 -0.020000 0.120795
v -0.020195 0.020000 0.120795
v -0.022712 0.027071 0.119152
v -0.028788 0.030000 0.115184
v -0.031663 -0.030000 0.123009
v -0.026309 -0.027071 0.128944
v -0.024092 -0.020000 0.131402
v -0.024092 0.020000 0.131402
v -0.026309 0.027071 0.128944
v -0.031663 0.030000 0.123009
v -0.042924 -0.030000 0.125876
v -0.042809 -0.027071 0.133143
v -0.042762 -0.020000 0.136153
v -0.042762 0.020000 0.136153
v -0.042809 0.027071 0.133143
v -0.042924 0.030000 0.125876
v -0.053254 -0.030000 0.123590
v -0.056797 -0.027071 0.130049
v -0.058264 -0.020000 0.132724
v -0.058264 0.020000 0.132724
v -0.056797 0.027071 0.130049
v -0.053254 0.030000 0.123590
v 0.094967 -0.030000 -0.142389
v 0.095836 -0.027071 -0.133263
v 0.096197 -0.020000 -0.129482
v 0.096197 0.020000 -0.129482
v 0.095836 0.027071 -0.133263
v 0.094967 0.030000 -0.142389
v 0.086975 -0.030000 -0.147798
v 0.079756 -0.027071 -0.144144
v 0.076767 -0.020000 -0.142632
v 0.076767 0.020000 -0.142632
v 0.079756 0.027071 -0.144144
v 0.086975 0.030000 -0.147798
v 0.087288 -0.030000 -0.155877
v 0.080342 -0.027071 -0.159232
v 0.077465 -0.020000 -0.160622
v 0.077465 0.020000 -0.160622
v 0.080342 0.027071 -0.159232
v 0.087288 0.030000 -0.155877
v 0.093709 -0.030000 -0.161391
v 0.090890 -0.027071 -0.168292
v 0.089722 -0.020000 -0.171149
v 0.089722 0.020000 -0.171149
v 0.090890 0.027071 -0.168292
v 0.093709 0.030000 -0.161391
v 0.106799 -0.030000 -0.162257
v 0.110109 -0.027071 -0.169564
v 0.111479 -0.020000 -0.172589
v 0.111479 0.020000 -0.172589
v 0.110109 0.027071 -0.169564
v 0.106799 0.030000 -0.162257
v 0.113298 -0.030000 -0.153781
v 0.124483 -0.027071 -0.150816
v 0.129116 -0.020000 -0.149586
v 0.129116 0.020000 -0.149586
v 0.124483 0.027071 -0.150816
v 0.113298 0.030000 -0.153781
v 0.101331 -0.030000 -0.148749
v 0.105350 -0.027071 -0.142767
v 0.107015 -0.020000 -0.140290
v 0.107015 0.020000 -0.140290
v 0.105350 0.027071 -0.142767
v 0.101331 0.030000 -0.148749
v -0.029799 -0.030000 -0.073056
v -0.022759 -0.027071 -0.072052
v -0.019843 -0.020000 -0.071636
v -0.019843 0.020000 -0.071636
v -0.022759 0.027071 -0.072052
v -0.029799 0.030000 -0.073056
v -0.030398 -0.030000 -0.056476
v -0.023296 -0.027071 -0.057206
v -0.020354 -0.020000 -0.057508
v -0.020354 0.020000 -0.057508
v -0.023296 0.027071 -0.057206
v -0.030398 0.030000 -0.056476
v -0.026913 -0.030000 -0.042286
v -0.019898 -0.027071 -0.043372
v -0.016994 -0.020000 -0.043821
v -0.016994 0.020000 -0.043821
v -0.019898 0.027071 -0.043372
v -0.026913 0.030000 -0.042286
v -0.025879 -0.030000 -0.026663
v -0.018811 -0.027071 -0.026949
v -0.015885 -0.020000 -0.027068
v -0.015885 0.020000 -0.027068
v -0.018811 0.027071 -0.026949
v -0.025879 0.030000 -0.026663
v -0.025633 -0.030000 -0.010139
v -0.018568 -0.027071 -0.010612
v -0.015642 -0.020000 -0.010807
v -0.015642 0.020000 -0.010807
v -0.018568 0.027071 -0.010612
v -0.025633 0.030000 -0.010139
v -0.021820 -0.030000 0.021842
v -0.014835 -0.027071 0.020702
v -0.011941 -0.020000 0.020230
v -0.011941 0.020000 0.020230
v -0.014835 0.027071 0.020702
v -0.021820 0.030000 0.021842
v -0.018084 -0.030000 0.039832
v -0.011317 -0.027071 0.037643
v -0.008514 -0.020000 0.036737
v -0.008514 0.020000 0.036737
v -0.011317 0.027071 0.037643
v -0.018084 0.030000 0.039832
v -0.013107 -0.030000 0.050953
v -0.007321 -0.027071 0.046570
v -0.004925 -0.020000 0.044754
v -0.004925 0.020000 0.044754
v -0.007321 0.027071 0.046570
v -0.013107 0.030000 0.050953
v -0.003680 -0.030000 0.058812
v -0.002076 -0.027071 0.050942
v -0.001412 -0.020000 0.047682
v -0.001412 0.020000 0.047682
v -0.002076 0.027071 0.050942
v -0.003680 0.030000 0.058812
v 0.007131 -0.030000 0.055551
v 0.004055 -0.027071 0.049093
v 0.002781 -0.020000 0.046418
v 0.002781 0.020000 0.046418
v 0.004055 0.027071 0.049093
v 0.007131 0.030000 0.055551
v 0.018901 -0.030000 0.047561
v 0.014856 -0.027071 0.041761
v 0.013181 -0.020000 0.039358
v 0.013181 0.020000 0.039358
v 0.014856 0.027071 0.041761
v 0.018901 0.030000 0.047561
v 0.030644 -0.030000 0.039150
v 0.025960 -0.027071 0.033808
v 0.024020 -0.020000 0.031595
v 0.024020 0.020000 0.031595
v 0.025960 0.027071 0.033808
v 0.030644 0.030000 0.039150
v 0.042924 -0.030000 0.026037
v 0.038631 -0.027071 0.020276
v 0.036854 -0.020000 0.017891
v 0.036854 0.020000 0.017891
v 0.038631 0.027071 0.020276
v 0.042924 0.030000 0.026037
v 0.060578 -0.030000 0.017235
v 0.055459 -0.027071 0.011885
v 0.053340 -0.020000 0.009671
v 0.053340 0.020000 0.009671
v 0.055459 0.027071 0.011885
v 0.060578 0.030000 0.017235
v 0.079145 -0.030000 -0.016228
v 0.072042 -0.027071 -0.018000
v 0.069100 -0.020000 -0.018734
v 0.069100 0.020000 -0.018734
v 0.072042 0.027071 -0.018000
v 0.079145 0.030000 -0.016228
v 0.078843 -0.030000 -0.033596
v 0.071765 -0.027071 -0.033938
v 0.068833 -0.020000 -0.034078
v 0.068833 0.020000 -0.034078
v 0.071765 0.027071 -0.033938
v 0.078843 0.030000 -0.033596
v 0.080454 -0.030000 -0.047699
v 0.073161 -0.027071 -0.046160
v 0.070140 -0.020000 -0.045522
v 0.070140 0.020000 -0.045522
v 0.073161 0.027071 -0.046160
v 0.080454 0.030000 -0.047699
v 0.073759 -0.030000 -0.059131
v 0.068314 -0.027071 -0.054437
v 0.066059 -0.020000 -0.052492
v 0.066059 0.020000 -0.052492
v 0.068314 0.027071 -0.054437
v 0.073759 0.030000 -0.059131
v 0.062560 -0.030000 -0.068143
v 0.057514 -0.027071 -0.063128
v 0.055424 -0.020000 -0.061051
v 0.055424 0.020000 -0.061051
v 0.057514 0.027071 -0.063128
v 0.062560 0.030000 -0.068143
v 0.050068 -0.030000 -0.083858
v 0.045564 -0.027071 -0.078162
v 0.043697 -0.020000 -0.075802
v 0.043697 0.020000 -0.075802
v 0.045564 0.027071 -0.078162
v 0.050068 0.030000 -0.083858
v 0.029495 -0.030000 -0.093523
v 0.027431 -0.027071 -0.086679
v 0.026576 -0.020000 -0.083846
v 0.026576 0.020000 -0.083846
v 0.027431 0.027071 -0.086679
v 0.029495 0.030000 -0.093523
v 0.013647 -0.030000 -0.095866
v 0.013512 -0.027071 -0.088738
v 0.013455 -0.020000 -0.085786
v 0.013455 0.020000 -0.085786
v 0.013512 0.027071 -0.088738
v 0.013647 0.030000 -0.095866
v -0.006143 -0.030000 -0.093708
v -0.004933 -0.027071 -0.086727
v -0.004431 -0.020000 -0.083835
v -0.004431 0.020000 -0.083835
v -0.004933 0.027071 -0.086727
v -0.006143 0.030000 -0.093708
v -0.025766 -0.030000 -0.089015
v -0.019959 -0.027071 -0.083134
v -0.017554 -0.020000 -0.080698
v -0.017554 0.020000 -0.080698
v -0.019959 0.027071 -0.083134
v -0.025766 0.030000 -0.089015
v -0.368262 -0.030000 -0.105360
v -0.375223 -0.027071 -0.104025
v -0.378106 -0.020000 -0.103473
v -0.378106 0.020000 -0.103473
v -0.375223 0.027071 -0.104025
v -0.368262 0.030000 -0.105360
v -0.371662 -0.030000 -0.118283
v -0.378849 -0.027071 -0.117807
v -0.381826 -0.020000 -0.117610
v -0.381826 0.020000 -0.117610
v -0.378849 0.027071 -0.117807
v -0.371662 0.030000 -0.118283
v -0.369995 -0.030000 -0.131541
v -0.376816 -0.027071 -0.133983
v -0.379640 -0.020000 -0.134994
v -0.379640 0.020000 -0.134994
v -0.376816 0.027071 -0.133983
v -0.369995 0.030000 -0.131541
v -0.363854 -0.030000 -0.141278
v -0.369302 -0.027071 -0.145896
v -0.371558 -0.020000 -0.147808
v -0.371558 0.020000 -0.147808
v -0.369302 0.027071 -0.145896
v -0.363854 0.030000 -0.141278
v -0.360249 -0.030000 -0.144485
v -0.363138 -0.027071 -0.151380
v -0.364333 -0.020000 -0.154237
v -0.364333 0.020000 -0.154237
v -0.363138 0.027071 -0.151380
v -0.360249 0.030000 -0.144485
v -0.352649 -0.030000 -0.144988
v -0.350311 -0.027071 -0.152229
v -0.349342 -0.020000 -0.155229
v -0.349342 0.020000 -0.155229
v -0.350311 0.027071 -0.152229
v -0.352649 0.030000 -0.144988
v -0.344573 -0.030000 -0.138313
v -0.333345 -0.027071 -0.138207
v -0.328694 -0.020000 -0.138162
v -0.328694 0.020000 -0.138162
v -0.333345 0.027071 -0.138207
v -0.344573 0.030000 -0.138313
v -0.355048 -0.030000 -0.129986
v -0.348048 -0.027071 -0.126518
v -0.345147 -0.020000 -0.125081
v -0.345147 0.020000 -0.125081
v -0.348048 0.027071 -0.126518
v -0.355048 0.030000 -0.129986
v -0.355250 -0.030000 -0.120217
v -0.348192 -0.027071 -0.119511
v -0.345268 -0.020000 -0.119218
v -0.345268 0.020000 -0.119218
v -0.348192 0.027071 -0.119511
v -0.355250 0.030000 -0.120217
v -0.356492 -0.030000 -0.113349
v -0.349249 -0.027071 -0.113670
v -0.346248 -0.020000 -0.113803
v -0.346248 0.020000 -0.113803
v -0.349249 0.027071 -0.113670
v -0.356492 0.030000 -0.113349
v -0.350900 -0.030000 -0.092938
v -0.343971 -0.027071 -0.094409
v -0.341101 -0.020000 -0.095019
v -0.341101 0.020000 -0.095019
v -0.343971 0.027071 -0.094409
v -0.350900 0.030000 -0.092938
v -0.347896 -0.030000 -0.073203
v -0.340928 -0.027071 -0.074416
v -0.338042 -0.020000 -0.074918
v -0.338042 0.020000 -0.074918
v -0.340928 0.027071 -0.074416
v -0.347896 0.030000 -0.073203
v -0.341493 -0.030000 -0.040546
v -0.334303 -0.027071 -0.040625
v -0.331324 -0.020000 -0.040657
v -0.331324 0.020000 -0.040657
v -0.334303 0.027071 -0.040625
v -0.341493 0.030000 -0.040546
v -0.343949 -0.030000 -0.026388
v -0.336386 -0.027071 -0.028616
v -0.333253 -0.020000 -0.029539
v -0.333253 0.020000 -0.029539
v -0.336386 0.027071 -0.028616
v -0.343949 0.030000 -0.026388
v -0.332526 -0.030000 -0.013996
v -0.326009 -0.027071 -0.017359
v -0.323309 -0.020000 -0.018753
v -0.323309 0.020000 -0.018753
v -0.326009 0.027071 -0.017359
v -0.332526 0.030000 -0.013996
v -0.330054 -0.030000 -0.002284
v -0.322802 -0.027071 -0.002170
v -0.319798 -0.020000 -0.002122
v -0.319798 0.020000 -0.002122
v -0.322802 0.027071 -0.002170
v -0.330054 0.030000 -0.002284
v -0.332056 -0.030000 0.005906
v -0.324573 -0.027071 0.005076
v -0.321474 -0.020000 0.004732
v -0.321474 0.020000 0.004732
v -0.324573 0.027071 0.005076
v -0.332056 0.030000 0.005906
v -0.327162 -0.030000 0.015761
v -0.320200 -0.027071 0.013883
v -0.317316 -0.020000 0.013105
v -0.317316 0.020000 0.013105
v -0.320200 0.027071 0.013883
v -0.327162 0.030000 0.015761
v -0.326240 -0.030000 0.029696
v -0.319257 -0.027071 0.028127
v -0.316365 -0.020000 0.027478
v -0.316365 0.020000 0.027478
v -0.319257 0.027071 0.028127
v -0.326240 0.030000 0.029696
v -0.322163 -0.030000 0.040029
v -0.316143 -0.027071 0.036021
v -0.313649 -0.020000 0.034360
v -0.313649 0.020000 0.034360
v -0.316143 0.027071 0.036021
v -0.322163 0.030000 0.040029
v -0.314003 -0.030000 0.047971
v -0.308734 -0.027071 0.043232
v -0.306552 -0.020000 0.041269
v -0.306552 0.020000 0.041269
v -0.308734 0.027071 0.043232
v -0.314003 0.030000 0.047971
v -0.307983 -0.030000 0.055630
v -0.302338 -0.027071 0.051369
v -0.300000 -0.020000 0.049604
v -0.300000 0.020000 0.049604
v -0.302338 0.027071 0.051369
v -0.307983 0.030000 0.055630
v -0.297714 -0.030000 0.069795
v -0.291226 -0.027071 0.066698
v -0.288539 -0.020000 0.065414
v -0.288539 0.020000 0.065414
v -0.291226 0.027071 0.066698
v -0.297714 0.030000 0.069795
v -0.294341 -0.030000 0.082296
v -0.288154 -0.027071 0.078086
v -0.285591 -0.020000 0.076342
v -0.285591 0.020000 0.076342
v -0.288154 0.027071 0.078086
v -0.294341 0.030000 0.082296
v -0.282297 -0.030000 0.091253
v -0.277851 -0.027071 0.085747
v -0.276010 -0.020000 0.083467
v -0.276010 0.020000 0.083467
v -0.277851 0.027071 0.085747
v -0.282297 0.030000 0.091253
v -0.275995 -0.030000 0.096773
v -0.273539 -0.027071 0.089524
v -0.272523 -0.020000 0.086521
v -0.272523 0.020000 0.086521
v -0.273539 0.027071 0.089524
v -0.275995 0.030000 0.096773
v -0.264593 -0.030000 0.096018
v -0.265745 -0.027071 0.089008
v -0.266223 -0.020000 0.086104
v -0.266223 0.020000 0.086104
v -0.265745 0.027071 0.089008
v -0.264593 0.030000 0.096018
v -0.243338 -0.030000 0.090370
v -0.246276 -0.027071 0.083834
v -0.247492 -0.020000 0.081127
v -0.247492 0.020000 0.081127
v -0.246276 0.027071 0.083834
v -0.243338 0.030000 0.090370
v -0.234805 -0.030000 0.084715
v -0.240175 -0.027071 0.079791
v -0.242398 -0.020000 0.077750
v -0.242398 0.020000 0.077750
v -0.240175 0.027071 0.079791
v -0.234805 0.030000 0.084715
v -0.224973 -0.030000 0.066676
v -0.231567 -0.027071 0.063999
v -0.234298 -0.020000 0.062890
v -0.234298 0.020000 0.062890
v -0.231567 0.027071 0.063999
v -0.224973 0.030000 0.066676
v -0.218459 -0.030000 0.043342
v -0.225384 -0.027071 0.041849
v -0.228252 -0.020000 0.041230
v -0.228252 0.020000 0.041230
v -0.225384 0.027071 0.041849
v -0.218459 0.030000 0.043342
v -0.216088 -0.030000 0.027916
v -0.222979 -0.027071 0.026212
v -0.225834 -0.020000 0.025506
v -0.225834 0.020000 0.025506
v -0.222979 0.027071 0.026212
v -0.216088 0.030000 0.027916
v -0.213240 -0.030000 0.019670
v -0.220189 -0.027071 0.018130
v -0.223067 -0.020000 0.017493
v -0.223067 0.020000 0.017493
v -0.220189 0.027071 0.018130
v -0.213240 0.030000 0.019670
v -0.211685 -0.030000 0.004723
v -0.218761 -0.027071 0.004399
v -0.221691 -0.020000 0.004265
v -0.221691 0.020000 0.004265
v -0.218761 0.027071 0.004399
v -0.211685 0.030000 0.004723
v -0.211875 -0.030000 -0.010957
v -0.218944 -0.027071 -0.010680
v -0.221871 -0.020000 -0.010566
v -0.221871 0.020000 -0.010566
v -0.218944 0.027071 -0.010680
v -0.211875 0.030000 -0.010957
v -0.212658 -0.030000 -0.022780
v -0.219740 -0.027071 -0.022715
v -0.222674 -0.020000 -0.022688
v -0.222674 0.020000 -0.022688
v -0.219740 0.027071 -0.022715
v -0.212658 0.030000 -0.022780
v -0.211947 -0.030000 -0.037671
v -0.219029 -0.027071 -0.037606
v -0.221963 -0.020000 -0.037578
v -0.221963 0.020000 -0.037578
v -0.219029 0.027071 -0.037606
v -0.211947 0.030000 -0.037671
v -0.215162 -0.030000 -0.086232
v -0.222182 -0.027071 -0.085225
v -0.225090 -0.020000 -0.084808
v -0.225090 0.020000 -0.084808
v -0.222182 0.027071 -0.085225
v -0.215162 0.030000 -0.086232
v -0.222409 -0.030000 -0.118833
v -0.229384 -0.027071 -0.117623
v -0.232273 -0.020000 -0.117122
v -0.232273 0.020000 -0.117122
v -0.229384 0.027071 -0.117623
v -0.222409 0.030000 -0.118833
v -0.224205 -0.030000 -0.133134
v -0.231196 -0.027071 -0.132061
v -0.234092 -0.020000 -0.131616
v -0.234092 0.020000 -0.131616
v -0.231196 0.027071 -0.132061
v -0.224205 0.030000 -0.133134
v -0.226872 -0.030000 -0.147802
v -0.233901 -0.027071 -0.146933
v -0.236812 -0.020000 -0.146573
v -0.236812 0.020000 -0.146573
v -0.233901 0.027071 -0.146933
v -0.226872 0.030000 -0.147802
v -0.227571 -0.030000 -0.158359
v -0.234640 -0.027071 -0.158105
v -0.237569 -0.020000 -0.158000
v -0.237569 0.020000 -0.158000
v -0.234640 0.027071 -0.158105
v -0.227571 0.030000 -0.158359
v -0.227649 -0.030000 -0.172349
v -0.234727 -0.027071 -0.173588
v -0.237659 -0.020000 -0.174101
v -0.237659 0.020000 -0.174101
v -0.234727 0.027071 -0.173588
v -0.227649 0.030000 -0.172349
v -0.224774 -0.030000 -0.180173
v -0.231335 -0.027071 -0.182821
v -0.234052 -0.020000 -0.183917
v -0.234052 0.020000 -0.183917
v -0.231335 0.027071 -0.182821
v -0.224774 0.030000 -0.180173
v -0.220350 -0.030000 -0.190221
v -0.225259 -0.027071 -0.196619
v -0.227292 -0.020000 -0.199270
v -0.227292 0.020000 -0.199270
v -0.225259 0.027071 -0.196619
v -0.220350 0.030000 -0.190221
v -0.210694 -0.030000 -0.191709
v -0.209611 -0.027071 -0.199030
v -0.209164 -0.020000 -0.202062
v -0.209164 0.020000 -0.202062
v -0.209611 0.027071 -0.199030
v -0.210694 0.030000 -0.191709
v -0.203686 -0.030000 -0.188355
v -0.199461 -0.027071 -0.194173
v -0.197712 -0.020000 -0.196583
v -0.197712 0.020000 -0.196583
v -0.199461 0.027071 -0.194173
v -0.203686 0.030000 -0.188355
v -0.196849 -0.030000 -0.181174
v -0.189228 -0.027071 -0.183425
v -0.186072 -0.020000 -0.184357
v -0.186072 0.020000 -0.184357
v -0.189228 0.027071 -0.183425
v -0.196849 0.030000 -0.181174
v -0.199360 -0.030000 -0.167860
v -0.192102 -0.027071 -0.168190
v -0.189096 -0.020000 -0.168326
v -0.189096 0.020000 -0.168326
v -0.192102 0.027071 -0.168190
v -0.199360 0.030000 -0.167860
v -0.196044 -0.030000 -0.156205
v -0.189094 -0.027071 -0.157615
v -0.186215 -0.020000 -0.158199
v -0.186215 0.020000 -0.158199
v -0.189094 0.027071 -0.157615
v -0.196044 0.030000 -0.156205
v -0.192397 -0.030000 -0.126757
v -0.185477 -0.027071 -0.128406
v -0.182610 -0.020000 -0.129089
v -0.182610 0.020000 -0.129089
v -0.185477 0.027071 -0.128406
v -0.192397 0.030000 -0.126757
v -0.187196 -0.030000 -0.112258
v -0.179832 -0.027071 -0.112671
v -0.176782 -0.020000 -0.112841
v -0.176782 0.020000 -0.112841
v -0.179832 0.027071 -0.112671
v -0.187196 0.030000 -0.112258
v -0.189848 -0.030000 -0.101056
v -0.182437 -0.027071 -0.101664
v -0.179368 -0.020000 -0.101917
v -0.179368 0.020000 -0.101917
v -0.182437 0.027071 -0.101664
v -0.189848 0.030000 -0.101056
v -0.183803 -0.030000 -0.086611
v -0.176893 -0.027071 -0.088418
v -0.174031 -0.020000 -0.089165
v -0.174031 0.020000 -0.089165
v -0.176893 0.027071 -0.088418
v -0.183803 0.030000 -0.086611
v -0.181811 -0.030000 -0.069354
v -0.174852 -0.027071 -0.070731
v -0.171969 -0.020000 -0.071302
v -0.171969 0.020000 -0.071302
v -0.174852 0.027071 -0.070731
v -0.181811 0.030000 -0.069354
v -0.176275 -0.030000 -0.049787
v -0.169268 -0.027071 -0.050997
v -0.166366 -0.020000 -0.051498
v -0.166366 0.020000 -0.051498
v -0.169268 0.027071 -0.050997
v -0.176275 0.030000 -0.049787
v -0.175073 -0.030000 -0.031630
v -0.168066 -0.027071 -0.032831
v -0.165163 -0.020000 -0.033329
v -0.165163 0.020000 -0.033329
v -0.168066 0.027071 -0.032831
v -0.175073 0.030000 -0.031630
v -0.172853 -0.030000 -0.023718
v -0.166055 -0.027071 -0.025664
v -0.163238 -0.020000 -0.026469
v -0.163238 0.020000 -0.026469
v -0.166055 0.027071 -0.025664
v -0.172853 0.030000 -0.023718
v -0.162426 -0.030000 0.012065
v -0.155685 -0.027071 0.009921
v -0.152893 -0.020000 0.009033
v -0.152893 0.020000 0.009033
v -0.155685 0.027071 0.009921
v -0.162426 0.030000 0.012065
v -0.159277 -0.030000 0.021187
v -0.152284 -0.027071 0.019775
v -0.149387 -0.020000 0.019190
v -0.149387 0.020000 0.019190
v -0.152284 0.027071 0.019775
v -0.159277 0.030000 0.021187
v -0.158075 -0.030000 0.039344
v -0.151064 -0.027071 0.038201
v -0.148160 -0.020000 0.037728
v -0.148160 0.020000 0.037728
v -0.151064 0.027071 0.038201
v -0.158075 0.030000 0.039344
v -0.154675 -0.030000 0.052267
v -0.147891 -0.027071 0.050263
v -0.145080 -0.020000 0.049433
v -0.145080 0.020000 0.049433
v -0.147891 0.027071 0.050263
v -0.154675 0.030000 0.052267
v -0.149362 -0.030000 0.068456
v -0.142451 -0.027071 0.066838
v -0.139588 -0.020000 0.066168
v -0.139588 0.020000 0.066168
v -0.142451 0.027071 0.066838
v -0.149362 0.030000 0.068456
v -0.147004 -0.030000 0.084840
v -0.139931 -0.027071 0.084347
v -0.137002 -0.020000 0.084142
v -0.137002 0.020000 0.084142
v -0.139931 0.027071 0.084347
v -0.147004 0.030000 0.084840
v -0.147070 -0.030000 0.103081
v -0.139994 -0.027071 0.101650
v -0.137062 -0.020000 0.101057
v -0.137062 0.020000 0.101057
v -0.139994 0.027071 0.101650
v -0.147070 0.030000 0.103081
v -0.143554 -0.030000 0.111331
v -0.136768 -0.027071 0.109220
v -0.133957 -0.020000 0.108346
v -0.133957 0.020000 0.108346
v -0.136768 0.027071 0.109220
v -0.143554 0.030000 0.111331
v -0.137264 -0.030000 0.142299
v -0.130170 -0.027071 0.141695
v -0.127232 -0.020000 0.141445
v -0.127232 0.020000 0.141445
v -0.130170 0.027071 0.141695
v -0.137264 0.030000 0.142299
v -0.138064 -0.030000 0.168648
v -0.130934 -0.027071 0.166830
v -0.127980 -0.020000 0.166077
v -0.127980 0.020000 0.166077
v -0.130934 0.027071 0.166830
v -0.138064 0.030000 0.168648
v -0.131369 -0.030000 0.180079
v -0.124660 -0.027071 0.177544
v -0.121881 -0.020000 0.176493
v -0.121881 0.020000 0.176493
v -0.124660 0.027071 0.177544
v -0.131369 0.030000 0.180079
v -0.127522 -0.030000 0.199758
v -0.120632 -0.027071 0.198141
v -0.117779 -0.020000 0.197470
v -0.117779 0.020000 0.197470
v -0.120632 0.027071 0.198141
v -0.127522 0.030000 0.199758
v -0.123053 -0.030000 0.216004
v -0.116045 -0.027071 0.214820
v -0.113142 -0.020000 0.214330
v -0.113142 0.020000 0.214330
v -0.116045 0.027071 0.214820
v -0.123053 0.030000 0.216004
v -0.121906 -0.030000 0.233317
v -0.114842 -0.027071 0.232987
v -0.111915 -0.020000 0.232852
v -0.111915 0.020000 0.232852
v -0.114842 0.027071 0.232987
v -0.121906 0.030000 0.233317
v -0.121326 -0.030000 0.254907
v -0.114297 -0.027071 0.253239
v -0.111385 -0.020000 0.252549
v -0.111385 0.020000 0.252549
v -0.114297 0.027071 0.253239
v -0.121326 0.030000 0.254907
v -0.116882 -0.030000 0.264369
v -0.109146 -0.027071 0.264207
v -0.105941 -0.020000 0.264141
v -0.105941 0.020000 0.264141
v -0.109146 0.027071 0.264207
v -0.116882 0.030000 0.264369
v -0.120180 -0.030000 0.272221
v -0.112931 -0.027071 0.273222
v -0.109928 -0.020000 0.273636
v -0.109928 0.020000 0.273636
v -0.112931 0.027071 0.273222
v -0.120180 0.030000 0.272221
v -0.118356 -0.030000 0.286944
v -0.111513 -0.027071 0.284671
v -0.108678 -0.020000 0.283729
v -0.108678 0.020000 0.283729
v -0.111513 0.027071 0.284671
v -0.118356 0.030000 0.286944
v -0.110199 -0.030000 0.301249
v -0.103529 -0.027071 0.298672
v -0.100765 -0.020000 0.297606
v -0.100765 0.020000 0.297606
v -0.103529 0.027071 0.298672
v -0.110199 0.030000 0.301249
v -0.106576 -0.030000 0.317549
v -0.099878 -0.027071 0.315092
v -0.097104 -0.020000 0.314075
v -0.097104 0.020000 0.314075
v -0.099878 0.027071 0.315092
v -0.106576 0.030000 0.317549
v -0.102695 -0.030000 0.324927
v -0.095555 -0.027071 0.323308
v -0.092598 -0.020000 0.322639
v -0.092598 0.020000 0.322639
v -0.095555 0.027071 0.323308
v -0.102695 0.030000 0.324927
v -0.103008 -0.030000 0.333005
v -0.095899 -0.027071 0.332186
v -0.092956 -0.020000 0.331845
v -0.092956 0.020000 0.331845
v -0.095899 0.027071 0.332186
v -0.103008 0.030000 0.333005
v -0.098539 -0.030000 0.349250
v -0.091713 -0.027071 0.347407
v -0.088885 -0.020000 0.346644
v -0.088885 0.020000 0.346644
v -0.091713 0.027071 0.347407
v -0.098539 0.030000 0.349250
v -0.094015 -0.030000 0.366339
v -0.087065 -0.027071 0.364961
v -0.084187 -0.020000 0.364390
v -0.084187 0.020000 0.364390
v -0.087065 0.027071 0.364961
v -0.094015 0.030000 0.366339
v -0.092331 -0.030000 0.378951
v -0.084990 -0.027071 0.380510
v -0.081949 -0.020000 0.381156
v -0.081949 0.020000 0.381156
v -0.084990 0.027071 0.380510
v -0.092331 0.030000 0.378951
v -0.100756 -0.030000 0.392656
v -0.094291 -0.027071 0.395643
v -0.091613 -0.020000 0.396880
v -0.091613 0.020000 0.396880
v -0.094291 0.027071 0.395643
v -0.100756 0.030000 0.392656
v -0.104279 -0.030000 0.403493
v -0.099741 -0.027071 0.412404
v -0.097862 -0.020000 0.416094
v -0.097862 0.020000 0.416094
v -0.099741 0.027071 0.412404
v -0.104279 0.030000 0.403493
v -0.110780 -0.030000 0.401379
v -0.106780 -0.027071 0.410115
v -0.105123 -0.020000 0.413734
v -0.105123 0.020000 0.413734
v -0.106780 0.027071 0.410115
v -0.110780 0.030000 0.401379
v -0.113712 -0.030000 0.408359
v -0.107247 -0.027071 0.411228
v -0.104569 -0.020000 0.412417
v -0.104569 0.020000 0.412417
v -0.107247 0.027071 0.411228
v -0.113712 0.030000 0.408359
v -0.119657 -0.030000 0.421051
v -0.114442 -0.027071 0.426589
v -0.112283 -0.020000 0.428882
v -0.112283 0.020000 0.428882
v -0.114442 0.027071 0.426589
v -0.119657 0.030000 0.421051
v -0.132468 -0.030000 0.426141
v -0.131471 -0.027071 0.433353
v -0.131059 -0.020000 0.436342
v -0.131059 0.020000 0.436342
v -0.131471 0.027071 0.433353
v -0.132468 0.030000 0.426141
v -0.147415 -0.030000 0.424585
v -0.147762 -0.027071 0.431659
v -0.147905 -0.020000 0.434589
v -0.147905 0.020000 0.434589
v -0.147762 0.027071 0.431659
v -0.147415 0.030000 0.424585
v -0.161406 -0.030000 0.424664
v -0.163487 -0.027071 0.431746
v -0.164350 -0.020000 0.434680
v -0.164350 0.020000 0.434680
v -0.163487 0.027071 0.431746
v -0.161406 0.030000 0.424664
v -0.173816 -0.030000 0.416579
v -0.178507 -0.027071 0.421962
v -0.180450 -0.020000 0.424191
v -0.180450 0.020000 0.424191
v -0.178507 0.027071 0.421962
v -0.173816 0.030000 0.416579
v -0.185295 -0.030000 0.403342
v -0.191139 -0.027071 0.407396
v -0.193560 -0.020000 0.409076
v -0.193560 0.020000 0.409076
v -0.191139 0.027071 0.407396
v -0.185295 0.030000 0.403342
v -0.191089 -0.030000 0.392699
v -0.197872 -0.027071 0.395030
v -0.200681 -0.020000 0.395995
v -0.200681 0.020000 0.395995
v -0.197872 0.027071 0.395030
v -0.191089 0.030000 0.392699
v -0.193924 -0.030000 0.375499
v -0.201126 -0.027071 0.375287
v -0.204108 -0.020000 0.375200
v -0.204108 0.020000 0.375200
v -0.201126 0.027071 0.375287
v -0.193924 0.030000 0.375499
v -0.191302 -0.030000 0.363873
v -0.198086 -0.027071 0.361818
v -0.200897 -0.020000 0.360966
v -0.200897 0.020000 0.360966
v -0.198086 0.027071 0.361818
v -0.191302 0.030000 0.363873
v -0.186961 -0.030000 0.352558
v -0.193762 -0.027071 0.350547
v -0.196580 -0.020000 0.349714
v -0.196580 0.020000 0.349714
v -0.193762 0.027071 0.350547
v -0.186961 0.030000 0.352558
v -0.183406 -0.030000 0.335783
v -0.190432 -0.027071 0.334830
v -0.193343 -0.020000 0.334435
v -0.193343 0.020000 0.334435
v -0.190432 0.027071 0.334830
v -0.183406 0.030000 0.335783
v -0.182186 -0.030000 0.315769
v -0.189250 -0.027071 0.315426
v -0.192175 -0.020000 0.315285
v -0.192175 0.020000 0.315285
v -0.189250 0.027071 0.315426
v -0.182186 0.030000 0.315769
v -0.181587 -0.030000 0.299189
v -0.188667 -0.027071 0.299295
v -0.191599 -0.020000 0.299339
v -0.191599 0.020000 0.299339
v -0.188667 0.027071 0.299295
v -0.181587 0.030000 0.299189
v -0.183097 -0.030000 0.276386
v -0.190190 -0.027071 0.276281
v -0.193129 -0.020000 0.276237
v -0.193129 0.020000 0.276237
v -0.190190 0.027071 0.276281
v -0.183097 0.030000 0.276386
v -0.181089 -0.030000 0.255472
v -0.188274 -0.027071 0.256317
v -0.191249 -0.020000 0.256667
v -0.191249 0.020000 0.256667
v -0.188274 0.027071 0.256317
v -0.181089 0.030000 0.255472
v -0.186346 -0.030000 0.240127
v -0.193290 -0.027071 0.241675
v -0.196166 -0.020000 0.242317
v -0.196166 0.020000 0.242317
v -0.193290 0.027071 0.241675
v -0.186346 0.030000 0.240127
v -0.188504 -0.030000 0.220337
v -0.195550 -0.027071 0.220953
v -0.198468 -0.020000 0.221210
v -0.198468 0.020000 0.221210
v -0.195550 0.027071 0.220953
v -0.188504 0.030000 0.220337
v -0.189930 -0.030000 0.198801
v -0.196975 -0.027071 0.199425
v -0.199894 -0.020000 0.199683
v -0.199894 0.020000 0.199683
v -0.196975 0.027071 0.199425
v -0.189930 0.030000 0.198801
v -0.192032 -0.030000 0.179855
v -0.199094 -0.027071 0.180335
v -0.202018 -0.020000 0.180534
v -0.202018 0.020000 0.180534
v -0.199094 0.027071 0.180335
v -0.192032 0.030000 0.179855
v -0.192558 -0.030000 0.159108
v -0.199623 -0.027071 0.159431
v -0.202550 -0.020000 0.159565
v -0.202550 0.020000 0.159565
v -0.199623 0.027071 0.159431
v -0.192558 0.030000 0.159108
v -0.195549 -0.030000 0.113926
v -0.201407 -0.027071 0.132483
v -0.203834 -0.020000 0.140169
v -0.203834 0.020000 0.140169
v -0.201407 0.027071 0.132483
v -0.195549 0.030000 0.113926
v -0.204562 -0.030000 0.125125
v -0.198841 -0.027071 0.129294
v -0.196471 -0.020000 0.131021
v -0.196471 0.020000 0.131021
v -0.198841 0.027071 0.129294
v -0.204562 0.030000 0.125125
v -0.215352 -0.030000 0.141532
v -0.210626 -0.027071 0.147215
v -0.208668 -0.020000 0.149569
v -0.208668 0.020000 0.149569
v -0.210626 0.027071 0.147215
v -0.215352 0.030000 0.141532
v -0.239284 -0.030000 0.151598
v -0.237966 -0.027071 0.158715
v -0.237420 -0.020000 0.161663
v -0.237420 0.020000 0.161663
v -0.237966 0.027071 0.158715
v -0.239284 0.030000 0.151598
v -0.265209 -0.030000 0.150770
v -0.265603 -0.027071 0.157832
v -0.265766 -0.020000 0.160757
v -0.265766 0.020000 0.160757
v -0.265603 0.027071 0.157832
v -0.265209 0.030000 0.150770
v -0.282690 -0.030000 0.149382
v -0.283955 -0.027071 0.156375
v -0.284479 -0.020000 0.159272
v -0.284479 0.020000 0.159272
v -0.283955 0.027071 0.156375
v -0.282690 0.030000 0.149382
v -0.299551 -0.030000 0.144561
v -0.302162 -0.027071 0.151169
v -0.303244 -0.020000 0.153906
v -0.303244 0.020000 0.153906
v -0.302162 0.027071 0.151169
v -0.299551 0.030000 0.144561
v -0.319307 -0.030000 0.134418
v -0.323831 -0.027071 0.140044
v -0.325704 -0.020000 0.142375
v -0.325704 0.020000 0.142375
v -0.323831 0.027071 0.140044
v -0.319307 0.030000 0.134418
v -0.333599 -0.030000 0.117127
v -0.339307 -0.027071 0.121321
v -0.341671 -0.020000 0.123058
v -0.341671 0.020000 0.123058
v -0.339307 0.027071 0.121321
v -0.333599 0.030000 0.117127
v -0.340210 -0.030000 0.106961
v -0.346793 -0.027071 0.109809
v -0.349520 -0.020000 0.110988
v -0.349520 0.020000 0.110988
v -0.346793 0.027071 0.109809
v -0.340210 0.030000 0.106961
v -0.346026 -0.030000 0.083172
v -0.352860 -0.027071 0.084997
v -0.355690 -0.020000 0.085753
v -0.355690 0.020000 0.085753
v -0.352860 0.027071 0.084997
v -0.346026 0.030000 0.083172
v -0.350972 -0.030000 0.066111
v -0.357978 -0.027071 0.067344
v -0.360879 -0.020000 0.067853
v -0.360879 0.020000 0.067853
v -0.357978 0.027071 0.067344
v -0.350972 0.030000 0.066111
v -0.352118 -0.030000 0.048798
v -0.359149 -0.027071 0.049663
v -0.362059 -0.020000 0.050021
v -0.362059 0.020000 0.050021
v -0.359149 0.027071 0.049663
v -0.352118 0.030000 0.048798
v -0.356134 -0.030000 0.026586
v -0.363137 -0.027071 0.027593
v -0.366039 -0.020000 0.028010
v -0.366039 0.020000 0.028010
v -0.363137 0.027071 0.027593
v -0.356134 0.030000 0.026586
v -0.358348 -0.030000 0.005950
v -0.365394 -0.027071 0.006562
v -0.368313 -0.020000 0.006814
v -0.368313 0.020000 0.006814
v -0.365394 0.027071 0.006562
v -0.358348 0.030000 0.005950
v -0.359495 -0.030000 -0.011362
v -0.366526 -0.027071 -0.010535
v -0.369439 -0.020000 -0.010192
v -0.369439 0.020000 -0.010192
v -0.366526 0.027071 -0.010535
v -0.359495 0.030000 -0.011362
v -0.362274 -0.030000 -0.027719
v -0.369306 -0.027071 -0.026891
v -0.372218 -0.020000 -0.026548
v -0.372218 0.020000 -0.026548
v -0.369306 0.027071 -0.026891
v -0.362274 0.030000 -0.027719
v -0.363476 -0.030000 -0.045876
v -0.370555 -0.027071 -0.045768
v -0.373488 -0.020000 -0.045722
v -0.373488 0.020000 -0.045722
v -0.370555 0.027071 -0.045768
v -0.363476 0.030000 -0.045876
v -0.362592 -0.030000 -0.070958
v -0.369687 -0.027071 -0.070387
v -0.372627 -0.020000 -0.070151
v -0.372627 0.020000 -0.070151
v -0.369687 0.027071 -0.070387
v -0.362592 0.030000 -0.070958
v -0.366411 -0.030000 -0.090214
v -0.373398 -0.027071 -0.089096
v -0.376293 -0.020000 -0.088633
v -0.376293 0.020000 -0.088633
v -0.373398 0.027071 -0.089096
v -0.366411 0.030000 -0.090214
v -0.618254 -0.030000 0.116038
v -0.617809 -0.027071 0.123495
v -0.617625 -0.020000 0.126584
v -0.617625 0.020000 0.126584
v -0.617809 0.027071 0.123495
v -0.618254 0.030000 0.116038
v -0.628190 -0.030000 0.113304
v -0.638273 -0.027071 0.117862
v -0.642450 -0.020000 0.119750
v -0.642450 0.020000 0.119750
v -0.638273 0.027071 0.117862
v -0.628190 0.030000 0.113304
v -0.623709 -0.030000 0.104101
v -0.627927 -0.027071 0.096608
v -0.629673 -0.020000 0.093504
v -0.629673 0.020000 0.093504
v -0.627927 0.027071 0.096608
v -0.623709 0.030000 0.104101
v -0.613042 -0.030000 0.105090
v -0.607547 -0.027071 0.098499
v -0.605271 -0.020000 0.095769
v -0.605271 0.020000 0.095769
v -0.607547 0.027071 0.098499
v -0.613042 0.030000 0.105090
v -0.610821 -0.030000 0.113002
v -0.602309 -0.027071 0.117163
v -0.598783 -0.020000 0.118887
v -0.598783 0.020000 0.118887
v -0.602309 0.027071 0.117163
v -0.610821 0.030000 0.113002
v -0.630495 -0.030000 0.168167
v -0.631728 -0.027071 0.175165
v -0.632240 -0.020000 0.178064
v -0.632240 0.020000 0.178064
v -0.631728 0.027071 0.175165
v -0.630495 0.030000 0.168167
v -0.637842 -0.030000 0.166109
v -0.645279 -0.027071 0.171369
v -0.648359 -0.020000 0.173547
v -0.648359 0.020000 0.173547
v -0.645279 0.027071 0.171369
v -0.637842 0.030000 0.166109
v -0.637416 -0.030000 0.159719
v -0.644259 -0.027071 0.156056
v -0.647094 -0.020000 0.154538
v -0.647094 0.020000 0.154538
v -0.644259 0.027071 0.156056
v -0.637416 0.030000 0.159719
v -0.631362 -0.030000 0.155077
v -0.634639 -0.027071 0.148680
v -0.635997 -0.020000 0.146030
v -0.635997 0.020000 0.146030
v -0.634639 0.027071 0.148680
v -0.631362 0.030000 0.155077
v -0.620550 -0.030000 0.151816
v -0.622057 -0.027071 0.144885
v -0.622681 -0.020000 0.142014
v -0.622681 0.020000 0.142014
v -0.622057 0.027071 0.144885
v -0.620550 0.030000 0.151816
v -0.608361 -0.030000 0.150162
v -0.609958 -0.027071 0.143242
v -0.610619 -0.020000 0.140376
v -0.610619 0.020000 0.140376
v -0.609958 0.027071 0.143242
v -0.608361 0.030000 0.150162
v -0.595494 -0.030000 0.145916
v -0.596858 -0.027071 0.138920
v -0.597421 -0.020000 0.136022
v -0.597421 0.020000 0.136022
v -0.596858 0.027071 0.138920
v -0.595494 0.030000 0.145916
v -0.583671 -0.030000 0.145134
v -0.584365 -0.027071 0.138093
v -0.584653 -0.020000 0.135177
v -0.584653 0.020000 0.135177
v -0.584365 0.027071 0.138093
v -0.583671 0.030000 0.145134
v -0.570637 -0.030000 0.143423
v -0.572127 -0.027071 0.136487
v -0.572745 -0.020000 0.133614
v -0.572745 0.020000 0.133614
v -0.572127 0.027071 0.136487
v -0.570637 0.030000 0.143423
v -0.554420 -0.030000 0.138532
v -0.554652 -0.027071 0.131216
v -0.554749 -0.020000 0.128186
v -0.554749 0.020000 0.128186
v -0.554652 0.027071 0.131216
v -0.554420 0.030000 0.138532
v -0.544512 -0.030000 0.140845
v -0.545058 -0.027071 0.133456
v -0.545285 -0.020000 0.130396
v -0.545285 0.020000 0.130396
v -0.545058 0.027071 0.133456
v -0.544512 0.030000 0.140845
v -0.532940 -0.030000 0.136262
v -0.536461 -0.027071 0.130051
v -0.537919 -0.020000 0.127478
v -0.537919 0.020000 0.127478
v -0.536461 0.027071 0.130051
v -0.532940 0.030000 0.136262
v -0.524464 -0.030000 0.129763
v -0.529975 -0.027071 0.125078
v -0.532257 -0.020000 0.123137
v -0.532257 0.020000 0.123137
v -0.529975 0.027071 0.125078
v -0.524464 0.030000 0.129763
v -0.520689 -0.030000 0.122727
v -0.527878 -0.027071 0.121171
v -0.530856 -0.020000 0.120526
v -0.530856 0.020000 0.120526
v -0.527878 0.027071 0.121171
v -0.520689 0.030000 0.122727
v -0.521220 -0.030000 0.114704
v -0.528291 -0.027071 0.114944
v -0.531219 -0.020000 0.115043
v -0.531219 0.020000 0.115043
v -0.528291 0.027071 0.114944
v -0.521220 0.030000 0.114704
v -0.521241 -0.030000 0.101558
v -0.528316 -0.027071 0.100140
v -0.531245 -0.020000 0.099552
v -0.531245 0.020000 0.099552
v -0.528316 0.027071 0.100140
v -0.521241 0.030000 0.101558
v -0.518311 -0.030000 0.094578
v -0.525477 -0.027071 0.093379
v -0.528445 -0.020000 0.092883
v -0.528445 0.020000 0.092883
v -0.525477 0.027071 0.093379
v -0.518311 0.030000 0.094578
v -0.518982 -0.030000 0.084444
v -0.526089 -0.027071 0.084136
v -0.529033 -0.020000 0.084009
v -0.529033 0.020000 0.084009
v -0.526089 0.027071 0.084136
v -0.518982 0.030000 0.084444
v -0.517203 -0.030000 0.072875
v -0.524162 -0.027071 0.071604
v -0.527044 -0.020000 0.071077
v -0.527044 0.020000 0.071077
v -0.524162 0.027071 0.071604
v -0.517203 0.030000 0.072875
v -0.513648 -0.030000 0.056098
v -0.520679 -0.027071 0.055168
v -0.523592 -0.020000 0.054782
v -0.523592 0.020000 0.054782
v -0.520679 0.027071 0.055168
v -0.513648 0.030000 0.056098
v -0.512882 -0.030000 0.042052
v -0.519966 -0.027071 0.042093
v -0.522900 -0.020000 0.042110
v -0.522900 0.020000 0.042110
v -0.519966 0.027071 0.042093
v -0.512882 0.030000 0.042052
v -0.516488 -0.030000 -0.012421
v -0.523529 -0.027071 -0.011726
v -0.526445 -0.020000 -0.011438
v -0.526445 0.020000 -0.011438
v -0.523529 0.027071 -0.011726
v -0.516488 0.030000 -0.012421
v -0.518199 -0.030000 -0.025455
v -0.525264 -0.027071 -0.024945
v -0.528190 -0.020000 -0.024733
v -0.528190 0.020000 -0.024733
v -0.525264 0.027071 -0.024945
v -0.518199 0.030000 -0.025455
v -0.518417 -0.030000 -0.041557
v -0.525497 -0.027071 -0.042230
v -0.528431 -0.020000 -0.042508
v -0.528431 0.020000 -0.042508
v -0.525497 0.027071 -0.042230
v -0.518417 0.030000 -0.041557
v -0.515849 -0.030000 -0.054026
v -0.522906 -0.027071 -0.054818
v -0.525828 -0.020000 -0.055147
v -0.525828 0.020000 -0.055147
v -0.522906 0.027071 -0.054818
v -0.515849 0.030000 -0.054026
v -0.515648 -0.030000 -0.063794
v -0.522717 -0.027071 -0.063995
v -0.525644 -0.020000 -0.064078
v -0.525644 0.020000 -0.064078
v -0.522717 0.027071 -0.063995
v -0.515648 0.030000 -0.063794
v -0.515049 -0.030000 -0.080374
v -0.522143 -0.027071 -0.079857
v -0.525082 -0.020000 -0.079644
v -0.525082 0.020000 -0.079644
v -0.522143 0.027071 -0.079857
v -0.515049 0.030000 -0.080374
v -0.520356 -0.030000 -0.109287
v -0.527102 -0.027071 -0.106872
v -0.529896 -0.020000 -0.105872
v -0.529896 0.020000 -0.105872
v -0.527102 0.027071 -0.106872
v -0.520356 0.030000 -0.109287
v -0.524210 -0.030000 -0.116242
v -0.530404 -0.027071 -0.112831
v -0.532969 -0.020000 -0.111418
v -0.532969 0.020000 -0.111418
v -0.530404 0.027071 -0.112831
v -0.524210 0.030000 -0.116242
v -0.530482 -0.030000 -0.127702
v -0.535831 -0.027071 -0.122748
v -0.538047 -0.020000 -0.120695
v -0.538047 0.020000 -0.120695
v -0.535831 0.027071 -0.122748
v -0.530482 0.030000 -0.127702
v -0.539346 -0.030000 -0.133477
v -0.542366 -0.027071 -0.127004
v -0.543617 -0.020000 -0.124324
v -0.543617 0.020000 -0.124324
v -0.542366 0.027071 -0.127004
v -0.539346 0.030000 -0.133477
v -0.555361 -0.030000 -0.138354
v -0.555865 -0.027071 -0.131116
v -0.556074 -0.020000 -0.128117
v -0.556074 0.020000 -0.128117
v -0.555865 0.027071 -0.131116
v -0.555361 0.030000 -0.138354
v -0.564596 -0.030000 -0.136895
v -0.563809 -0.027071 -0.129860
v -0.563482 -0.020000 -0.126946
v -0.563482 0.020000 -0.126946
v -0.563809 0.027071 -0.129860
v -0.564596 0.030000 -0.136895
v -0.583175 -0.030000 -0.135665
v -0.596121 -0.027071 -0.127721
v -0.601483 -0.020000 -0.124431
v -0.601483 0.020000 -0.124431
v -0.596121 0.027071 -0.127721
v -0.583175 0.030000 -0.135665
v -0.578978 -0.030000 -0.142728
v -0.583913 -0.027071 -0.148264
v -0.585958 -0.020000 -0.150557
v -0.585958 0.020000 -0.150557
v -0.583913 0.027071 -0.148264
v -0.578978 0.030000 -0.142728
v -0.564562 -0.030000 -0.149197
v -0.566297 -0.027071 -0.156168
v -0.567015 -0.020000 -0.159056
v -0.567015 0.020000 -0.159056
v -0.566297 0.027071 -0.156168
v -0.564562 0.030000 -0.149197
v -0.544715 -0.030000 -0.150511
v -0.544598 -0.027071 -0.157605
v -0.544550 -0.020000 -0.160543
v -0.544550 0.020000 -0.160543
v -0.544598 0.027071 -0.157605
v -0.544715 0.030000 -0.150511
v -0.531908 -0.030000 -0.149238
v -0.530691 -0.027071 -0.156223
v -0.530187 -0.020000 -0.159116
v -0.530187 0.020000 -0.159116
v -0.530691 0.027071 -0.156223
v -0.531908 0.030000 -0.149238
v -0.518538 -0.030000 -0.145882
v -0.515978 -0.027071 -0.152529
v -0.514916 -0.020000 -0.155282
v -0.514916 0.020000 -0.155282
v -0.515978 0.027071 -0.152529
v -0.518538 0.030000 -0.145882
v -0.505789 -0.030000 -0.139091
v -0.503197 -0.027071 -0.145723
v -0.502124 -0.020000 -0.148470
v -0.502124 0.020000 -0.148470
v -0.503197 0.027071 -0.145723
v -0.505789 0.030000 -0.139091
v -0.492841 -0.030000 -0.135707
v -0.489325 -0.027071 -0.142097
v -0.487869 -0.020000 -0.144743
v -0.487869 0.020000 -0.144743
v -0.489325 0.027071 -0.142097
v -0.492841 0.030000 -0.135707
v -0.478828 -0.030000 -0.122639
v -0.473152 -0.027071 -0.127014
v -0.470800 -0.020000 -0.128825
v -0.470800 0.020000 -0.128825
v -0.473152 0.027071 -0.127014
v -0.478828 0.030000 -0.122639
v -0.471572 -0.030000 -0.109124
v -0.464712 -0.027071 -0.111294
v -0.461870 -0.020000 -0.112194
v -0.461870 0.020000 -0.112194
v -0.464712 0.027071 -0.111294
v -0.471572 0.030000 -0.109124
v -0.469693 -0.030000 -0.093556
v -0.462741 -0.027071 -0.094962
v -0.459861 -0.020000 -0.095545
v -0.459861 0.020000 -0.095545
v -0.462741 0.027071 -0.094962
v -0.469693 0.030000 -0.093556
v -0.465281 -0.030000 -0.078156
v -0.458566 -0.027071 -0.080394
v -0.455785 -0.020000 -0.081321
v -0.455785 0.020000 -0.081321
v -0.458566 0.027071 -0.080394
v -0.465281 0.030000 -0.078156
v -0.461175 -0.030000 -0.067401
v -0.454057 -0.027071 -0.068580
v -0.451109 -0.020000 -0.069069
v -0.451109 0.020000 -0.069069
v -0.454057 0.027071 -0.068580
v -0.461175 0.030000 -0.067401
v -0.461774 -0.030000 -0.050820
v -0.454695 -0.027071 -0.050927
v -0.451762 -0.020000 -0.050970
v -0.451762 0.020000 -0.050970
v -0.454695 0.027071 -0.050927
v -0.461774 0.030000 -0.050820
v -0.460628 -0.030000 -0.033507
v -0.453603 -0.027071 -0.034428
v -0.450693 -0.020000 -0.034809
v -0.450693 0.020000 -0.034809
v -0.453603 0.027071 -0.034428
v -0.460628 0.030000 -0.033507
v -0.458072 -0.030000 -0.020529
v -0.450905 -0.027071 -0.020731
v -0.447937 -0.020000 -0.020815
v -0.447937 0.020000 -0.020815
v -0.450905 0.027071 -0.020731
v -0.458072 0.030000 -0.020529
v -0.459795 -0.030000 -0.008115
v -0.452566 -0.027071 -0.008764
v -0.449573 -0.020000 -0.009034
v -0.449573 0.020000 -0.009034
v -0.452566 0.027071 -0.008764
v -0.459795 0.030000 -0.008115
v -0.454482 -0.030000 0.008073
v -0.447585 -0.027071 0.006415
v -0.444728 -0.020000 0.005729
v -0.444728 0.020000 0.005729
v -0.447585 0.027071 0.006415
v -0.454482 0.030000 0.008073
v -0.451536 -0.030000 0.026964
v -0.444531 -0.027071 0.025990
v -0.441629 -0.020000 0.025586
v -0.441629 0.020000 0.025586
v -0.444531 0.027071 0.025990
v -0.451536 0.030000 0.026964
v -0.449684 -0.030000 0.042110
v -0.442616 -0.027071 0.041660
v -0.439687 -0.020000 0.041473
v -0.439687 0.020000 0.041473
v -0.442616 0.027071 0.041660
v -0.449684 0.030000 0.042110
v -0.449607 -0.030000 0.056100
v -0.442532 -0.027071 0.056601
v -0.439602 -0.020000 0.056808
v -0.439602 0.020000 0.056808
v -0.442532 0.027071 0.056601
v -0.449607 0.030000 0.056100
v -0.451950 -0.030000 0.071947
v -0.444845 -0.027071 0.072235
v -0.441901 -0.020000 0.072353
v -0.441901 0.020000 0.072353
v -0.444845 0.027071 0.072235
v -0.451950 0.030000 0.071947
v -0.448344 -0.030000 0.126420
v -0.441830 -0.027071 0.117775
v -0.439131 -0.020000 0.114194
v -0.439131 0.020000 0.114194
v -0.441830 0.027071 0.117775
v -0.448344 0.030000 0.126420
v -0.437055 -0.030000 0.123976
v -0.439075 -0.027071 0.117179
v -0.439912 -0.020000 0.114363
v -0.439912 0.020000 0.114363
v -0.439075 0.027071 0.117179
v -0.437055 0.030000 0.123976
v -0.426299 -0.030000 0.119872
v -0.428932 -0.027071 0.113307
v -0.430022 -0.020000 0.110588
v -0.430022 0.020000 0.110588
v -0.428932 0.027071 0.113307
v -0.426299 0.030000 0.119872
v -0.414333 -0.030000 0.114838
v -0.418098 -0.027071 0.108751
v -0.419658 -0.020000 0.106229
v -0.419658 0.020000 0.106229
v -0.418098 0.027071 0.108751
v -0.414333 0.030000 0.114838
v -0.406308 -0.030000 0.107945
v -0.409726 -0.027071 0.101560
v -0.411142 -0.020000 0.098916
v -0.411142 0.020000 0.098916
v -0.409726 0.027071 0.101560
v -0.406308 0.030000 0.107945
v -0.398396 -0.030000 0.105724
v -0.399105 -0.027071 0.098580
v -0.399399 -0.020000 0.095620
v -0.399399 0.020000 0.095620
v -0.399105 0.027071 0.098580
v -0.398396 0.030000 0.105724
v -0.392428 -0.030000 0.106177
v -0.389100 -0.027071 0.099338
v -0.387723 -0.020000 0.096506
v -0.387723 0.020000 0.096506
v -0.389100 0.027071 0.099338
v -0.392428 0.030000 0.106177
v -0.388771 -0.030000 0.110176
v -0.381879 -0.027071 0.107235
v -0.379024 -0.020000 0.106016
v -0.379024 0.020000 0.106016
v -0.381879 0.027071 0.107235
v -0.388771 0.030000 0.110176
v -0.388463 -0.030000 0.114821
v -0.381356 -0.027071 0.115129
v -0.378413 -0.020000 0.115256
v -0.378413 0.020000 0.115256
v -0.381356 0.027071 0.115129
v -0.388463 0.030000 0.114821
v -0.389649 -0.030000 0.122534
v -0.382973 -0.027071 0.125644
v -0.380207 -0.020000 0.126932
v -0.380207 0.020000 0.126932
v -0.382973 0.027071 0.125644
v -0.389649 0.030000 0.122534
v -0.394381 -0.030000 0.127937
v -0.389772 -0.027071 0.133407
v -0.387864 -0.020000 0.135673
v -0.387864 0.020000 0.135673
v -0.389772 0.027071 0.133407
v -0.394381 0.030000 0.127937
v -0.402941 -0.030000 0.133169
v -0.401031 -0.027071 0.140289
v -0.400240 -0.020000 0.143238
v -0.400240 0.020000 0.143238
v -0.401031 0.027071 0.140289
v -0.402941 0.030000 0.133169
v -0.412286 -0.030000 0.132939
v -0.411358 -0.027071 0.140036
v -0.410974 -0.020000 0.142975
v -0.410974 0.020000 0.142975
v -0.411358 0.027071 0.140036
v -0.412286 0.030000 0.132939
v -0.423520 -0.030000 0.136228
v -0.421757 -0.027071 0.143079
v -0.421027 -0.020000 0.145918
v -0.421027 0.020000 0.145918
v -0.421757 0.027071 0.143079
v -0.423520 0.030000 0.136228
v -0.434387 -0.030000 0.138644
v -0.433157 -0.027071 0.145614
v -0.432648 -0.020000 0.148501
v -0.432648 0.020000 0.148501
v -0.433157 0.027071 0.145614
v -0.434387 0.030000 0.138644
v -0.447421 -0.030000 0.140355
v -0.441239 -0.027071 0.146675
v -0.438679 -0.020000 0.149293
v -0.438679 0.020000 0.149293
v -0.441239 0.027071 0.146675
v -0.447421 0.030000 0.140355
v -0.448607 -0.030000 0.148068
v -0.441426 -0.027071 0.147886
v -0.438450 -0.020000 0.147810
v -0.438450 0.020000 0.147810
v -0.441426 0.027071 0.147886
v -0.448607 0.030000 0.148068
v -0.446107 -0.030000 0.160201
v -0.438997 -0.027071 0.159672
v -0.436052 -0.020000 0.159452
v -0.436052 0.020000 0.159452
v -0.438997 0.027071 0.159672
v -0.446107 0.030000 0.160201
v -0.446874 -0.030000 0.174248
v -0.439800 -0.027071 0.174371
v -0.436869 -0.020000 0.174423
v -0.436869 0.020000 0.174423
v -0.439800 0.027071 0.174371
v -0.446874 0.030000 0.174248
v -0.446516 -0.030000 0.192462
v -0.439456 -0.027071 0.191906
v -0.436530 -0.020000 0.191675
v -0.436530 0.020000 0.191675
v -0.439456 0.027071 0.191906
v -0.446516 0.030000 0.192462
v -0.444889 -0.030000 0.204229
v -0.437927 -0.027071 0.202954
v -0.435043 -0.020000 0.202427
v -0.435043 0.020000 0.202427
v -0.437927 0.027071 0.202954
v -0.444889 0.030000 0.204229
v -0.442501 -0.030000 0.214674
v -0.435727 -0.027071 0.212576
v -0.432921 -0.020000 0.211708
v -0.432921 0.020000 0.211708
v -0.435727 0.027071 0.212576
v -0.442501 0.030000 0.214674
v -0.438425 -0.030000 0.225007
v -0.431442 -0.027071 0.223439
v -0.428550 -0.020000 0.222789
v -0.428550 0.020000 0.222789
v -0.431442 0.027071 0.223439
v -0.438425 0.030000 0.225007
v -0.437810 -0.030000 0.234297
v -0.430648 -0.027071 0.235435
v -0.427681 -0.020000 0.235906
v -0.427681 0.020000 0.235906
v -0.430648 0.027071 0.235435
v -0.437810 0.030000 0.234297
v -0.442178 -0.030000 0.245189
v -0.436536 -0.027071 0.250118
v -0.434200 -0.020000 0.252160
v -0.434200 0.020000 0.252160
v -0.436536 0.027071 0.250118
v -0.442178 0.030000 0.245189
v -0.454032 -0.030000 0.251911
v -0.449424 -0.027071 0.257428
v -0.447516 -0.020000 0.259713
v -0.447516 0.020000 0.259713
v -0.449424 0.027071 0.257428
v -0.454032 0.030000 0.251911
v -0.461890 -0.030000 0.261338
v -0.457472 -0.027071 0.267081
v -0.455643 -0.020000 0.269461
v -0.455643 0.020000 0.269461
v -0.457472 0.027071 0.267081
v -0.461890 0.030000 0.261338
v -0.474645 -0.030000 0.267272
v -0.473127 -0.027071 0.274364
v -0.472499 -0.020000 0.277302
v -0.472499 0.020000 0.277302
v -0.473127 0.027071 0.274364
v -0.474645 0.030000 0.267272
v -0.485258 -0.030000 0.267126
v -0.486593 -0.027071 0.274180
v -0.487146 -0.020000 0.277101
v -0.487146 0.020000 0.277101
v -0.486593 0.027071 0.274180
v -0.485258 0.030000 0.267126
v -0.494827 -0.030000 0.263518
v -0.497823 -0.027071 0.269946
v -0.499064 -0.020000 0.272608
v -0.499064 0.020000 0.272608
v -0.497823 0.027071 0.269946
v -0.494827 0.030000 0.263518
v -0.504959 -0.030000 0.257827
v -0.509910 -0.027071 0.263157
v -0.511960 -0.020000 0.265364
v -0.511960 0.020000 0.265364
v -0.509910 0.027071 0.263157
v -0.504959 0.030000 0.257827
v -0.508728 -0.030000 0.252140
v -0.514269 -0.027071 0.256579
v -0.516563 -0.020000 0.258419
v -0.516563 0.020000 0.258419
v -0.514269 0.027071 0.256579
v -0.508728 0.030000 0.252140
v -0.516015 -0.030000 0.244563
v -0.521955 -0.027071 0.248588
v -0.524417 -0.020000 0.250255
v -0.524417 0.020000 0.250255
v -0.521955 0.027071 0.248588
v -0.516015 0.030000 0.244563
v -0.518996 -0.030000 0.237975
v -0.525173 -0.027071 0.241477
v -0.527732 -0.020000 0.242927
v -0.527732 0.020000 0.242927
v -0.525173 0.027071 0.241477
v -0.518996 0.030000 0.237975
v -0.526029 -0.030000 0.227837
v -0.532282 -0.027071 0.231231
v -0.534871 -0.020000 0.232636
v -0.534871 0.020000 0.232636
v -0.532282 0.027071 0.231231
v -0.526029 0.030000 0.227837
v -0.528054 -0.030000 0.222882
v -0.535128 -0.027071 0.224262
v -0.538059 -0.020000 0.224833
v -0.538059 0.020000 0.224833
v -0.535128 0.027071 0.224262
v -0.528054 0.030000 0.222882
v -0.528019 -0.030000 0.210580
v -0.535088 -0.027071 0.209565
v -0.538016 -0.020000 0.209144
v -0.538016 0.020000 0.209144
v -0.535088 0.027071 0.209565
v -0.528019 0.030000 0.210580
v -0.525257 -0.030000 0.201067
v -0.532275 -0.027071 0.199877
v -0.535181 -0.020000 0.199384
v -0.535181 0.020000 0.199384
v -0.532275 0.027071 0.199877
v -0.525257 0.030000 0.201067
v -0.524689 -0.030000 0.190426
v -0.531685 -0.027071 0.188823
v -0.534582 -0.020000 0.188158
v -0.534582 0.020000 0.188158
v -0.531685 0.027071 0.188823
v -0.524689 0.030000 0.190426
v -0.521026 -0.030000 0.181702
v -0.528500 -0.027071 0.181238
v -0.531595 -0.020000 0.181046
v -0.531595 0.020000 0.181046
v -0.528500 0.027071 0.181238
v -0.521026 0.030000 0.181702
v -0.523245 -0.030000 0.173790
v -0.529303 -0.027071 0.178376
v -0.531812 -0.020000 0.180275
v -0.531812 0.020000 0.180275
v -0.529303 0.027071 0.178376
v -0.523245 0.030000 0.173790
v -0.530759 -0.030000 0.169199
v -0.533212 -0.027071 0.175987
v -0.534229 -0.020000 0.178798
v -0.534229 0.020000 0.178798
v -0.533212 0.027071 0.175987
v -0.530759 0.030000 0.169199
v -0.542751 -0.030000 0.167448
v -0.542506 -0.027071 0.174630
v -0.542404 -0.020000 0.177604
v -0.542404 0.020000 0.177604
v -0.542506 0.027071 0.174630
v -0.542751 0.030000 0.167448
v -0.554040 -0.030000 0.169891
v -0.553053 -0.027071 0.176912
v -0.552644 -0.020000 0.179821
v -0.552644 0.020000 0.179821
v -0.553053 0.027071 0.176912
v -0.554040 0.030000 0.169891
v -0.586133 -0.030000 0.172016
v -0.586301 -0.027071 0.179113
v -0.586371 -0.020000 0.182054
v -0.586371 0.020000 0.182054
v -0.586301 0.027071 0.179113
v -0.586133 0.030000 0.172016
v -0.595534 -0.030000 0.170943
v -0.595885 -0.027071 0.178019
v -0.596029 -0.020000 0.180950
v -0.596029 0.020000 0.180950
v -0.595885 0.027071 0.178019
v -0.595534 0.030000 0.170943
v -0.612058 -0.030000 0.171188
v -0.612727 -0.027071 0.178269
v -0.613004 -0.020000 0.181203
v -0.613004 0.020000 0.181203
v -0.612727 0.027071 0.178269
v -0.612058 0.030000 0.171188
v -0.624528 -0.030000 0.168621
v -0.625513 -0.027071 0.175637
v -0.625921 -0.020000 0.178543
v -0.625921 0.020000 0.178543
v -0.625513 0.027071 0.175637
v -0.624528 0.030000 0.168621
vn -0.0000 1.0000 -0.0000
vn -0.0000 -1.0000 -0.0000
vn -0.6354 -0.6901 0.3464
vn -0.7259 -0.6859 0.0518
vn -0.3715 -0.9280 0.0265
vn -0.3315 -0.9260 0.1807
vn -0.8614 -0.1937 0.4696
vn -0.9784 -0.1947 0.0698
vn -0.8614 0.1937 0.4696
vn -0.9784 0.1947 0.0698
vn -0.6354 0.6901 0.3464
vn -0.7259 0.6859 0.0518
vn -0.3315 0.9260 0.1807
vn -0.3715 0.9280 0.0265
vn -0.6600 -0.6856 -0.3072
vn -0.3372 -0.9283 -0.1569
vn -0.8893 -0.1948 -0.4138
vn -0.8893 0.1948 -0.4138
vn -0.6600 0.6856 -0.3072
vn -0.3372 0.9283 -0.1569
vn -0.4927 -0.6942 -0.5247
vn -0.2602 -0.9249 -0.2771
vn -0.6716 -0.1935 -0.7152
vn -0.6716 0.1935 -0.7152
vn -0.4927 0.6942 -0.5247
vn -0.2602 0.9249 -0.2771
vn -0.2760 -0.6864 -0.6728
vn -0.1417 -0.9277 -0.3453
vn -0.3723 -0.1945 -0.9075
vn -0.3723 0.1945 -0.9075
vn -0.2760 0.6864 -0.6728
vn -0.1417 0.9277 -0.3453
vn -0.0352 -0.6964 -0.7168
vn -0.0187 -0.9245 -0.3806
vn -0.0482 -0.1936 -0.9799
vn -0.0482 0.1936 -0.9799
vn -0.0352 0.6964 -0.7168
vn -0.0187 0.9245 -0.3806
vn 0.0967 -0.6979 -0.7097
vn 0.0515 -0.9244 -0.3780
vn 0.1325 -0.1937 -0.9721
vn 0.1325 0.1937 -0.9721
vn 0.0967 0.6979 -0.7097
vn 0.0515 0.9244 -0.3780
vn 0.0527 -0.7275 -0.6841
vn 0.0292 -0.9253 -0.3782
vn 0.0753 -0.2004 -0.9768
vn 0.0753 0.2004 -0.9768
vn 0.0527 0.7275 -0.6841
vn 0.0292 0.9253 -0.3782
vn -0.1472 -0.7287 -0.6689
vn -0.0814 -0.9254 -0.3701
vn -0.2105 -0.2008 -0.9567
vn -0.2105 0.2008 -0.9567
vn -0.1472 0.7287 -0.6689
vn -0.0814 0.9254 -0.3701
vn -0.3054 -0.7189 -0.6245
vn -0.1676 -0.9244 -0.3427
vn -0.4306 -0.1979 -0.8806
vn -0.4306 0.1979 -0.8806
vn -0.3054 0.7189 -0.6245
vn -0.1676 0.9244 -0.3427
vn -0.3382 -0.7016 -0.6272
vn -0.1815 -0.9240 -0.3365
vn -0.4656 -0.1942 -0.8634
vn -0.4656 0.1942 -0.8634
vn -0.3382 0.7016 -0.6272
vn -0.1815 0.9240 -0.3365
vn -0.4354 -0.7510 -0.4964
vn -0.2443 -0.9288 -0.2785
vn -0.6449 -0.2089 -0.7352
vn -0.6449 0.2089 -0.7352
vn -0.4354 0.7510 -0.4964
vn -0.2443 0.9288 -0.2785
vn -0.4914 -0.6858 -0.5369
vn -0.2513 -0.9281 -0.2746
vn -0.6622 -0.1947 -0.7235
vn -0.6622 0.1947 -0.7235
vn -0.4914 0.6858 -0.5369
vn -0.2513 0.9281 -0.2746
vn -0.3923 -0.7230 -0.5686
vn -0.2161 -0.9248 -0.3132
vn -0.5565 -0.1991 -0.8066
vn -0.5565 0.1991 -0.8066
vn -0.3923 0.7230 -0.5686
vn -0.2161 0.9248 -0.3132
vn -0.4975 -0.7172 -0.4880
vn -0.2725 -0.9243 -0.2673
vn -0.6998 -0.1974 -0.6865
vn -0.6998 0.1974 -0.6865
vn -0.4975 0.7172 -0.4880
vn -0.2725 0.9243 -0.2673
vn -0.5798 -0.7255 -0.3707
vn -0.3201 -0.9250 -0.2047
vn -0.8255 -0.1998 -0.5278
vn -0.8255 0.1998 -0.5278
vn -0.5798 0.7255 -0.3707
vn -0.3201 0.9250 -0.2047
vn -0.6519 -0.7174 -0.2456
vn -0.3572 -0.9243 -0.1346
vn -0.9173 -0.1975 -0.3457
vn -0.9173 0.1975 -0.3457
vn -0.6519 0.7174 -0.2456
vn -0.3572 0.9243 -0.1346
vn -0.6692 -0.6983 -0.2542
vn -0.3568 -0.9243 -0.1355
vn -0.9171 -0.1938 -0.3484
vn -0.9171 0.1938 -0.3484
vn -0.6692 0.6983 -0.2542
vn -0.3568 0.9243 -0.1355
vn -0.6557 -0.7374 -0.1622
vn -0.3651 -0.9266 -0.0903
vn -0.9504 -0.2037 -0.2351
vn -0.9504 0.2037 -0.2351
vn -0.6557 0.7374 -0.1622
vn -0.3651 0.9266 -0.0903
vn -0.6924 -0.7204 0.0392
vn -0.3805 -0.9245 0.0216
vn -0.9786 -0.1983 0.0554
vn -0.9786 0.1983 0.0554
vn -0.6924 0.7204 0.0392
vn -0.3805 0.9245 0.0216
vn -0.7227 -0.6911 -0.0066
vn -0.3783 -0.9257 -0.0035
vn -0.9810 -0.1936 -0.0090
vn -0.9810 0.1936 -0.0090
vn -0.7227 0.6911 -0.0066
vn -0.3783 0.9257 -0.0035
vn -0.6959 -0.7116 -0.0965
vn -0.3788 -0.9240 -0.0525
vn -0.9713 -0.1960 -0.1347
vn -0.9713 0.1960 -0.1347
vn -0.6959 0.7116 -0.0965
vn -0.3788 0.9240 -0.0525
vn -0.7004 -0.7126 -0.0419
vn -0.3817 -0.9240 -0.0228
vn -0.9788 -0.1963 -0.0586
vn -0.9788 0.1963 -0.0586
vn -0.7004 0.7126 -0.0419
vn -0.3817 0.9240 -0.0228
vn -0.7015 -0.7124 0.0172
vn -0.3823 -0.9240 0.0094
vn -0.9803 -0.1962 0.0241
vn -0.9803 0.1962 0.0241
vn -0.7015 0.7124 0.0172
vn -0.3823 0.9240 0.0094
vn -0.7151 -0.6990 -0.0049
vn -0.3818 -0.9242 -0.0026
vn -0.9810 -0.1938 -0.0068
vn -0.9810 0.1938 -0.0068
vn -0.7151 0.6990 -0.0049
vn -0.3818 0.9242 -0.0026
vn -0.6329 -0.7593 0.1511
vn -0.3565 -0.9304 0.0851
vn -0.9505 -0.2124 0.2269
vn -0.9505 0.2124 0.2269
vn -0.6329 0.7593 0.1511
vn -0.3565 0.9304 0.0851
vn -0.4491 -0.7511 0.4839
vn -0.2520 -0.9289 0.2715
vn -0.6653 -0.2090 0.7167
vn -0.6653 0.2090 0.7167
vn -0.4491 0.7511 0.4839
vn -0.2520 0.9289 0.2715
vn -0.2048 -0.7318 0.6500
vn -0.1136 -0.9258 0.3606
vn -0.2944 -0.2018 0.9341
vn -0.2944 0.2018 0.9341
vn -0.2048 0.7318 0.6500
vn -0.1136 0.9258 0.3606
vn 0.0173 -0.7305 0.6827
vn 0.0096 -0.9256 0.3783
vn 0.0247 -0.2014 0.9792
vn 0.0247 0.2014 0.9792
vn 0.0173 0.7305 0.6827
vn 0.0096 0.9256 0.3783
vn 0.0900 -0.7003 0.7082
vn 0.0482 -0.9241 0.3791
vn 0.1237 -0.1940 0.9732
vn 0.1237 0.1940 0.9732
vn 0.0900 0.7003 0.7082
vn 0.0482 0.9241 0.3791
vn -0.0355 -0.6950 0.7181
vn -0.0188 -0.9248 0.3800
vn -0.0485 -0.1935 0.9799
vn -0.0485 0.1935 0.9799
vn -0.0355 0.6950 0.7181
vn -0.0188 0.9248 0.3801
vn -0.0887 -0.7120 0.6966
vn -0.0483 -0.9240 0.3794
vn -0.1238 -0.1962 0.9727
vn -0.1238 0.1962 0.9727
vn -0.0887 0.7120 0.6966
vn -0.0483 0.9240 0.3794
vn -0.1668 -0.6926 0.7018
vn -0.0877 -0.9253 0.3690
vn -0.2268 -0.1935 0.9545
vn -0.2268 0.1935 0.9545
vn -0.1668 0.6926 0.7018
vn -0.0877 0.9253 0.3690
vn -0.0350 -0.7614 0.6473
vn -0.0198 -0.9308 0.3649
vn -0.0528 -0.2134 0.9755
vn -0.0528 0.2134 0.9755
vn -0.0350 0.7614 0.6473
vn -0.0198 0.9308 0.3649
vn -0.0113 -0.6844 0.7290
vn -0.0057 -0.9293 0.3693
vn -0.0152 -0.1955 0.9806
vn -0.0152 0.1955 0.9806
vn -0.0113 0.6844 0.7290
vn -0.0057 0.9293 0.3693
vn -0.5328 -0.6850 0.4969
vn -0.2475 -0.9410 0.2308
vn -0.7155 -0.2071 0.6672
vn -0.7155 0.2071 0.6672
vn -0.5328 0.6850 0.4969
vn -0.2475 0.9410 0.2308
vn -0.6755 -0.6896 -0.2611
vn -0.3017 -0.9462 -0.1166
vn -0.9112 -0.2138 -0.3522
vn -0.9112 0.2138 -0.3522
vn -0.6755 0.6896 -0.2611
vn -0.3017 0.9462 -0.1166
vn -0.2388 -0.6851 -0.6882
vn -0.1216 -0.9287 -0.3504
vn -0.3215 -0.1951 -0.9266
vn -0.3215 0.1951 -0.9266
vn -0.2388 0.6851 -0.6882
vn -0.1216 0.9287 -0.3504
vn -0.0342 -0.7050 -0.7084
vn -0.0185 -0.9239 -0.3822
vn -0.0473 -0.1947 -0.9797
vn -0.0473 0.1947 -0.9797
vn -0.0342 0.7050 -0.7084
vn -0.0185 0.9239 -0.3822
vn -0.0340 -0.7093 -0.7041
vn -0.0473 -0.1955 -0.9796
vn -0.0473 0.1955 -0.9796
vn -0.0340 0.7093 -0.7041
vn -0.1189 -0.7217 -0.6819
vn -0.0654 -0.9246 -0.3752
vn -0.1683 -0.1987 -0.9655
vn -0.1683 0.1987 -0.9655
vn -0.1189 0.7217 -0.6819
vn -0.0654 0.9246 -0.3752
vn -0.0875 -0.6916 -0.7170
vn -0.0459 -0.9255 -0.3758
vn -0.1189 -0.1936 -0.9739
vn -0.1189 0.1936 -0.9739
vn -0.0875 0.6916 -0.7170
vn -0.0459 0.9255 -0.3758
vn -0.2502 -0.7918 -0.5572
vn -0.1426 -0.9374 -0.3177
vn -0.3987 -0.2285 -0.8882
vn -0.3987 0.2285 -0.8882
vn -0.2502 0.7918 -0.5572
vn -0.1426 0.9374 -0.3177
vn -0.6050 -0.7656 -0.2186
vn -0.3417 -0.9317 -0.1235
vn -0.9184 -0.2153 -0.3319
vn -0.9184 0.2153 -0.3319
vn -0.6050 0.7656 -0.2186
vn -0.3417 0.9317 -0.1235
vn -0.6861 -0.6828 -0.2511
vn -0.3407 -0.9318 -0.1247
vn -0.9206 -0.1976 -0.3369
vn -0.9206 0.1976 -0.3369
vn -0.6861 0.6828 -0.2511
vn -0.3407 0.9318 -0.1247
vn -0.5134 -0.6992 -0.4976
vn -0.2742 -0.9242 -0.2658
vn -0.7045 -0.1939 -0.6828
vn -0.7045 0.1939 -0.6828
vn -0.5134 0.6992 -0.4976
vn -0.2742 0.9242 -0.2658
vn -0.5679 -0.7746 -0.2784
vn -0.3218 -0.9336 -0.1578
vn -0.8760 -0.2195 -0.4295
vn -0.8760 0.2195 -0.4295
vn -0.5679 0.7746 -0.2784
vn -0.3218 0.9336 -0.1578
vn -0.6870 -0.7255 0.0411
vn -0.3792 -0.9250 0.0227
vn -0.9781 -0.1998 0.0585
vn -0.9781 0.1998 0.0585
vn -0.6870 0.7255 0.0411
vn -0.3792 0.9250 0.0227
vn -0.7028 -0.7029 0.1095
vn -0.3779 -0.9240 0.0589
vn -0.9692 -0.1944 0.1510
vn -0.9692 0.1944 0.1510
vn -0.7028 0.7029 0.1095
vn -0.3779 0.9240 0.0589
vn -0.6955 -0.7109 0.1041
vn -0.3783 -0.9239 0.0566
vn -0.9698 -0.1959 0.1452
vn -0.9698 0.1959 0.1452
vn -0.6955 0.7109 0.1041
vn -0.3783 0.9239 0.0566
vn -0.7048 -0.7025 0.0984
vn -0.3788 -0.9240 0.0529
vn -0.9715 -0.1943 0.1356
vn -0.9715 0.1943 0.1356
vn -0.7048 0.7025 0.0984
vn -0.3788 0.9240 0.0529
vn -0.7066 -0.7052 0.0584
vn -0.3813 -0.9239 0.0315
vn -0.9775 -0.1947 0.0808
vn -0.9775 0.1947 0.0808
vn -0.7066 0.7052 0.0584
vn -0.3813 0.9239 0.0315
vn -0.7033 -0.7087 0.0559
vn -0.3815 -0.9239 0.0303
vn -0.9776 -0.1954 0.0777
vn -0.9776 0.1954 0.0777
vn -0.7033 0.7087 0.0559
vn -0.3815 0.9239 0.0303
vn -0.6919 -0.7145 0.1040
vn -0.3779 -0.9241 0.0568
vn -0.9696 -0.1968 0.1458
vn -0.9696 0.1968 0.1458
vn -0.6919 0.7145 0.1040
vn -0.3779 0.9241 0.0568
vn -0.7014 -0.7027 0.1192
vn -0.3771 -0.9240 0.0641
vn -0.9671 -0.1943 0.1643
vn -0.9671 0.1943 0.1643
vn -0.7014 0.7027 0.1192
vn -0.3771 0.9240 0.0641
vn -0.6455 -0.7343 0.2100
vn -0.3587 -0.9262 0.1167
vn -0.9312 -0.2027 0.3029
vn -0.9312 0.2027 0.3029
vn -0.6455 0.7343 0.2100
vn -0.3587 0.9261 0.1167
vn -0.6262 -0.7057 0.3314
vn -0.3382 -0.9239 0.1790
vn -0.8669 -0.1948 0.4588
vn -0.8669 0.1948 0.4588
vn -0.6262 0.7057 0.3314
vn -0.3382 0.9239 0.1790
vn -0.6990 -0.6884 0.1939
vn -0.3622 -0.9267 0.1005
vn -0.9453 -0.1939 0.2622
vn -0.9453 0.1939 0.2622
vn -0.6990 0.6884 0.1939
vn -0.3622 0.9267 0.1005
vn -0.7181 -0.6880 -0.1046
vn -0.3715 -0.9269 -0.0541
vn -0.9708 -0.1940 -0.1414
vn -0.9708 0.1940 -0.1414
vn -0.7181 0.6880 -0.1046
vn -0.3715 0.9269 -0.0541
vn -0.6682 -0.7135 -0.2107
vn -0.3646 -0.9240 -0.1150
vn -0.9351 -0.1965 -0.2949
vn -0.9351 0.1965 -0.2949
vn -0.6682 0.7135 -0.2107
vn -0.3646 0.9240 -0.1150
vn -0.6479 -0.6879 -0.3271
vn -0.3351 -0.9269 -0.1691
vn -0.8757 -0.1940 -0.4421
vn -0.8757 0.1940 -0.4421
vn -0.6479 0.6879 -0.3271
vn -0.3351 0.9269 -0.1691
vn -0.4222 -0.6849 -0.5939
vn -0.2146 -0.9289 -0.3019
vn -0.5682 -0.1952 -0.7994
vn -0.5682 0.1952 -0.7994
vn -0.4222 0.6849 -0.5939
vn -0.2146 0.9289 -0.3019
vn 0.0475 -0.6824 -0.7294
vn 0.0231 -0.9348 -0.3545
vn 0.0636 -0.2003 -0.9777
vn 0.0636 0.2003 -0.9777
vn 0.0475 0.6824 -0.7294
vn 0.0231 0.9348 -0.3545
vn 0.3940 -0.6958 -0.6005
vn 0.2089 -0.9246 -0.3184
vn 0.5382 -0.1936 -0.8203
vn 0.5382 0.1936 -0.8203
vn 0.3940 0.6958 -0.6005
vn 0.2089 0.9246 -0.3184
vn 0.4847 -0.7004 -0.5239
vn 0.2595 -0.9241 -0.2805
vn 0.6662 -0.1940 -0.7201
vn 0.6662 0.1940 -0.7201
vn 0.4847 0.7004 -0.5239
vn 0.2595 0.9241 -0.2805
vn 0.5873 -0.6925 -0.4189
vn 0.3088 -0.9253 -0.2202
vn 0.7988 -0.1935 -0.5696
vn 0.7988 0.1935 -0.5696
vn 0.5873 0.6925 -0.4189
vn 0.3088 0.9253 -0.2202
vn 0.6842 -0.6921 -0.2298
vn 0.3593 -0.9254 -0.1207
vn 0.9300 -0.1935 -0.3124
vn 0.9300 0.1935 -0.3124
vn 0.6842 0.6921 -0.2298
vn 0.3593 0.9254 -0.1207
vn 0.7256 -0.6858 0.0563
vn 0.3713 -0.9281 0.0288
vn 0.9779 -0.1947 0.0759
vn 0.9779 0.1947 0.0759
vn 0.7256 0.6858 0.0563
vn 0.3713 0.9281 0.0288
vn 0.6513 -0.6958 0.3028
vn 0.3453 -0.9246 0.1606
vn 0.8896 -0.1936 0.4136
vn 0.8896 0.1936 0.4136
vn 0.6513 0.6958 0.3028
vn 0.3453 0.9246 0.1606
vn 0.6304 -0.7663 0.1241
vn 0.3561 -0.9318 0.0701
vn 0.9581 -0.2156 0.1886
vn 0.9581 0.2156 0.1886
vn 0.6304 0.7663 0.1241
vn 0.3561 0.9318 0.0701
vn 0.6975 -0.7078 -0.1117
vn 0.3779 -0.9239 -0.0605
vn 0.9684 -0.1952 -0.1551
vn 0.9684 0.1952 -0.1551
vn 0.6975 0.7078 -0.1117
vn 0.3779 0.9239 -0.0605
vn 0.7054 -0.7029 -0.0913
vn 0.3793 -0.9240 -0.0491
vn 0.9728 -0.1944 -0.1260
vn 0.9728 0.1944 -0.1260
vn 0.7054 0.7029 -0.0913
vn 0.3793 0.9240 -0.0491
vn 0.7013 -0.7089 -0.0755
vn 0.3805 -0.9239 -0.0409
vn 0.9751 -0.1955 -0.1049
vn 0.9751 0.1955 -0.1049
vn 0.7013 0.7089 -0.0755
vn 0.3805 0.9239 -0.0409
vn 0.6939 -0.7116 -0.1101
vn 0.3778 -0.9240 -0.0599
vn 0.9685 -0.1961 -0.1536
vn 0.9685 0.1961 -0.1536
vn 0.6939 0.7116 -0.1101
vn 0.3778 0.9240 -0.0599
vn 0.6746 -0.7160 -0.1798
vn 0.3691 -0.9242 -0.0984
vn 0.9473 -0.1971 -0.2525
vn 0.9473 0.1971 -0.2525
vn 0.6746 0.7160 -0.1798
vn 0.3691 0.9242 -0.0984
vn 0.7064 -0.6937 -0.1410
vn 0.3725 -0.9250 -0.0743
vn 0.9621 -0.1935 -0.1920
vn 0.9621 0.1935 -0.1920
vn 0.7064 0.6937 -0.1410
vn 0.3725 0.9250 -0.0743
vn 0.6782 -0.7237 -0.1274
vn 0.3738 -0.9248 -0.0702
vn 0.9631 -0.1993 -0.1809
vn 0.9631 0.1993 -0.1809
vn 0.6782 0.7237 -0.1274
vn 0.3738 0.9248 -0.0702
vn 0.7004 -0.6973 -0.1527
vn 0.3726 -0.9244 -0.0812
vn 0.9585 -0.1937 -0.2090
vn 0.9585 0.1937 -0.2090
vn 0.7004 0.6973 -0.1527
vn 0.3726 0.9244 -0.0812
vn 0.6971 -0.7097 -0.1017
vn 0.3786 -0.9239 -0.0552
vn 0.9704 -0.1956 -0.1416
vn 0.9704 0.1956 -0.1416
vn 0.6971 0.7097 -0.1017
vn 0.3786 0.9239 -0.0552
vn 0.7164 -0.6962 -0.0455
vn 0.3802 -0.9246 -0.0242
vn 0.9791 -0.1936 -0.0623
vn 0.9791 0.1936 -0.0623
vn 0.7164 0.6962 -0.0455
vn 0.3802 0.9246 -0.0242
vn 0.6939 -0.7192 -0.0354
vn 0.3809 -0.9244 -0.0194
vn 0.9789 -0.1980 -0.0500
vn 0.9789 0.1980 -0.0500
vn 0.6939 0.7192 -0.0354
vn 0.3809 0.9244 -0.0194
vn 0.7076 -0.7028 -0.0735
vn 0.3804 -0.9240 -0.0395
vn 0.9757 -0.1943 -0.1013
vn 0.9757 0.1943 -0.1013
vn 0.7076 0.7028 -0.0735
vn 0.3804 0.9240 -0.0395
vn 0.7130 -0.7011 -0.0094
vn 0.3822 -0.9241 -0.0050
vn 0.9809 -0.1941 -0.0129
vn 0.9809 0.1941 -0.0129
vn 0.7130 0.7011 -0.0094
vn 0.3822 0.9241 -0.0050
vn 0.7106 -0.6991 0.0796
vn 0.3795 -0.9242 0.0425
vn 0.9749 -0.1938 0.1092
vn 0.9749 0.1938 0.1092
vn 0.7106 0.6991 0.0796
vn 0.3795 0.9242 0.0425
vn 0.6725 -0.7398 -0.0211
vn 0.3750 -0.9270 -0.0118
vn 0.9784 -0.2046 -0.0307
vn 0.9784 0.2046 -0.0307
vn 0.6725 0.7398 -0.0211
vn 0.3750 0.9270 -0.0118
vn 0.7278 -0.6857 0.0058
vn 0.3721 -0.9282 0.0030
vn 0.9808 -0.1948 0.0079
vn 0.9808 0.1948 0.0079
vn 0.7278 0.6857 0.0058
vn 0.3721 0.9282 0.0030
vn 0.6850 -0.7159 0.1353
vn 0.3747 -0.9242 0.0740
vn 0.9618 -0.1971 0.1900
vn 0.9618 0.1971 0.1900
vn 0.6850 0.7159 0.1353
vn 0.3747 0.9242 0.0740
vn 0.6887 -0.6896 0.2239
vn 0.3585 -0.9262 0.1166
vn 0.9330 -0.1938 0.3034
vn 0.9330 0.1938 0.3034
vn 0.6887 0.6896 0.2239
vn 0.3585 0.9262 0.1166
vn 0.5081 -0.6840 0.5234
vn 0.2563 -0.9298 0.2640
vn 0.6831 -0.1959 0.7036
vn 0.6831 0.1959 0.7036
vn 0.5081 0.6840 0.5234
vn 0.2563 0.9298 0.2640
vn 0.1924 -0.6885 0.6992
vn 0.0998 -0.9266 0.3625
vn 0.2603 -0.1939 0.9459
vn 0.2603 0.1939 0.9459
vn 0.1924 0.6885 0.6992
vn 0.0998 0.9266 0.3625
vn 0.2089 -0.7471 0.6310
vn 0.1169 -0.9282 0.3533
vn 0.3074 -0.2074 0.9287
vn 0.3074 0.2074 0.9287
vn 0.2089 0.7471 0.6310
vn 0.1169 0.9282 0.3533
vn 0.2604 -0.6883 0.6771
vn 0.1349 -0.9267 0.3507
vn 0.3521 -0.1940 0.9156
vn 0.3521 0.1940 0.9156
vn 0.2604 0.6883 0.6771
vn 0.1349 0.9267 0.3507
vn 0.3402 -0.7818 0.5225
vn 0.1933 -0.9351 0.2969
vn 0.5320 -0.2232 0.8168
vn 0.5320 0.2232 0.8168
vn 0.3402 0.7818 0.5225
vn 0.1933 0.9351 0.2969
vn 0.5288 -0.6904 0.4936
vn 0.2761 -0.9259 0.2578
vn 0.7172 -0.1937 0.6694
vn 0.7172 0.1937 0.6694
vn 0.5288 0.6904 0.4936
vn 0.2761 0.9259 0.2578
vn 0.4159 -0.7048 0.5748
vn 0.2243 -0.9239 0.3100
vn 0.5750 -0.1947 0.7947
vn 0.5750 0.1947 0.7947
vn 0.4159 0.7048 0.5748
vn 0.2243 0.9239 0.3100
vn 0.4362 -0.7161 0.5448
vn 0.2387 -0.9242 0.2981
vn 0.6128 -0.1972 0.7653
vn 0.6128 0.1972 0.7653
vn 0.4362 0.7161 0.5448
vn 0.2387 0.9242 0.2981
vn 0.5281 -0.7255 0.4412
vn 0.2915 -0.9250 0.2436
vn 0.7519 -0.1998 0.6282
vn 0.7519 0.1998 0.6282
vn 0.5281 0.7255 0.4412
vn 0.2915 0.9250 0.2436
vn 0.5357 -0.6905 0.4860
vn 0.2799 -0.9259 0.2539
vn 0.7266 -0.1936 0.6592
vn 0.7266 0.1936 0.6592
vn 0.5357 0.6905 0.4860
vn 0.2799 0.9259 0.2539
vn 0.3815 -0.6962 0.6080
vn 0.2025 -0.9246 0.3227
vn 0.5215 -0.1936 0.8310
vn 0.5215 0.1936 0.8310
vn 0.3815 0.6962 0.6080
vn 0.2025 0.9246 0.3227
vn 0.1880 -0.6889 0.7001
vn 0.0976 -0.9265 0.3635
vn 0.2544 -0.1938 0.9475
vn 0.2544 0.1938 0.9475
vn 0.1880 0.6889 0.7001
vn 0.0976 0.9265 0.3635
vn -0.0549 -0.6927 0.7191
vn -0.0289 -0.9253 0.3782
vn -0.0747 -0.1935 0.9783
vn -0.0747 0.1935 0.9783
vn -0.0549 0.6927 0.7191
vn -0.0289 0.9253 0.3782
vn -0.2929 -0.6888 0.6631
vn -0.1521 -0.9265 0.3442
vn -0.3964 -0.1939 0.8974
vn -0.3964 0.1939 0.8974
vn -0.2929 0.6888 0.6631
vn -0.1521 0.9265 0.3442
vn -0.2502 -0.7427 0.6211
vn -0.1397 -0.9274 0.3469
vn -0.3657 -0.2057 0.9077
vn -0.3657 0.2057 0.9077
vn -0.2502 0.7427 0.6211
vn -0.1397 0.9274 0.3469
vn -0.3421 -0.6830 0.6453
vn -0.1707 -0.9313 0.3219
vn -0.4592 -0.1971 0.8662
vn -0.4592 0.1971 0.8662
vn -0.3421 0.6830 0.6453
vn -0.1707 0.9313 0.3219
vn -0.2839 -0.7695 0.5721
vn -0.1606 -0.9325 0.3236
vn -0.4340 -0.2171 0.8744
vn -0.4340 0.2171 0.8744
vn -0.2839 0.7695 0.5721
vn -0.1606 0.9325 0.3236
vn -0.3607 -0.6825 0.6357
vn -0.1748 -0.9352 0.3080
vn -0.4835 -0.2007 0.8520
vn -0.4835 0.2007 0.8520
vn -0.3607 0.6825 0.6357
vn -0.1748 0.9352 0.3080
vn -0.5090 -0.7218 0.4690
vn -0.2801 -0.9246 0.2581
vn -0.7208 -0.1987 0.6641
vn -0.7208 0.1987 0.6641
vn -0.5090 0.7218 0.4690
vn -0.2801 0.9246 0.2581
vn -0.3044 -0.7455 0.5930
vn -0.1703 -0.9279 0.3317
vn -0.4469 -0.2067 0.8704
vn -0.4469 0.2067 0.8704
vn -0.3044 0.7455 0.5930
vn -0.1703 0.9279 0.3317
vn -0.3890 -0.6831 0.6181
vn -0.1942 -0.9312 0.3086
vn -0.5222 -0.1969 0.8298
vn -0.5222 0.1969 0.8298
vn -0.3890 0.6831 0.6181
vn -0.1942 0.9312 0.3086
vn -0.1333 -0.6945 0.7070
vn -0.6905 -0.7193 -0.0759
vn -0.2658 -0.9636 -0.0292
vn -0.0577 -0.9502 0.3062
vn -0.1807 -0.2196 0.9587
vn -0.9639 -0.2443 -0.1059
vn -0.1807 0.2196 0.9587
vn -0.9639 0.2443 -0.1059
vn -0.1333 0.6945 0.7070
vn -0.6905 0.7193 -0.0759
vn -0.0577 0.9502 0.3062
vn -0.2658 0.9636 -0.0292
vn -0.1666 -0.6824 -0.7117
vn -0.0814 -0.9341 -0.3477
vn -0.2233 -0.1995 -0.9541
vn -0.2233 0.1995 -0.9541
vn -0.1666 0.6824 -0.7117
vn -0.0814 0.9341 -0.3477
vn 0.5778 -0.7139 -0.3957
vn 0.2276 -0.9612 -0.1559
vn 0.8011 -0.2392 -0.5487
vn 0.8011 0.2392 -0.5487
vn 0.5778 0.7139 -0.3957
vn 0.2276 0.9612 -0.1559
vn 0.5806 -0.6828 0.4435
vn 0.2780 -0.9368 0.2123
vn 0.7782 -0.2023 0.5945
vn 0.7782 0.2023 0.5945
vn 0.5806 0.6828 0.4435
vn 0.2780 0.9368 0.2123
vn -0.3332 -0.6826 0.6504
vn -0.7091 -0.6825 0.1771
vn -0.3427 -0.9355 0.0856
vn -0.1607 -0.9358 0.3137
vn -0.4467 -0.2013 0.8718
vn -0.9504 -0.2010 0.2374
vn -0.4467 0.2013 0.8718
vn -0.9504 0.2010 0.2374
vn -0.3332 0.6826 0.6504
vn -0.7091 0.6825 0.1771
vn -0.1607 0.9358 0.3137
vn -0.3427 0.9355 0.0856
vn -0.6637 -0.6863 -0.2975
vn -0.3404 -0.9278 -0.1526
vn -0.8951 -0.1945 -0.4012
vn -0.8951 0.1945 -0.4012
vn -0.6637 0.6863 -0.2975
vn -0.3404 0.9278 -0.1526
vn -0.5754 -0.7149 -0.3973
vn -0.3145 -0.9241 -0.2171
vn -0.8068 -0.1968 -0.5570
vn -0.8068 0.1968 -0.5570
vn -0.5754 0.7149 -0.3973
vn -0.3145 0.9241 -0.2171
vn -0.6343 -0.7575 -0.1547
vn -0.3570 -0.9301 -0.0871
vn -0.9495 -0.2117 -0.2316
vn -0.9495 0.2117 -0.2316
vn -0.6343 0.7575 -0.1547
vn -0.3570 0.9301 -0.0871
vn -0.6310 -0.7471 0.2089
vn -0.3533 -0.9282 0.1170
vn -0.9287 -0.2074 0.3075
vn -0.9287 0.2074 0.3075
vn -0.6310 0.7471 0.2089
vn -0.3533 0.9282 0.1170
vn -0.5654 -0.7144 0.4121
vn -0.3088 -0.9241 0.2251
vn -0.7923 -0.1967 0.5775
vn -0.7923 0.1967 0.5775
vn -0.5655 0.7144 0.4121
vn -0.3088 0.9241 0.2251
vn -0.6788 -0.6836 0.2681
vn -0.3413 -0.9302 0.1348
vn -0.9120 -0.1962 0.3602
vn -0.9120 0.1962 0.3602
vn -0.6788 0.6836 0.2681
vn -0.3413 0.9302 0.1348
vn -0.7189 -0.6893 -0.0897
vn -0.3739 -0.9263 -0.0466
vn -0.9735 -0.1938 -0.1215
vn -0.9735 0.1938 -0.1215
vn -0.7189 0.6893 -0.0897
vn -0.3739 0.9263 -0.0466
vn -0.6461 -0.6924 -0.3213
vn -0.3395 -0.9253 -0.1688
vn -0.8785 -0.1935 -0.4369
vn -0.8785 0.1935 -0.4369
vn -0.6461 0.6924 -0.3213
vn -0.3395 0.9253 -0.1688
vn -0.5418 -0.6957 -0.4717
vn -0.2872 -0.9247 -0.2501
vn -0.7399 -0.1936 -0.6443
vn -0.7399 0.1936 -0.6443
vn -0.5418 0.6957 -0.4717
vn -0.2872 0.9247 -0.2501
vn -0.3139 -0.6839 -0.6586
vn -0.1582 -0.9299 -0.3320
vn -0.4219 -0.1960 -0.8852
vn -0.4219 0.1960 -0.8852
vn -0.3139 0.6839 -0.6586
vn -0.1582 0.9299 -0.3320
vn -0.0501 -0.6990 -0.7134
vn -0.0267 -0.9242 -0.3809
vn -0.0687 -0.1938 -0.9786
vn -0.0687 0.1938 -0.9786
vn -0.0501 0.6990 -0.7134
vn -0.0267 0.9242 -0.3809
vn 0.1839 -0.6858 -0.7042
vn 0.0941 -0.9281 -0.3602
vn 0.2479 -0.1947 -0.9490
vn 0.2479 0.1947 -0.9490
vn 0.1839 0.6858 -0.7042
vn 0.0941 0.9281 -0.3602
vn 0.3564 -0.7049 -0.6132
vn 0.1923 -0.9239 -0.3308
vn 0.4928 -0.1947 -0.8481
vn 0.4928 0.1947 -0.8481
vn 0.3564 0.7049 -0.6132
vn 0.1923 0.9239 -0.3308
vn 0.4472 -0.6941 -0.5641
vn 0.2361 -0.9249 -0.2979
vn 0.6095 -0.1935 -0.7688
vn 0.6095 0.1935 -0.7688
vn 0.4472 0.6941 -0.5641
vn 0.2361 0.9249 -0.2979
vn 0.5114 -0.7058 -0.4902
vn 0.2763 -0.9239 -0.2648
vn 0.7081 -0.1948 -0.6787
vn 0.7081 0.1948 -0.6787
vn 0.5114 0.7058 -0.4902
vn 0.2763 0.9239 -0.2648
vn 0.6018 -0.6909 -0.4006
vn 0.3148 -0.9257 -0.2095
vn 0.8167 -0.1936 -0.5436
vn 0.8167 0.1936 -0.5436
vn 0.6018 0.6909 -0.4006
vn 0.3148 0.9257 -0.2095
vn 0.6742 -0.6984 -0.2401
vn 0.3596 -0.9243 -0.1281
vn 0.9242 -0.1938 -0.3292
vn 0.9242 0.1938 -0.3292
vn 0.6742 0.6984 -0.2401
vn 0.3596 0.9243 -0.1281
vn 0.7239 -0.6885 -0.0443
vn 0.3753 -0.9266 -0.0229
vn 0.9792 -0.1939 -0.0599
vn 0.9792 0.1939 -0.0599
vn 0.7239 0.6885 -0.0443
vn 0.3753 0.9266 -0.0229
vn 0.6960 -0.6955 0.1784
vn 0.3688 -0.9247 0.0946
vn 0.9504 -0.1936 0.2436
vn 0.9504 0.1936 0.2436
vn 0.6960 0.6955 0.1784
vn 0.3688 0.9247 0.0946
vn 0.6350 -0.6937 0.3400
vn 0.3349 -0.9250 0.1793
vn 0.8649 -0.1935 0.4632
vn 0.8649 0.1935 0.4632
vn 0.6350 0.6937 0.3400
vn 0.3349 0.9250 0.1793
vn 0.4986 -0.6894 0.5255
vn 0.2594 -0.9263 0.2734
vn 0.6752 -0.1938 0.7117
vn 0.6752 0.1938 0.7117
vn 0.4986 0.6894 0.5255
vn 0.2594 0.9263 0.2734
vn 0.2800 -0.6905 0.6670
vn 0.1463 -0.9259 0.3484
vn 0.3798 -0.1936 0.9046
vn 0.3798 0.1936 0.9046
vn 0.2800 0.6905 0.6670
vn 0.1463 0.9259 0.3484
vn 0.1406 -0.7041 0.6961
vn 0.0757 -0.9239 0.3750
vn 0.1942 -0.1945 0.9615
vn 0.1942 0.1945 0.9615
vn 0.1406 0.7041 0.6961
vn 0.0757 0.9239 0.3750
vn 0.1759 -0.7180 0.6735
vn 0.0964 -0.9243 0.3692
vn 0.2477 -0.1976 0.9485
vn 0.2477 0.1976 0.9485
vn 0.1759 0.7180 0.6735
vn 0.0964 0.9243 0.3692
vn 0.1715 -0.6968 0.6964
vn 0.0912 -0.9245 0.3701
vn 0.2346 -0.1936 0.9526
vn 0.2346 0.1936 0.9526
vn 0.1715 0.6968 0.6964
vn 0.0912 0.9245 0.3701
vn 0.0363 -0.6968 0.7163
vn 0.0193 -0.9245 0.3807
vn 0.0497 -0.1936 0.9798
vn 0.0497 0.1936 0.9798
vn 0.0363 0.6968 0.7163
vn 0.0193 0.9245 0.3807
vn -0.6481 -0.6825 0.3378
vn -0.7134 -0.6850 -0.1476
vn -0.3631 -0.9287 -0.0751
vn -0.3144 -0.9350 0.1639
vn -0.8687 -0.2005 0.4529
vn -0.9604 -0.1951 -0.1988
vn -0.8687 0.2005 0.4529
vn -0.9604 0.1951 -0.1988
vn -0.6481 0.6825 0.3378
vn -0.7134 0.6850 -0.1476
vn -0.3144 0.9350 0.1639
vn -0.3631 0.9287 -0.0751
vn -0.5340 -0.6849 -0.4958
vn -0.2715 -0.9289 -0.2520
vn -0.7188 -0.1952 -0.6672
vn -0.7188 0.1952 -0.6672
vn -0.5340 0.6849 -0.4958
vn -0.2715 0.9289 -0.2520
vn -0.4247 -0.7227 -0.5453
vn -0.2339 -0.9247 -0.3003
vn -0.6022 -0.1990 -0.7732
vn -0.6022 0.1990 -0.7732
vn -0.4247 0.7227 -0.5453
vn -0.2339 0.9247 -0.3003
vn -0.5762 -0.7581 -0.3054
vn -0.3243 -0.9302 -0.1719
vn -0.8635 -0.2119 -0.4577
vn -0.8635 0.2119 -0.4577
vn -0.5762 0.7581 -0.3054
vn -0.3243 0.9302 -0.1719
vn -0.6941 -0.7152 -0.0814
vn -0.3795 -0.9241 -0.0445
vn -0.9738 -0.1969 -0.1141
vn -0.9738 0.1969 -0.1141
vn -0.6941 0.7152 -0.0814
vn -0.3795 0.9241 -0.0445
vn -0.7091 -0.6963 -0.1109
vn -0.3765 -0.9246 -0.0589
vn -0.9693 -0.1936 -0.1516
vn -0.9693 0.1936 -0.1516
vn -0.7091 0.6963 -0.1109
vn -0.3765 0.9246 -0.0589
vn -0.6588 -0.7522 0.0156
vn -0.3698 -0.9291 0.0087
vn -0.9776 -0.2094 0.0231
vn -0.9776 0.2094 0.0231
vn -0.6588 0.7522 0.0156
vn -0.3698 0.9291 0.0087
vn -0.7295 -0.6840 0.0038
vn -0.3682 -0.9298 0.0019
vn -0.9806 -0.1958 0.0051
vn -0.9806 0.1958 0.0051
vn -0.7295 0.6840 0.0038
vn -0.3682 0.9298 0.0019
vn -0.6781 -0.7285 -0.0980
vn -0.3752 -0.9254 -0.0542
vn -0.9696 -0.2007 -0.1401
vn -0.9696 0.2007 -0.1401
vn -0.6781 0.7285 -0.0980
vn -0.3752 0.9254 -0.0542
vn -0.7101 -0.7040 -0.0150
vn -0.3825 -0.9239 -0.0081
vn -0.9807 -0.1945 -0.0207
vn -0.9807 0.1945 -0.0207
vn -0.7101 0.7040 -0.0150
vn -0.3825 0.9239 -0.0081
vn -0.6996 -0.7145 0.0064
vn -0.3821 -0.9241 0.0035
vn -0.9804 -0.1967 0.0090
vn -0.9804 0.1967 0.0090
vn -0.6996 0.7145 0.0064
vn -0.3821 0.9241 0.0035
vn -0.6967 -0.7131 0.0787
vn -0.3799 -0.9240 0.0429
vn -0.9743 -0.1964 0.1101
vn -0.9743 0.1964 0.1101
vn -0.6967 0.7131 0.0787
vn -0.3799 0.9240 0.0429
vn -0.7175 -0.6956 0.0361
vn -0.3803 -0.9247 0.0191
vn -0.9798 -0.1936 0.0493
vn -0.9798 0.1936 0.0493
vn -0.7175 0.6956 0.0361
vn -0.3803 0.9247 0.0191
vn -0.6989 -0.7152 0.0027
vn -0.3821 -0.9241 0.0015
vn -0.9804 -0.1969 0.0038
vn -0.9804 0.1969 0.0038
vn -0.6989 0.7152 0.0027
vn -0.3821 0.9241 0.0015
vn -0.6811 -0.7221 0.1207
vn -0.3749 -0.9247 0.0665
vn -0.9650 -0.1988 0.1711
vn -0.9650 0.1988 0.1711
vn -0.6811 0.7221 0.1207
vn -0.3749 0.9247 0.0665
vn -0.6590 -0.7146 0.2347
vn -0.3600 -0.9241 0.1282
vn -0.9236 -0.1968 0.3289
vn -0.9236 0.1968 0.3289
vn -0.6590 0.7146 0.2347
vn -0.3600 0.9241 0.1282
vn -0.7267 -0.6837 0.0666
vn -0.3656 -0.9302 0.0335
vn -0.9765 -0.1961 0.0895
vn -0.9765 0.1961 0.0895
vn -0.7267 0.6837 0.0666
vn -0.3656 0.9302 0.0335
vn -0.6412 -0.7636 0.0762
vn -0.3618 -0.9313 0.0430
vn -0.9699 -0.2143 0.1152
vn -0.9699 0.2143 0.1152
vn -0.6412 0.7636 0.0762
vn -0.3618 0.9313 0.0430
vn -0.7004 -0.6891 0.1860
vn -0.3640 -0.9264 0.0966
vn -0.9482 -0.1938 0.2518
vn -0.9482 0.1938 0.2518
vn -0.7004 0.6891 0.1860
vn -0.3640 0.9264 0.0966
vn -0.6947 -0.7143 0.0848
vn -0.3794 -0.9241 0.0463
vn -0.9732 -0.1967 0.1188
vn -0.9732 0.1967 0.1188
vn -0.6947 0.7143 0.0848
vn -0.3794 0.9241 0.0463
vn -0.6706 -0.7190 0.1823
vn -0.3680 -0.9244 0.1001
vn -0.9459 -0.1979 0.2572
vn -0.9459 0.1979 0.2572
vn -0.6706 0.7190 0.1823
vn -0.3680 0.9244 0.1001
vn -0.6971 -0.6955 0.1740
vn -0.3694 -0.9247 0.0922
vn -0.9519 -0.1936 0.2376
vn -0.9519 0.1936 0.2376
vn -0.6971 0.6955 0.1740
vn -0.3694 0.9247 0.0922
vn -0.6552 -0.7296 0.1961
vn -0.3628 -0.9255 0.1086
vn -0.9384 -0.2011 0.2808
vn -0.9384 0.2011 0.2808
vn -0.6552 0.7296 0.1961
vn -0.3628 0.9255 0.1086
vn -0.7008 -0.6893 0.1837
vn -0.3645 -0.9263 0.0955
vn -0.9490 -0.1938 0.2488
vn -0.9490 0.1938 0.2488
vn -0.7008 0.6893 0.1837
vn -0.3645 0.9263 0.0955
vn -0.6486 -0.7388 0.1831
vn -0.3614 -0.9268 0.1021
vn -0.9421 -0.2042 0.2660
vn -0.9421 0.2042 0.2660
vn -0.6486 0.7388 0.1831
vn -0.3614 0.9268 0.1021
vn -0.7301 -0.6831 0.0159
vn -0.3475 -0.9377 0.0076
vn -0.9789 -0.2032 0.0212
vn -0.9789 0.2032 0.0212
vn -0.7301 0.6831 0.0159
vn -0.3475 0.9377 0.0076
vn -0.5216 -0.6831 -0.5113
vn -0.2602 -0.9313 -0.2551
vn -0.7001 -0.1970 -0.6863
vn -0.7001 0.1970 -0.6863
vn -0.5216 0.6831 -0.5113
vn -0.2602 0.9313 -0.2551
vn 0.0116 -0.6835 -0.7299
vn 0.0055 -0.9385 -0.3454
vn 0.0155 -0.2041 -0.9788
vn 0.0155 0.2041 -0.9788
vn 0.0116 0.6835 -0.7299
vn 0.0055 0.9385 -0.3454
vn 0.5167 -0.6841 -0.5148
vn 0.2610 -0.9296 -0.2601
vn 0.6946 -0.1958 -0.6922
vn 0.6946 0.1958 -0.6922
vn 0.5167 0.6841 -0.5148
vn 0.2610 0.9296 -0.2601
vn 0.6582 -0.6979 -0.2823
vn 0.3507 -0.9244 -0.1504
vn 0.9016 -0.1937 -0.3867
vn 0.9016 0.1937 -0.3867
vn 0.6582 0.6979 -0.2823
vn 0.3507 0.9244 -0.1504
vn 0.6770 -0.7049 -0.2117
vn 0.3652 -0.9239 -0.1142
vn 0.9362 -0.1947 -0.2927
vn 0.9362 0.1947 -0.2927
vn 0.6770 0.7049 -0.2117
vn 0.3652 0.9239 -0.1142
vn 0.6332 -0.7242 -0.2732
vn 0.3491 -0.9249 -0.1506
vn 0.8998 -0.1994 -0.3882
vn 0.8998 0.1994 -0.3882
vn 0.6332 0.7242 -0.2732
vn 0.3491 0.9249 -0.1506
vn 0.6948 -0.6868 -0.2133
vn 0.3574 -0.9275 -0.1098
vn 0.9377 -0.1943 -0.2879
vn 0.9377 0.1943 -0.2879
vn 0.6948 0.6868 -0.2133
vn 0.3574 0.9275 -0.1098
vn 0.6474 -0.7394 -0.1849
vn 0.3609 -0.9269 -0.1031
vn 0.9412 -0.2045 -0.2688
vn 0.9412 0.2045 -0.2688
vn 0.6474 0.7394 -0.1849
vn 0.3609 0.9269 -0.1031
vn 0.6979 -0.6879 -0.1993
vn 0.9433 -0.1940 -0.2694
vn 0.9433 0.1940 -0.2694
vn 0.6979 0.6879 -0.1993
vn 0.6852 -0.7198 -0.1107
vn 0.3764 -0.9245 -0.0608
vn 0.9676 -0.1982 -0.1564
vn 0.9676 0.1982 -0.1564
vn 0.6852 0.7198 -0.1107
vn 0.3764 0.9245 -0.0608
vn 0.7079 -0.6969 -0.1144
vn 0.9685 -0.1937 -0.1565
vn 0.9685 0.1937 -0.1565
vn 0.7079 0.6969 -0.1144
vn 0.6732 -0.7264 -0.1383
vn 0.3719 -0.9251 -0.0764
vn 0.9597 -0.2001 -0.1972
vn 0.9597 0.2001 -0.1972
vn 0.6732 0.7264 -0.1383
vn 0.3719 0.9251 -0.0764
vn 0.6982 -0.6961 -0.1674
vn 0.3704 -0.9246 -0.0888
vn 0.9540 -0.1936 -0.2288
vn 0.9540 0.1936 -0.2288
vn 0.6982 0.6961 -0.1674
vn 0.3704 0.9246 -0.0888
vn 0.6799 -0.7182 -0.1481
vn 0.3728 -0.9243 -0.0812
vn 0.9578 -0.1977 -0.2086
vn 0.9578 0.1977 -0.2086
vn 0.6799 0.7182 -0.1481
vn 0.3728 0.9243 -0.0812
vn 0.7014 -0.6974 -0.1475
vn 0.3732 -0.9244 -0.0785
vn 0.9601 -0.1937 -0.2019
vn 0.9601 0.1937 -0.2019
vn 0.7014 0.6974 -0.1475
vn 0.3732 0.9244 -0.0785
vn 0.7132 -0.6999 -0.0381
vn 0.3815 -0.9242 -0.0204
vn 0.9796 -0.1939 -0.0523
vn 0.9796 0.1939 -0.0523
vn 0.7132 0.6999 -0.0381
vn 0.3815 0.9242 -0.0204
vn 0.6960 -0.7167 -0.0433
vn 0.3811 -0.9242 -0.0237
vn 0.9785 -0.1973 -0.0609
vn 0.9785 0.1973 -0.0609
vn 0.6960 0.7167 -0.0433
vn 0.3811 0.9242 -0.0237
vn 0.7075 -0.7031 -0.0714
vn 0.3806 -0.9240 -0.0384
vn 0.9760 -0.1944 -0.0984
vn 0.9760 0.1944 -0.0984
vn 0.7075 0.7031 -0.0714
vn 0.3806 0.9240 -0.0384
vn 0.6398 -0.7430 -0.1965
vn 0.9355 -0.2058 -0.2873
vn 0.9355 0.2058 -0.2873
vn 0.6398 0.7430 -0.1965
vn 0.4495 -0.7538 -0.4793
vn 0.2525 -0.9294 -0.2693
vn 0.6688 -0.2101 -0.7131
vn 0.6688 0.2101 -0.7131
vn 0.4495 0.7538 -0.4793
vn 0.2525 0.9294 -0.2693
vn 0.4148 -0.6924 -0.5904
vn 0.2180 -0.9253 -0.3102
vn 0.5640 -0.1935 -0.8028
vn 0.5640 0.1935 -0.8028
vn 0.4148 0.6924 -0.5904
vn 0.2180 0.9253 -0.3102
vn 0.6044 -0.6872 -0.4030
vn 0.3116 -0.9272 -0.2078
vn 0.8162 -0.1942 -0.5442
vn 0.8162 0.1942 -0.5442
vn 0.6044 0.6872 -0.4030
vn 0.3116 0.9272 -0.2078
vn 0.6807 -0.7004 -0.2145
vn 0.3644 -0.9241 -0.1148
vn 0.9356 -0.1940 -0.2949
vn 0.9356 0.1940 -0.2949
vn 0.6807 0.7004 -0.2145
vn 0.3644 0.9241 -0.1148
vn 0.7080 -0.6973 -0.1114
vn 0.3767 -0.9244 -0.0593
vn 0.9691 -0.1937 -0.1524
vn 0.9691 0.1937 -0.1524
vn 0.7080 0.6973 -0.1114
vn 0.3767 0.9244 -0.0593
vn 0.7135 -0.7007 -0.0066
vn 0.3822 -0.9241 -0.0035
vn 0.9810 -0.1940 -0.0090
vn 0.9810 0.1940 -0.0090
vn 0.7135 0.7007 -0.0066
vn 0.3822 0.9241 -0.0035
vn 0.6844 -0.7265 -0.0615
vn 0.3781 -0.9251 -0.0340
vn 0.9758 -0.2001 -0.0876
vn 0.9758 0.2001 -0.0876
vn 0.6844 0.7265 -0.0615
vn 0.3781 0.9251 -0.0340
vn 0.6990 -0.7026 -0.1330
vn 0.3757 -0.9240 -0.0715
vn 0.9636 -0.1943 -0.1834
vn 0.9636 0.1943 -0.1834
vn 0.6990 0.7026 -0.1330
vn 0.3757 0.9240 -0.0715
vn 0.6632 -0.7247 -0.1871
vn 0.3658 -0.9249 -0.1032
vn 0.9431 -0.1995 -0.2661
vn 0.9431 0.1995 -0.2661
vn 0.6632 0.7247 -0.1871
vn 0.3658 0.9249 -0.1032
vn 0.7283 -0.6832 -0.0530
vn 0.3641 -0.9310 -0.0265
vn 0.9779 -0.1968 -0.0711
vn 0.9779 0.1968 -0.0711
vn 0.7283 0.6832 -0.0530
vn 0.3641 0.9310 -0.0265
vn 0.6691 -0.6946 0.2645
vn 0.3537 -0.9249 0.1398
vn 0.9124 -0.1936 0.3607
vn 0.9124 0.1936 0.3607
vn 0.6691 0.6946 0.2645
vn 0.3537 0.9249 0.1398
vn 0.4973 -0.6833 0.5346
vn 0.2489 -0.9308 0.2676
vn 0.6678 -0.1967 0.7179
vn 0.6678 0.1967 0.7179
vn 0.4973 0.6833 0.5346
vn 0.2489 0.9308 0.2676
vn 0.2599 -0.7012 0.6639
vn 0.1393 -0.9241 0.3560
vn 0.3576 -0.1941 0.9135
vn 0.3576 0.1941 0.9135
vn 0.2599 0.7012 0.6639
vn 0.1393 0.9241 0.3560
vn 0.0552 -0.6861 0.7254
vn 0.0283 -0.9279 0.3718
vn 0.0744 -0.1946 0.9781
vn 0.0744 0.1946 0.9781
vn 0.0552 0.6861 0.7254
vn 0.0283 0.9279 0.3718
vn -0.2933 -0.6861 0.6657
vn -0.1503 -0.9279 0.3412
vn -0.3955 -0.1946 0.8976
vn -0.3955 0.1946 0.8976
vn -0.2933 0.6861 0.6657
vn -0.1503 0.9279 0.3412
vn -0.4237 -0.7091 0.5636
vn -0.2299 -0.9239 0.3059
vn -0.5893 -0.1955 0.7839
vn -0.5893 0.1955 0.7839
vn -0.4237 0.7091 0.5636
vn -0.2299 0.9239 0.3059
vn -0.1783 -0.7663 0.6172
vn -0.1007 -0.9318 0.3487
vn -0.2711 -0.2156 0.9381
vn -0.2711 0.2156 0.9381
vn -0.1783 0.7663 0.6172
vn -0.1007 0.9318 0.3487
vn -0.2345 -0.6824 0.6923
vn -0.1147 -0.9339 0.3385
vn -0.3144 -0.1994 0.9281
vn -0.3144 0.1994 0.9281
vn -0.2345 0.6824 0.6923
vn -0.1147 0.9339 0.3385
vn -0.4033 -0.7205 0.5641
vn -0.2216 -0.9245 0.3100
vn -0.5700 -0.1983 0.7974
vn -0.5700 0.1983 0.7974
vn -0.4033 0.7205 0.5641
vn -0.2216 0.9245 0.3100
vn -0.4034 -0.6986 0.5910
vn -0.2152 -0.9243 0.3153
vn -0.5530 -0.1938 0.8103
vn -0.5530 0.1938 0.8103
vn -0.4034 0.6986 0.5910
vn -0.2152 0.9243 0.3153
vn -0.6151 -0.6872 0.3865
vn -0.7296 -0.6824 -0.0444
vn -0.3561 -0.9342 -0.0217
vn -0.3171 -0.9272 0.1992
vn -0.8306 -0.1942 0.5219
vn -0.9780 -0.1997 -0.0596
vn -0.8306 0.1942 0.5219
vn -0.9780 0.1997 -0.0596
vn -0.6151 0.6872 0.3865
vn -0.7296 0.6824 -0.0444
vn -0.3171 0.9272 0.1992
vn -0.3561 0.9342 -0.0217
vn -0.6201 -0.7004 -0.3534
vn -0.3320 -0.9241 -0.1892
vn -0.8523 -0.1940 -0.4857
vn -0.8523 0.1940 -0.4857
vn -0.6201 0.7004 -0.3534
vn -0.3320 0.9241 -0.1892
vn -0.6272 -0.7349 -0.2580
vn -0.3486 -0.9262 -0.1434
vn -0.9056 -0.2029 -0.3725
vn -0.9056 0.2029 -0.3725
vn -0.6272 0.7349 -0.2580
vn -0.3486 0.9262 -0.1434
vn -0.6827 -0.7301 -0.0301
vn -0.3782 -0.9256 -0.0167
vn -0.9786 -0.2013 -0.0432
vn -0.9786 0.2013 -0.0432
vn -0.6827 0.7301 -0.0301
vn -0.3782 0.9256 -0.0167
vn -0.7071 -0.7042 0.0641
vn -0.3810 -0.9239 0.0346
vn -0.9769 -0.1946 0.0886
vn -0.9769 0.1946 0.0886
vn -0.7071 0.7042 0.0641
vn -0.3810 0.9239 0.0346
vn -0.6928 -0.7154 0.0903
vn -0.3788 -0.9241 0.0494
vn -0.9722 -0.1970 0.1267
vn -0.9722 0.1970 0.1267
vn -0.6928 0.7154 0.0903
vn -0.3788 0.9241 0.0494
vn -0.7082 -0.7000 0.0923
vn -0.9728 -0.1939 0.1268
vn -0.9728 0.1939 0.1268
vn -0.7082 0.7000 0.0923
vn -0.6917 -0.7161 0.0937
vn -0.3785 -0.9242 0.0513
vn -0.9715 -0.1972 0.1316
vn -0.9715 0.1972 0.1316
vn -0.6917 0.7161 0.0937
vn -0.3785 0.9242 0.0513
vn -0.7151 -0.6957 0.0685
vn -0.3791 -0.9247 0.0363
vn -0.9766 -0.1936 0.0935
vn -0.9766 0.1936 0.0935
vn -0.7151 0.6957 0.0685
vn -0.3791 0.9247 0.0363
vn -0.6960 -0.7168 0.0424
vn -0.3811 -0.9242 0.0232
vn -0.9785 -0.1973 0.0596
vn -0.9785 0.1973 0.0596
vn -0.6960 0.7168 0.0424
vn -0.3811 0.9242 0.0232
vn -0.7142 -0.6987 0.0411
vn -0.3811 -0.9243 0.0219
vn -0.9794 -0.1938 0.0564
vn -0.9794 0.1938 0.0564
vn -0.7142 0.6987 0.0411
vn -0.3811 0.9243 0.0219
vn -0.6938 -0.7186 0.0466
vn -0.3806 -0.9244 0.0256
vn -0.9780 -0.1978 0.0656
vn -0.9780 0.1978 0.0656
vn -0.6938 0.7186 0.0466
vn -0.3806 0.9244 0.0256
vn -0.7237 -0.6898 -0.0215
vn -0.3771 -0.9261 -0.0112
vn -0.9806 -0.1937 -0.0291
vn -0.9806 0.1937 -0.0291
vn -0.7237 0.6898 -0.0215
vn -0.3771 0.9261 -0.0112
vn -0.6769 -0.7359 -0.0130
vn -0.3765 -0.9264 -0.0072
vn -0.9789 -0.2033 -0.0188
vn -0.9789 0.2033 -0.0188
vn -0.6769 0.7359 -0.0130
vn -0.3765 0.9264 -0.0072
vn -0.7147 -0.6971 0.0579
vn -0.3800 -0.9245 0.0308
vn -0.9779 -0.1937 0.0792
vn -0.9779 0.1937 0.0792
vn -0.7147 0.6971 0.0579
vn -0.3800 0.9245 0.0308
vn -0.7097 -0.7039 -0.0279
vn -0.3823 -0.9239 -0.0150
vn -0.9801 -0.1945 -0.0386
vn -0.9801 0.1945 -0.0386
vn -0.7097 0.7039 -0.0279
vn -0.3823 0.9239 -0.0150
vn -0.7028 -0.7110 -0.0252
vn -0.3823 -0.9239 -0.0137
vn -0.9800 -0.1959 -0.0351
vn -0.9800 0.1959 -0.0351
vn -0.7028 0.7110 -0.0252
vn -0.3823 0.9239 -0.0137
vn -0.7137 -0.6967 -0.0727
vn -0.3792 -0.9245 -0.0386
vn -0.9760 -0.1936 -0.0994
vn -0.9760 0.1936 -0.0994
vn -0.7137 0.6967 -0.0727
vn -0.3792 0.9245 -0.0386
vn -0.6925 -0.7042 -0.1565
vn -0.3732 -0.9239 -0.0844
vn -0.9568 -0.1945 -0.2163
vn -0.9568 0.1945 -0.2163
vn -0.6925 0.7042 -0.1565
vn -0.3732 0.9239 -0.0844
vn -0.6839 -0.7040 -0.1916
vn -0.3684 -0.9239 -0.1032
vn -0.9445 -0.1945 -0.2647
vn -0.9445 0.1945 -0.2647
vn -0.6839 0.7040 -0.1916
vn -0.3684 0.9239 -0.1032
vn -0.6737 -0.7049 -0.2218
vn -0.3634 -0.9239 -0.1197
vn -0.9317 -0.1947 -0.3068
vn -0.9317 0.1947 -0.3068
vn -0.6737 0.7049 -0.2218
vn -0.3634 0.9239 -0.1197
vn -0.6592 -0.7008 -0.2725
vn -0.3532 -0.9241 -0.1460
vn -0.9066 -0.1941 -0.3748
vn -0.9066 0.1941 -0.3748
vn -0.6592 0.7008 -0.2725
vn -0.3532 0.9241 -0.1460
vn -0.6015 -0.6933 -0.3970
vn -0.3169 -0.9251 -0.2091
vn -0.8188 -0.1935 -0.5404
vn -0.8188 0.1935 -0.5404
vn -0.6015 0.6933 -0.3970
vn -0.3169 0.9251 -0.2091
vn -0.5018 -0.6989 -0.5097
vn -0.2678 -0.9243 -0.2721
vn -0.6883 -0.1938 -0.6991
vn -0.6883 0.1938 -0.6991
vn -0.5018 0.6989 -0.5097
vn -0.2678 0.9243 -0.2721
vn -0.3906 -0.6937 -0.6052
vn -0.2060 -0.9250 -0.3192
vn -0.5320 -0.1935 -0.8243
vn -0.5320 0.1935 -0.8243
vn -0.3906 0.6937 -0.6052
vn -0.2060 0.9250 -0.3192
vn -0.2844 -0.7035 -0.6513
vn -0.1531 -0.9240 -0.3505
vn -0.3926 -0.1944 -0.8989
vn -0.3926 0.1944 -0.8989
vn -0.2844 0.7035 -0.6513
vn -0.1531 0.9240 -0.3505
vn -0.1840 -0.6944 -0.6957
vn -0.0972 -0.9249 -0.3676
vn -0.2508 -0.1935 -0.9485
vn -0.2508 0.1935 -0.9485
vn -0.1840 0.6944 -0.6957
vn -0.0972 0.9249 -0.3676
vn -0.0443 -0.6989 -0.7139
vn -0.0237 -0.9242 -0.3811
vn -0.0608 -0.1938 -0.9792
vn -0.0608 0.1938 -0.9792
vn -0.0443 0.6989 -0.7139
vn -0.0237 0.9242 -0.3811
vn 0.0137 -0.7062 -0.7078
vn 0.0074 -0.9239 -0.3826
vn 0.0190 -0.1949 -0.9806
vn 0.0190 0.1949 -0.9806
vn 0.0137 0.7062 -0.7078
vn 0.0074 0.9239 -0.3826
vn 0.1335 -0.6915 -0.7100
vn 0.0699 -0.9256 -0.3720
vn 0.1813 -0.1936 -0.9642
vn 0.1813 0.1936 -0.9642
vn 0.1335 0.6915 -0.7100
vn 0.0699 0.9256 -0.3720
vn 0.2243 -0.7097 -0.6678
vn 0.1218 -0.9239 -0.3627
vn 0.3123 -0.1956 -0.9296
vn 0.3123 0.1956 -0.9296
vn 0.2243 0.7097 -0.6678
vn 0.1218 0.9239 -0.3627
vn 0.3422 -0.6894 -0.6385
vn 0.1780 -0.9263 -0.3322
vn 0.4634 -0.1938 -0.8647
vn 0.4634 0.1938 -0.8647
vn 0.3422 0.6894 -0.6385
vn 0.1780 0.9263 -0.3322
vn 0.4871 -0.6994 -0.5230
vn 0.2603 -0.9242 -0.2795
vn 0.6686 -0.1939 -0.7179
vn 0.6686 0.1939 -0.7179
vn 0.4871 0.6994 -0.5230
vn 0.2603 0.9242 -0.2795
vn 0.6073 -0.6902 -0.3935
vn 0.3169 -0.9260 -0.2053
vn 0.8233 -0.1937 -0.5335
vn 0.8233 0.1937 -0.5335
vn 0.6073 0.6902 -0.3935
vn 0.3169 0.9260 -0.2053
vn 0.7035 -0.6910 -0.1663
vn 0.3680 -0.9257 -0.0870
vn 0.9548 -0.1936 -0.2257
vn 0.9548 0.1936 -0.2257
vn 0.7035 0.6909 -0.1663
vn 0.3680 0.9257 -0.0870
vn 0.5947 -0.6951 0.4040
vn 0.2567 -0.9506 0.1744
vn 0.8068 -0.2202 0.5482
vn 0.8068 0.2202 0.5482
vn 0.5947 0.6951 0.4040
vn 0.2567 0.9506 0.1744
vn -0.0886 -0.6826 0.7254
vn -0.0427 -0.9360 0.3494
vn -0.1187 -0.2015 0.9723
vn -0.1187 0.2015 0.9723
vn -0.0886 0.6826 0.7254
vn -0.0427 0.9360 0.3494
vn -0.4148 -0.6998 0.5816
vn -0.2218 -0.9242 0.3110
vn -0.5696 -0.1939 0.7987
vn -0.5696 0.1939 0.7987
vn -0.4148 0.6998 0.5816
vn -0.2218 0.9242 0.3110
vn -0.5060 -0.6966 0.5087
vn -0.2688 -0.9245 0.2702
vn -0.6919 -0.1936 0.6956
vn -0.6919 0.1936 0.6956
vn -0.5060 0.6966 0.5087
vn -0.2688 0.9245 0.2702
vn -0.4325 -0.7352 0.5220
vn -0.2405 -0.9263 0.2902
vn -0.6248 -0.2030 0.7540
vn -0.6248 0.2030 0.7540
vn -0.4325 0.7352 0.5220
vn -0.2405 0.9263 0.2902
vn -0.3659 -0.7028 0.6101
vn -0.1968 -0.9240 0.3280
vn -0.5046 -0.1943 0.8412
vn -0.5046 0.1943 0.8412
vn -0.3659 0.7028 0.6101
vn -0.1968 0.9240 0.3280
vn -0.2036 -0.7493 0.6301
vn -0.1141 -0.9285 0.3533
vn -0.3007 -0.2083 0.9307
vn -0.3007 0.2083 0.9307
vn -0.2036 0.7493 0.6301
vn -0.1141 0.9285 0.3533
vn -0.0928 -0.6981 0.7100
vn -0.0494 -0.9243 0.3784
vn -0.1271 -0.1938 0.9728
vn -0.1271 0.1938 0.9728
vn -0.0928 0.6981 0.7100
vn -0.0494 0.9243 0.3784
vn -0.0106 -0.7366 0.6763
vn -0.0059 -0.9265 0.3763
vn -0.0153 -0.2035 0.9790
vn -0.0153 0.2035 0.9790
vn -0.0106 0.7366 0.6763
vn -0.0059 0.9265 0.3763
vn 0.1648 -0.7145 0.6800
vn 0.0900 -0.9241 0.3714
vn 0.2309 -0.1967 0.9529
vn 0.2309 0.1967 0.9529
vn 0.1648 0.7145 0.6800
vn 0.0900 0.9241 0.3714
vn 0.2835 -0.7253 0.6273
vn 0.1565 -0.9250 0.3462
vn 0.4036 -0.1997 0.8929
vn 0.4036 0.1997 0.8929
vn 0.2835 0.7253 0.6273
vn 0.1565 0.9250 0.3462
vn 0.4189 -0.7197 0.5537
vn 0.2300 -0.9245 0.3041
vn 0.5914 -0.1981 0.7817
vn 0.5914 0.1981 0.7817
vn 0.4189 0.7197 0.5537
vn 0.2300 0.9245 0.3041
vn 0.5307 -0.7276 0.4347
vn 0.2935 -0.9253 0.2404
vn 0.7579 -0.2005 0.6208
vn 0.7579 0.2005 0.6208
vn 0.5307 0.7276 0.4347
vn 0.2935 0.9253 0.2404
vn 0.6126 -0.7107 0.3459
vn 0.3331 -0.9239 0.1881
vn 0.8539 -0.1959 0.4822
vn 0.8539 0.1959 0.4822
vn 0.6126 0.7107 0.3459
vn 0.3331 0.9239 0.1881
vn 0.6402 -0.7182 0.2724
vn 0.3511 -0.9243 0.1494
vn 0.9020 -0.1977 0.3838
vn 0.9020 0.1977 0.3838
vn 0.6402 0.7182 0.2724
vn 0.3511 0.9243 0.1494
vn 0.6695 -0.7051 0.2335
vn 0.3613 -0.9239 0.1260
vn 0.9261 -0.1947 0.3230
vn 0.9261 0.1947 0.3230
vn 0.6695 0.7051 0.2335
vn 0.3613 0.9239 0.1260
vn 0.6711 -0.7279 0.1406
vn 0.3712 -0.9253 0.0778
vn 0.9589 -0.2006 0.2009
vn 0.9589 0.2006 0.2009
vn 0.6711 0.7279 0.1406
vn 0.3712 0.9253 0.0778
vn 0.7049 -0.7085 0.0351
vn 0.3822 -0.9239 0.0191
vn 0.9795 -0.1954 0.0488
vn 0.9795 0.1954 0.0488
vn 0.7049 0.7085 0.0351
vn 0.3822 0.9239 0.0191
vn 0.7048 -0.7092 0.0155
vn 0.3825 -0.9239 0.0084
vn 0.9805 -0.1955 0.0216
vn 0.9805 0.1955 0.0216
vn 0.7048 0.7092 0.0155
vn 0.3825 0.9239 0.0084
vn 0.7022 -0.7116 -0.0214
vn 0.3823 -0.9240 -0.0116
vn 0.9801 -0.1960 -0.0298
vn 0.9801 0.1960 -0.0298
vn 0.7022 0.7116 -0.0214
vn 0.3823 0.9240 -0.0116
vn 0.6947 -0.7143 -0.0848
vn 0.3793 -0.9241 -0.0463
vn 0.9733 -0.1966 -0.1188
vn 0.9733 0.1966 -0.1188
vn 0.6947 0.7143 -0.0848
vn 0.3793 0.9241 -0.0463
vn 0.6997 -0.7053 -0.1139
vn 0.3777 -0.9239 -0.0615
vn 0.9681 -0.1947 -0.1576
vn 0.9681 0.1947 -0.1576
vn 0.6997 0.7053 -0.1139
vn 0.3777 0.9239 -0.0615
vn 0.7109 -0.7005 -0.0626
vn 0.3807 -0.9241 -0.0335
vn 0.9772 -0.1940 -0.0861
vn 0.9772 0.1940 -0.0861
vn 0.7109 0.7005 -0.0626
vn 0.3807 0.9241 -0.0335
vn 0.1315 -0.9542 -0.2689
vn 0.0833 -0.9819 -0.1702
vn 0.3927 -0.4482 -0.8031
vn 0.3927 0.4482 -0.8031
vn 0.1315 0.9542 -0.2689
vn 0.0833 0.9819 -0.1702
vn -0.3437 -0.6934 -0.6333
vn -0.1811 -0.9251 -0.3338
vn -0.4680 -0.1935 -0.8623
vn -0.4680 0.1935 -0.8623
vn -0.3437 0.6934 -0.6333
vn -0.1811 0.9251 -0.3338
vn -0.2008 -0.6984 -0.6870
vn -0.1071 -0.9243 -0.3663
vn -0.2752 -0.1938 -0.9416
vn -0.2752 0.1938 -0.9416
vn -0.2008 0.6984 -0.6870
vn -0.1071 0.9243 -0.3663
vn -0.0346 -0.6915 -0.7215
vn -0.0181 -0.9256 -0.3782
vn -0.0469 -0.1935 -0.9800
vn -0.0469 0.1935 -0.9800
vn -0.0346 0.6915 -0.7215
vn -0.0181 0.9256 -0.3782
vn 0.1112 -0.7017 -0.7037
vn 0.0597 -0.9240 -0.3776
vn 0.1532 -0.1942 -0.9689
vn 0.1532 0.1942 -0.9689
vn 0.1112 0.7017 -0.7037
vn 0.0597 0.9240 -0.3776
vn 0.2321 -0.6942 -0.6813
vn 0.1226 -0.9249 -0.3598
vn 0.3164 -0.1935 -0.9287
vn 0.3164 0.1935 -0.9287
vn 0.2321 0.6942 -0.6813
vn 0.1226 0.9249 -0.3598
vn 0.3462 -0.7010 -0.6235
vn 0.1855 -0.9241 -0.3342
vn 0.4762 -0.1941 -0.8577
vn 0.4762 0.1941 -0.8577
vn 0.3462 0.7010 -0.6235
vn 0.1855 0.9241 -0.3342
vn 0.3331 -0.7154 -0.6142
vn 0.1821 -0.9242 -0.3358
vn 0.4674 -0.1970 -0.8618
vn 0.4674 0.1970 -0.8618
vn 0.3331 0.7154 -0.6142
vn 0.1821 0.9242 -0.3358
vn 0.4672 -0.6853 -0.5586
vn 0.2382 -0.9285 -0.2849
vn 0.6293 -0.1950 -0.7523
vn 0.6293 0.1950 -0.7523
vn 0.4672 0.6853 -0.5586
vn 0.2382 0.9285 -0.2849
vn 0.5779 -0.7074 -0.4069
vn 0.3129 -0.9239 -0.2203
vn 0.8019 -0.1952 -0.5646
vn 0.8019 0.1952 -0.5646
vn 0.5779 0.7074 -0.4069
vn 0.3129 0.9239 -0.2203
vn 0.7060 -0.6827 -0.1883
vn 0.3498 -0.9322 -0.0933
vn 0.9471 -0.1978 -0.2526
vn 0.9471 0.1978 -0.2526
vn 0.7060 0.6827 -0.1883
vn 0.3498 0.9322 -0.0933
vn 0.6427 -0.7551 -0.1296
vn 0.3613 -0.9296 -0.0729
vn 0.9583 -0.2106 -0.1933
vn 0.9583 0.2106 -0.1933
vn 0.6427 0.7551 -0.1296
vn 0.3613 0.9296 -0.0729
vn 0.6380 -0.7030 -0.3141
vn 0.3431 -0.9240 -0.1689
vn 0.8800 -0.1944 -0.4333
vn 0.8800 0.1944 -0.4333
vn 0.6380 0.7030 -0.3141
vn 0.3431 0.9240 -0.1689
vn 0.7022 -0.6901 -0.1750
vn 0.3663 -0.9260 -0.0913
vn 0.9520 -0.1937 -0.2372
vn 0.9520 0.1937 -0.2372
vn 0.7022 0.6901 -0.1750
vn 0.3663 0.9260 -0.0913
vn 0.7081 -0.7052 -0.0354
vn 0.3822 -0.9239 -0.0191
vn 0.9796 -0.1947 -0.0490
vn 0.9796 0.1947 -0.0490
vn 0.7081 0.7052 -0.0354
vn 0.3822 0.9239 -0.0191
vn 0.7167 -0.6948 0.0603
vn 0.3791 -0.9248 0.0319
vn 0.9776 -0.1936 0.0823
vn 0.9776 0.1936 0.0823
vn 0.7167 0.6948 0.0603
vn 0.3791 0.9248 0.0319
vn 0.6920 -0.7044 0.1581
vn 0.3730 -0.9239 0.0852
vn 0.9562 -0.1946 0.2185
vn 0.9562 0.1946 0.2185
vn 0.6920 0.7044 0.1581
vn 0.3730 0.9239 0.0852
vn 0.6229 -0.6840 0.3798
vn 0.3142 -0.9298 0.1916
vn 0.8373 -0.1959 0.5105
vn 0.8373 0.1959 0.5105
vn 0.6229 0.6840 0.3798
vn 0.3142 0.9298 0.1916
vn 0.5185 -0.7253 0.4528
vn 0.2862 -0.9250 0.2499
vn 0.7381 -0.1998 0.6445
vn 0.7381 0.1998 0.6445
vn 0.5185 0.7253 0.4528
vn 0.2862 0.9250 0.2499
vn 0.6278 -0.7466 0.2201
vn 0.3514 -0.9281 0.1232
vn 0.9232 -0.2072 0.3237
vn 0.9232 0.2072 0.3237
vn 0.6278 0.7466 0.2201
vn 0.3514 0.9281 0.1232
vn 0.6394 -0.6825 0.3540
vn 0.3096 -0.9353 0.1714
vn 0.8571 -0.2008 0.4745
vn 0.8571 0.2008 0.4745
vn 0.6394 0.6825 0.3540
vn 0.3096 0.9353 0.1714
vn 0.4277 -0.7076 0.5625
vn 0.2316 -0.9239 0.3046
vn 0.5936 -0.1952 0.7807
vn 0.5936 0.1952 0.7807
vn 0.4277 0.7076 0.5625
vn 0.2316 0.9239 0.3046
vn 0.5155 -0.7410 0.4302
vn 0.2877 -0.9271 0.2401
vn 0.7514 -0.2051 0.6271
vn 0.7514 0.2051 0.6271
vn 0.5155 0.7410 0.4302
vn 0.2877 0.9271 0.2401
vn 0.4549 -0.6825 0.5721
vn 0.2198 -0.9356 0.2764
vn 0.6097 -0.2010 0.7667
vn 0.6097 0.2010 0.7667
vn 0.4549 0.6825 0.5721
vn 0.2198 0.9356 0.2764
vn 0.0590 -0.6910 0.7205
vn 0.0309 -0.9257 0.3770
vn 0.0800 -0.1936 0.9778
vn 0.0800 0.1936 0.9778
vn 0.0590 0.6910 0.7205
vn 0.0309 0.9257 0.3770
vn -0.0593 -0.7071 0.7047
vn -0.0321 -0.9239 0.3814
vn -0.0823 -0.1951 0.9773
vn -0.0823 0.1951 0.9773
vn -0.0593 0.7071 0.7047
vn -0.0321 0.9239 0.3814
vn -0.1249 -0.6972 0.7059
vn -0.0664 -0.9244 0.3755
vn -0.1709 -0.1936 0.9661
vn -0.1709 0.1936 0.9661
vn -0.1249 0.6972 0.7059
vn -0.0664 0.9244 0.3755
vn -0.2843 -0.6930 0.6626
vn -0.1496 -0.9252 0.3488
vn -0.3868 -0.1935 0.9016
vn -0.3868 0.1935 0.9016
vn -0.2843 0.6930 0.6626
vn -0.1496 0.9252 0.3488
vn -0.3504 -0.7101 0.6108
vn -0.1904 -0.9239 0.3319
vn -0.4880 -0.1957 0.8506
vn -0.4880 0.1957 0.8506
vn -0.3504 0.7101 0.6108
vn -0.1904 0.9239 0.3319
vn -0.1066 -0.7629 0.6376
vn -0.0602 -0.9311 0.3597
vn -0.1611 -0.2140 0.9635
vn -0.1611 0.2140 0.9635
vn -0.1066 0.7629 0.6376
vn -0.0602 0.9311 0.3597
vn 0.2938 -0.7564 0.5844
vn 0.1653 -0.9298 0.3287
vn 0.4391 -0.2112 0.8733
vn 0.4391 0.2112 0.8733
vn 0.2938 0.7564 0.5844
vn 0.1653 0.9298 0.3287
vn 0.5613 -0.7420 0.3665
vn 0.3134 -0.9273 0.2046
vn 0.8194 -0.2054 0.5351
vn 0.8194 0.2054 0.5351
vn 0.5613 0.7420 0.3665
vn 0.3134 0.9273 0.2046
vn 0.4888 -0.6837 0.5418
vn 0.2305 -0.9389 0.2555
vn 0.6556 -0.2046 0.7268
vn 0.6556 0.2046 0.7268
vn 0.4888 0.6837 0.5418
vn 0.2305 0.9389 0.2555
vn 0.0115 -0.6867 0.7268
vn 0.0059 -0.9275 0.3737
vn 0.0155 -0.1944 0.9808
vn 0.0155 0.1944 0.9808
vn 0.0115 0.6867 0.7268
vn 0.0059 0.9275 0.3737
vn -0.3506 -0.6845 0.6392
vn -0.1777 -0.9292 0.3239
vn -0.4717 -0.1955 0.8598
vn -0.4717 0.1955 0.8598
vn -0.3506 0.6845 0.6392
vn -0.1777 0.9292 0.3239
vn 0.0679 -0.6979 0.7130
vn -0.6505 -0.6845 0.3292
vn -0.3037 -0.9403 0.1537
vn 0.0289 -0.9526 0.3029
vn 0.0924 -0.2233 0.9704
vn -0.8731 -0.2062 0.4419
vn 0.0924 0.2233 0.9704
vn -0.8731 0.2062 0.4419
vn 0.0679 0.6979 0.7130
vn -0.6505 0.6845 0.3292
vn 0.0289 0.9526 0.3029
vn -0.3037 0.9403 0.1537
vn -0.6582 -0.6824 -0.3179
vn -0.3196 -0.9349 -0.1544
vn -0.8822 -0.2003 -0.4261
vn -0.8822 0.2003 -0.4261
vn -0.6582 0.6824 -0.3179
vn -0.3196 0.9349 -0.1544
vn -0.2761 -0.6833 -0.6759
vn -0.1383 -0.9307 -0.3385
vn -0.3708 -0.1966 -0.9077
vn -0.3708 0.1966 -0.9077
vn -0.2761 0.6833 -0.6759
vn -0.1383 0.9307 -0.3385
vn 0.3010 -0.6839 -0.6646
vn 0.1415 -0.9393 -0.3125
vn 0.4038 -0.2050 -0.8916
vn 0.4038 0.2050 -0.8916
vn 0.3010 0.6839 -0.6646
vn 0.1415 0.9393 -0.3125
vn 0.6552 -0.7352 0.1737
vn 0.2372 -0.9694 0.0629
vn 0.9337 -0.2587 0.2476
vn 0.9337 0.2587 0.2476
vn 0.6552 0.7352 0.1737
vn 0.2372 0.9694 0.0629
vn 0.3775 -0.7360 0.5619
vn 0.2100 -0.9264 0.3126
vn 0.5460 -0.2033 0.8128
vn 0.5460 0.2033 0.8128
vn 0.3775 0.7360 0.5619
vn 0.2100 0.9264 0.3126
vn 0.6854 -0.7216 0.0978
vn 0.6834 -0.7267 -0.0702
vn 0.3776 -0.9252 -0.0388
vn 0.3770 -0.9246 0.0538
vn 0.9702 -0.1986 0.1385
vn 0.9746 -0.2002 -0.1001
vn 0.9702 0.1986 0.1385
vn 0.9746 0.2002 -0.1001
vn 0.6854 0.7216 0.0978
vn 0.6834 0.7267 -0.0702
vn 0.3770 0.9246 0.0538
vn 0.3776 0.9252 -0.0388
vn 0.7081 -0.6976 -0.1095
vn 0.3770 -0.9244 -0.0583
vn 0.9695 -0.1937 -0.1499
vn 0.9695 0.1937 -0.1499
vn 0.7081 0.6976 -0.1095
vn 0.3770 0.9244 -0.0583
vn 0.7096 -0.7041 -0.0287
vn 0.3823 -0.9239 -0.0155
vn 0.9801 -0.1945 -0.0397
vn 0.9801 0.1945 -0.0397
vn 0.7096 0.7041 -0.0287
vn 0.3823 0.9239 -0.0155
vn 0.6988 -0.7138 -0.0467
vn 0.3814 -0.9241 -0.0255
vn 0.9783 -0.1966 -0.0654
vn 0.9783 0.1966 -0.0654
vn 0.6988 0.7138 -0.0467
vn 0.3814 0.9241 -0.0255
vn 0.6924 -0.7126 -0.1130
vn 0.3774 -0.9240 -0.0616
vn 0.9678 -0.1963 -0.1579
vn 0.9678 0.1963 -0.1579
vn 0.6924 0.7126 -0.1130
vn 0.3774 0.9240 -0.0616
vn 0.6584 -0.7219 -0.2129
vn 0.3623 -0.9247 -0.1172
vn 0.9325 -0.1987 -0.3016
vn 0.9325 0.1987 -0.3016
vn 0.6584 0.7219 -0.2129
vn 0.3623 0.9247 -0.1172
vn 0.5342 -0.7422 -0.4047
vn 0.2983 -0.9273 -0.2260
vn 0.7800 -0.2055 -0.5910
vn 0.7800 0.2055 -0.5910
vn 0.5342 0.7422 -0.4047
vn 0.2983 0.9273 -0.2260
vn 0.1196 -0.8006 -0.5872
vn 0.0684 -0.9395 -0.3357
vn 0.1941 -0.2336 -0.9528
vn 0.1941 0.2336 -0.9528
vn 0.1196 0.8006 -0.5872
vn 0.0684 0.9395 -0.3357
vn -0.2945 -0.7289 -0.6180
vn -0.1630 -0.9254 -0.3421
vn -0.4214 -0.2009 -0.8844
vn -0.4214 0.2009 -0.8844
vn -0.2945 0.7289 -0.6180
vn -0.1630 0.9254 -0.3421
vn -0.4036 -0.7087 -0.5787
vn -0.2189 -0.9239 -0.3139
vn -0.5610 -0.1954 -0.8044
vn -0.5610 0.1954 -0.8044
vn -0.4036 0.7087 -0.5787
vn -0.2189 0.9239 -0.3139
vn -0.4572 -0.7205 -0.5214
vn -0.2513 -0.9245 -0.2866
vn -0.6462 -0.1983 -0.7370
vn -0.6462 0.1983 -0.7370
vn -0.4572 0.7205 -0.5214
vn -0.2513 0.9245 -0.2866
vn -0.4324 -0.6901 -0.5803
vn -0.2256 -0.9260 -0.3027
vn -0.5862 -0.1936 -0.7867
vn -0.5862 0.1936 -0.7867
vn -0.4324 0.6901 -0.5803
vn -0.2256 0.9260 -0.3027
vn -0.4521 -0.7565 -0.4725
vn -0.2543 -0.9299 -0.2658
vn -0.6758 -0.2112 -0.7062
vn -0.6758 0.2112 -0.7062
vn -0.4521 0.7565 -0.4725
vn -0.2543 0.9299 -0.2658
vn -0.6431 -0.7487 -0.1605
vn -0.3604 -0.9285 -0.0899
vn -0.9490 -0.2080 -0.2369
vn -0.9490 0.2080 -0.2369
vn -0.6431 0.7487 -0.1605
vn -0.3604 0.9285 -0.0899
vn -0.7136 -0.6998 -0.0344
vn -0.3815 -0.9242 -0.0184
vn -0.9799 -0.1939 -0.0472
vn -0.9799 0.1939 -0.0472
vn -0.7136 0.6998 -0.0344
vn -0.3815 0.9242 -0.0184
vn -0.6349 -0.7609 0.1340
vn -0.3579 -0.9307 0.0755
vn -0.9560 -0.2131 0.2017
vn -0.9560 0.2131 0.2017
vn -0.6349 0.7609 0.1340
vn -0.3579 0.9307 0.0755
vn -0.5144 -0.7339 0.4435
vn -0.2858 -0.9261 0.2464
vn -0.7417 -0.2025 0.6394
vn -0.7417 0.2025 0.6394
vn -0.5144 0.7339 0.4435
vn -0.2858 0.9261 0.2464
vn -0.5097 -0.6954 0.5066
vn -0.2700 -0.9247 0.2684
vn -0.6958 -0.1935 0.6917
vn -0.6958 0.1935 0.6917
vn -0.5097 0.6954 0.5066
vn -0.2700 0.9247 0.2684
vn -0.4154 -0.7426 0.5253
vn -0.2320 -0.9274 0.2934
vn -0.6071 -0.2057 0.7676
vn -0.6071 0.2057 0.7676
vn -0.4154 0.7426 0.5253
vn -0.2320 0.9274 0.2934
vn -0.1980 -0.7280 0.6564
vn -0.1095 -0.9253 0.3630
vn -0.2830 -0.2006 0.9379
vn -0.2830 0.2006 0.9379
vn -0.1980 0.7280 0.6564
vn -0.1095 0.9253 0.3630
vn -0.0132 -0.7250 0.6886
vn -0.0073 -0.9250 0.3800
vn -0.0187 -0.1996 0.9797
vn -0.0187 0.1996 0.9797
vn -0.0132 0.7250 0.6886
vn -0.0073 0.9250 0.3800
vn 0.1194 -0.7153 0.6885
vn 0.0653 -0.9241 0.3764
vn 0.1675 -0.1969 0.9660
vn 0.1675 0.1969 0.9660
vn 0.1194 0.7153 0.6885
vn 0.0653 0.9241 0.3764
vn 0.4088 -0.8133 0.4140
vn 0.2347 -0.9426 0.2377
vn 0.6818 -0.2415 0.6905
vn 0.6818 0.2415 0.6905
vn 0.4088 0.8133 0.4140
vn 0.2347 0.9426 0.2377
vn -0.6856 -0.7160 0.1315
vn -0.7230 -0.6892 0.0479
vn -0.3759 -0.9263 0.0249
vn -0.3751 -0.9242 0.0719
vn -0.9628 -0.1971 0.1846
vn -0.9789 -0.1938 0.0648
vn -0.9628 0.1971 0.1846
vn -0.9789 0.1938 0.0648
vn -0.6856 0.7160 0.1315
vn -0.7230 0.6892 0.0479
vn -0.3751 0.9242 0.0719
vn -0.3759 0.9263 0.0249
vn -0.6837 -0.6875 -0.2448
vn -0.3529 -0.9271 -0.1264
vn -0.9235 -0.1941 -0.3307
vn -0.9235 0.1941 -0.3307
vn -0.6837 0.6875 -0.2448
vn -0.3529 0.9271 -0.1264
vn -0.5500 -0.6929 -0.4663
vn -0.2894 -0.9252 -0.2454
vn -0.7484 -0.1935 -0.6344
vn -0.7484 0.1935 -0.6344
vn -0.5500 0.6929 -0.4663
vn -0.2894 0.9252 -0.2454
vn -0.2821 -0.6831 -0.6736
vn -0.1409 -0.9311 -0.3365
vn -0.3787 -0.1969 -0.9043
vn -0.3787 0.1969 -0.9043
vn -0.2821 0.6831 -0.6736
vn -0.1409 0.9311 -0.3365
vn 0.2246 -0.6825 -0.6956
vn 0.1104 -0.9333 -0.3418
vn 0.3011 -0.1988 -0.9326
vn 0.3011 0.1988 -0.9326
vn 0.2246 0.6825 -0.6956
vn 0.1104 0.9333 -0.3418
vn 0.6835 -0.7300 0.0065
vn 0.2524 -0.9676 0.0024
vn 0.9672 -0.2540 0.0092
vn 0.9672 0.2540 0.0092
vn 0.6835 0.7300 0.0065
vn 0.2524 0.9676 0.0024
vn 0.5526 -0.7873 0.2737
vn 0.3146 -0.9364 0.1558
vn 0.8729 -0.2261 0.4323
vn 0.8729 0.2261 0.4323
vn 0.5526 0.7873 0.2737
vn 0.3146 0.9364 0.1558
vn 0.7122 -0.6984 0.0713
vn 0.3798 -0.9243 0.0380
vn 0.9762 -0.1938 0.0977
vn 0.9762 0.1938 0.0977
vn 0.7122 0.6984 0.0713
vn 0.3798 0.9243 0.0380
vn 0.6704 -0.7414 -0.0297
vn 0.3742 -0.9272 -0.0166
vn 0.9778 -0.2052 -0.0433
vn 0.9778 0.2052 -0.0433
vn 0.6704 0.7414 -0.0297
vn 0.3742 0.9272 -0.0166
vn 0.6981 -0.7005 -0.1482
vn 0.3738 -0.9241 -0.0794
vn 0.9596 -0.1940 -0.2038
vn 0.9596 0.1940 -0.2038
vn 0.6981 0.7005 -0.1482
vn 0.3738 0.9241 -0.0794
vn 0.6940 -0.7098 -0.1208
vn 0.3769 -0.9239 -0.0656
vn 0.9662 -0.1956 -0.1681
vn 0.9662 0.1956 -0.1681
vn 0.6940 0.7098 -0.1208
vn 0.3769 0.9239 -0.0656
vn 0.7240 -0.6898 -0.0079
vn 0.3772 -0.9261 -0.0041
vn 0.9810 -0.1937 -0.0107
vn 0.9810 0.1937 -0.0107
vn 0.7240 0.6898 -0.0079
vn 0.3772 0.9261 -0.0041
vn 0.5859 -0.7918 -0.1726
vn 0.3340 -0.9374 -0.0984
vn 0.9338 -0.2286 -0.2751
vn 0.9338 0.2286 -0.2751
vn 0.5859 0.7918 -0.1726
vn 0.3340 0.9374 -0.0984
vn 0.6473 -0.6851 -0.3340
vn 0.3296 -0.9287 -0.1701
vn 0.8716 -0.1951 -0.4498
vn 0.8716 0.1951 -0.4498
vn 0.6473 0.6851 -0.3340
vn 0.3296 0.9287 -0.1701
vn 0.7263 -0.6873 0.0115
vn 0.3744 -0.9272 0.0059
vn 0.9808 -0.1942 0.0156
vn 0.9808 0.1942 0.0156
vn 0.7263 0.6873 0.0115
vn 0.3744 0.9272 0.0059
vn 0.6377 -0.7670 -0.0708
vn 0.3604 -0.9320 -0.0400
vn 0.9705 -0.2159 -0.1077
vn 0.9705 0.2159 -0.1077
vn 0.6377 0.7670 -0.0708
vn 0.3604 0.9320 -0.0400
vn 0.6999 -0.6888 -0.1888
vn 0.3633 -0.9265 -0.0980
vn 0.9472 -0.1939 -0.2555
vn 0.9472 0.1939 -0.2555
vn 0.6999 0.6888 -0.1888
vn 0.3633 0.9265 -0.0980
vn 0.6675 -0.7294 -0.1499
vn 0.3696 -0.9255 -0.0830
vn 0.9558 -0.2010 -0.2147
vn 0.9558 0.2010 -0.2147
vn 0.6675 0.7294 -0.1499
vn 0.3696 0.9255 -0.0830
vn 0.5606 -0.7393 -0.3732
vn 0.3125 -0.9269 -0.2080
vn 0.8148 -0.2044 -0.5424
vn 0.8148 0.2044 -0.5424
vn 0.5606 0.7393 -0.3732
vn 0.3125 0.9269 -0.2080
vn 0.5312 -0.6997 -0.4778
vn 0.2840 -0.9242 -0.2554
vn 0.7294 -0.1939 -0.6561
vn 0.7294 0.1939 -0.6561
vn 0.5312 0.6997 -0.4778
vn 0.2840 0.9242 -0.2554
vn 0.5662 -0.7048 -0.4275
vn 0.3054 -0.9239 -0.2306
vn 0.7828 -0.1947 -0.5910
vn 0.7828 0.1947 -0.5910
vn 0.5662 0.7048 -0.4275
vn 0.3054 0.9239 -0.2306
vn 0.6534 -0.6898 -0.3119
vn 0.3405 -0.9261 -0.1625
vn 0.8853 -0.1937 -0.4227
vn 0.8853 0.1937 -0.4227
vn 0.6534 0.6898 -0.3119
vn 0.3405 0.9261 -0.1625
vn 0.5340 -0.7634 -0.3633
vn 0.3013 -0.9312 -0.2050
vn 0.8076 -0.2143 -0.5495
vn 0.8076 0.2143 -0.5494
vn 0.5340 0.7634 -0.3633
vn 0.3013 0.9312 -0.2050
vn 0.4472 -0.7024 -0.5537
vn 0.2403 -0.9240 -0.2975
vn 0.6164 -0.1943 -0.7631
vn 0.6164 0.1943 -0.7631
vn 0.4472 0.7025 -0.5537
vn 0.2403 0.9240 -0.2975
vn 0.2022 -0.7764 -0.5969
vn 0.1147 -0.9339 -0.3385
vn 0.3130 -0.2204 -0.9238
vn 0.3130 0.2204 -0.9238
vn 0.2022 0.7764 -0.5969
vn 0.1147 0.9339 -0.3385
vn -0.1125 -0.7202 -0.6845
vn -0.0618 -0.9245 -0.3761
vn -0.1590 -0.1983 -0.9672
vn -0.1590 0.1983 -0.9672
vn -0.1125 0.7202 -0.6845
vn -0.0618 0.9245 -0.3761
vn -0.2799 -0.7307 -0.6227
vn -0.1551 -0.9257 -0.3451
vn -0.4017 -0.2015 -0.8934
vn -0.4017 0.2014 -0.8934
vn -0.2799 0.7307 -0.6227
vn -0.1551 0.9257 -0.3451
vn -0.4915 -0.7451 -0.4508
vn -0.2749 -0.9278 -0.2521
vn -0.7211 -0.2066 -0.6614
vn -0.7211 0.2066 -0.6614
vn -0.4915 0.7451 -0.4508
vn -0.2749 0.9278 -0.2521
vn -0.6403 -0.7228 -0.2600
vn -0.3526 -0.9247 -0.1432
vn -0.9080 -0.1990 -0.3686
vn -0.9080 0.1990 -0.3686
vn -0.6403 0.7228 -0.2600
vn -0.3526 0.9247 -0.1432
vn -0.6835 -0.7149 -0.1474
vn -0.3735 -0.9241 -0.0805
vn -0.9584 -0.1968 -0.2067
vn -0.9584 0.1968 -0.2067
vn -0.6835 0.7149 -0.1474
vn -0.3735 0.9241 -0.0805
vn -0.6958 -0.6973 -0.1721
vn -0.3702 -0.9244 -0.0916
vn -0.9524 -0.1937 -0.2356
vn -0.9524 0.1937 -0.2356
vn -0.6958 0.6973 -0.1721
vn -0.3702 0.9244 -0.0916
vn -0.6746 -0.7229 -0.1495
vn -0.3715 -0.9248 -0.0823
vn -0.9568 -0.1990 -0.2120
vn -0.9568 0.1990 -0.2120
vn -0.6746 0.7229 -0.1495
vn -0.3715 0.9248 -0.0823
vn -0.6988 -0.7146 -0.0320
vn -0.3817 -0.9241 -0.0175
vn -0.9794 -0.1968 -0.0449
vn -0.9794 0.1968 -0.0449
vn -0.6988 0.7146 -0.0320
vn -0.3817 0.9241 -0.0175
vn -0.7032 -0.7105 0.0275
vn -0.3823 -0.9239 0.0150
vn -0.9799 -0.1958 0.0384
vn -0.9799 0.1958 0.0384
vn -0.7032 0.7105 0.0275
vn -0.3823 0.9239 0.0150
vn -0.7135 -0.7007 0.0066
vn -0.9810 -0.1940 0.0090
vn -0.9810 0.1940 0.0090
vn -0.7135 0.7007 0.0066
vn -0.3822 -0.9241 0.0035
vn -0.6898 -0.7172 0.0989
vn -0.3779 -0.9243 0.0542
vn -0.9704 -0.1974 0.1391
vn -0.9704 0.1974 0.1391
vn -0.6898 0.7172 0.0989
vn -0.3779 0.9243 0.0542
vn -0.7020 -0.7017 0.1218
vn -0.3767 -0.9240 0.0654
vn -0.9665 -0.1942 0.1677
vn -0.9665 0.1942 0.1677
vn -0.7020 0.7017 0.1218
vn -0.3767 0.9240 0.0654
vn -0.6955 -0.7106 0.1068
vn -0.3782 -0.9239 0.0581
vn -0.9693 -0.1958 0.1489
vn -0.9693 0.1958 0.1489
vn -0.6955 0.7106 0.1068
vn -0.3782 0.9239 0.0581
vn -0.7081 -0.7007 0.0875
vn -0.3793 -0.9241 0.0469
vn -0.9736 -0.1940 0.1204
vn -0.9736 0.1940 0.1204
vn -0.7081 0.7007 0.0875
vn -0.3793 0.9241 0.0469
vn -0.7102 -0.7036 0.0255
vn -0.3823 -0.9239 0.0137
vn -0.9803 -0.1945 0.0352
vn -0.9803 0.1945 0.0352
vn -0.7102 0.7036 0.0255
vn -0.3823 0.9239 0.0137
vn -0.7130 -0.6900 -0.1248
vn -0.3718 -0.9260 -0.0651
vn -0.9664 -0.1937 -0.1691
vn -0.9664 0.1937 -0.1691
vn -0.7130 0.6900 -0.1248
vn -0.3718 0.9260 -0.0651
vn -0.6592 -0.7034 -0.2659
vn -0.3547 -0.9240 -0.1431
vn -0.9097 -0.1944 -0.3670
vn -0.9097 0.1944 -0.3670
vn -0.6592 0.7034 -0.2659
vn -0.3547 0.9239 -0.1431
vn -0.4439 -0.6843 -0.5785
vn -0.2078 -0.9399 -0.2708
vn -0.5957 -0.2058 -0.7764
vn -0.5957 0.2058 -0.7764
vn -0.4439 0.6843 -0.5785
vn -0.2078 0.9399 -0.2708
vn 0.1067 -0.6840 -0.7217
vn 0.0538 -0.9298 -0.3640
vn 0.1434 -0.1959 -0.9701
vn 0.1434 0.1959 -0.9701
vn 0.1067 0.6840 -0.7217
vn 0.0538 0.9298 -0.3640
vn 0.4254 -0.6898 -0.5858
vn 0.2217 -0.9261 -0.3053
vn 0.5765 -0.1937 -0.7938
vn 0.5765 0.1937 -0.7938
vn 0.4254 0.6898 -0.5858
vn 0.2217 0.9261 -0.3053
vn 0.7001 -0.6834 -0.2068
vn 0.3317 -0.9383 -0.0980
vn 0.9389 -0.2039 -0.2773
vn 0.9389 0.2039 -0.2773
vn 0.7001 0.6834 -0.2068
vn 0.3317 0.9383 -0.0980
vn 0.6686 -0.7430 -0.0303
vn 0.3735 -0.9275 -0.0170
vn 0.9776 -0.2058 -0.0444
vn 0.9776 0.2058 -0.0444
vn 0.6686 0.7430 -0.0303
vn 0.3735 0.9275 -0.0170
vn 0.7012 -0.6986 -0.1423
vn 0.3741 -0.9243 -0.0759
vn 0.9615 -0.1938 -0.1951
vn 0.9615 0.1938 -0.1951
vn 0.7012 0.6986 -0.1423
vn 0.3741 0.9243 -0.0759
vn 0.6727 -0.7223 -0.1602
vn 0.3704 -0.9247 -0.0882
vn 0.9534 -0.1989 -0.2271
vn 0.9534 0.1989 -0.2271
vn 0.6727 0.7223 -0.1602
vn 0.3704 0.9247 -0.0882
vn 0.7280 -0.6843 -0.0408
vn 0.3685 -0.9294 -0.0207
vn 0.9791 -0.1956 -0.0549
vn 0.9791 0.1956 -0.0549
vn 0.7280 0.6843 -0.0408
vn 0.3685 0.9294 -0.0207
vn 0.6485 -0.7593 -0.0533
vn 0.3653 -0.9304 -0.0300
vn 0.9739 -0.2124 -0.0800
vn 0.9739 0.2124 -0.0800
vn 0.6485 0.7593 -0.0533
vn 0.3653 0.9304 -0.0300
vn 0.6976 -0.6929 -0.1823
vn 0.3671 -0.9252 -0.0959
vn 0.9492 -0.1935 -0.2481
vn 0.9492 0.1935 -0.2481
vn 0.6976 0.6929 -0.1823
vn 0.3671 0.9252 -0.0959
vn 0.6830 -0.7178 -0.1351
vn 0.3744 -0.9243 -0.0741
vn 0.9616 -0.1976 -0.1902
vn 0.9616 0.1976 -0.1902
vn 0.6830 0.7178 -0.1351
vn 0.3744 0.9243 -0.0741
vn 0.7076 -0.6960 -0.1221
vn 0.3753 -0.9246 -0.0648
vn 0.9668 -0.1936 -0.1669
vn 0.9668 0.1936 -0.1669
vn 0.7076 0.6960 -0.1221
vn 0.3753 0.9246 -0.0648
vn 0.6827 -0.7213 -0.1171
vn 0.3755 -0.9246 -0.0644
vn 0.9660 -0.1986 -0.1657
vn 0.9660 0.1986 -0.1657
vn 0.6827 0.7213 -0.1171
vn 0.3755 0.9246 -0.0644
vn 0.6792 -0.7077 -0.1942
vn 0.3679 -0.9239 -0.1052
vn 0.9429 -0.1952 -0.2697
vn 0.9429 0.1952 -0.2697
vn 0.6792 0.7077 -0.1942
vn 0.3679 0.9239 -0.1052
vn 0.6709 -0.7102 -0.2134
vn 0.3646 -0.9239 -0.1160
vn 0.9345 -0.1958 -0.2972
vn 0.9345 0.1958 -0.2972
vn 0.6709 0.7102 -0.2134
vn 0.3646 0.9239 -0.1160
vn 0.7062 -0.6935 -0.1426
vn 0.3723 -0.9251 -0.0752
vn 0.9617 -0.1935 -0.1942
vn 0.9617 0.1935 -0.1942
vn 0.7062 0.6935 -0.1426
vn 0.3723 0.9251 -0.0752
vn 0.6849 -0.7201 -0.1117
vn 0.3762 -0.9245 -0.0614
vn 0.9674 -0.1982 -0.1578
vn 0.9674 0.1982 -0.1578
vn 0.6849 0.7201 -0.1117
vn 0.3762 0.9245 -0.0614
vn 0.6745 -0.7109 -0.1992
vn 0.3669 -0.9239 -0.1084
vn 0.9405 -0.1959 -0.2778
vn 0.9405 0.1959 -0.2778
vn 0.6745 0.7109 -0.1992
vn 0.3669 0.9239 -0.1084
vn 0.6976 -0.6976 -0.1633
vn 0.3714 -0.9244 -0.0870
vn 0.9552 -0.1937 -0.2237
vn 0.9552 0.1937 -0.2237
vn 0.6976 0.6976 -0.1633
vn 0.3714 0.9244 -0.0870
vn 0.7134 -0.6990 -0.0498
vn 0.3809 -0.9242 -0.0266
vn 0.9787 -0.1939 -0.0683
vn 0.9787 0.1939 -0.0683
vn 0.7134 0.6990 -0.0498
vn 0.3809 0.9242 -0.0266
vn 0.6617 -0.7377 -0.1339
vn 0.3685 -0.9266 -0.0746
vn 0.9596 -0.2039 -0.1941
vn 0.9596 0.2039 -0.1941
vn 0.6617 0.7377 -0.1339
vn 0.3685 0.9266 -0.0746
vn 0.6854 -0.6963 -0.2132
vn 0.3638 -0.9246 -0.1132
vn 0.9368 -0.1936 -0.2914
vn 0.9368 0.1936 -0.2914
vn 0.6854 0.6963 -0.2132
vn 0.3638 0.9246 -0.1132
vn 0.7164 -0.6950 -0.0611
vn 0.3791 -0.9248 -0.0323
vn 0.9775 -0.1935 -0.0833
vn 0.9775 0.1935 -0.0833
vn 0.7164 0.6950 -0.0611
vn 0.3791 0.9248 -0.0323
vn 0.6384 -0.7523 -0.1628
vn 0.3584 -0.9291 -0.0914
vn 0.9475 -0.2095 -0.2416
vn 0.9475 0.2095 -0.2416
vn 0.6383 0.7523 -0.1628
vn 0.3584 0.9291 -0.0914
vn 0.6764 -0.6908 -0.2557
vn 0.3536 -0.9258 -0.1337
vn 0.9177 -0.1936 -0.3469
vn 0.9177 0.1936 -0.3469
vn 0.6764 0.6908 -0.2557
vn 0.3536 0.9258 -0.1337
vn 0.6837 -0.7119 -0.1606
vn 0.3723 -0.9240 -0.0875
vn 0.9546 -0.1961 -0.2243
vn 0.9546 0.1961 -0.2243
vn 0.6837 0.7119 -0.1606
vn 0.3723 0.9240 -0.0875
vn 0.7077 -0.6963 -0.1195
vn 0.3757 -0.9246 -0.0634
vn 0.9674 -0.1936 -0.1633
vn 0.9674 0.1936 -0.1633
vn 0.7077 0.6963 -0.1195
vn 0.3757 0.9246 -0.0634
vn 0.7087 -0.7048 -0.0330
vn 0.3822 -0.9239 -0.0178
vn 0.9798 -0.1947 -0.0456
vn 0.9798 0.1947 -0.0456
vn 0.7087 0.7048 -0.0330
vn 0.3822 0.9239 -0.0178
vn 0.6563 -0.7383 -0.1557
vn 0.3656 -0.9267 -0.0868
vn 0.9525 -0.2041 -0.2260
vn 0.9525 0.2041 -0.2260
vn 0.6563 0.7383 -0.1557
vn 0.3656 0.9267 -0.0868
vn 0.7307 -0.6825 -0.0152
vn 0.3539 -0.9352 -0.0073
vn 0.9794 -0.2007 -0.0203
vn 0.9794 0.2007 -0.0203
vn 0.7307 0.6825 -0.0152
vn 0.3539 0.9352 -0.0073
vn 0.6570 -0.7484 0.0907
vn 0.3681 -0.9284 0.0508
vn 0.9690 -0.2079 0.1337
vn 0.9690 0.2079 0.1337
vn 0.6570 0.7484 0.0907
vn 0.3681 0.9284 0.0508
vn 0.6417 -0.7367 -0.2132
vn 0.3571 -0.9265 -0.1186
vn 0.9291 -0.2035 -0.3086
vn 0.9291 0.2035 -0.3086
vn 0.6417 0.7367 -0.2132
vn 0.3571 0.9265 -0.1186
vn 0.6733 -0.6922 -0.2600
vn 0.3536 -0.9254 -0.1365
vn 0.9152 -0.1936 -0.3534
vn 0.9152 0.1936 -0.3534
vn 0.6733 0.6922 -0.2600
vn 0.3536 0.9254 -0.1365
vn 0.6458 -0.7258 -0.2369
vn 0.3566 -0.9251 -0.1308
vn 0.9199 -0.1999 -0.3374
vn 0.9199 0.1999 -0.3374
vn 0.6458 0.7258 -0.2369
vn 0.3566 0.9251 -0.1308
vn 0.7102 -0.6854 -0.1609
vn 0.3623 -0.9284 -0.0821
vn 0.9566 -0.1949 -0.2167
vn 0.9566 0.1949 -0.2167
vn 0.7102 0.6854 -0.1609
vn 0.3623 0.9284 -0.0821
vn 0.6798 -0.7292 -0.0784
vn 0.3763 -0.9255 -0.0434
vn 0.9732 -0.2010 -0.1122
vn 0.9732 0.2010 -0.1122
vn 0.6798 0.7292 -0.0784
vn 0.3763 0.9255 -0.0434
vn 0.6832 -0.7065 -0.1844
vn 0.3695 -0.9239 -0.0997
vn 0.9469 -0.1950 -0.2556
vn 0.9469 0.1950 -0.2556
vn 0.6832 0.7065 -0.1844
vn 0.3695 0.9239 -0.0997
vn 0.7005 -0.7000 -0.1389
vn 0.3748 -0.9241 -0.0743
vn 0.9623 -0.1940 -0.1908
vn 0.9623 0.1940 -0.1908
vn 0.7005 0.7000 -0.1389
vn 0.3748 0.9241 -0.0743
vn 0.7146 -0.6829 0.1517
vn 0.3556 -0.9316 0.0755
vn 0.9590 -0.1973 0.2036
vn 0.9590 0.1973 0.2036
vn 0.7146 0.6829 0.1517
vn 0.3556 0.9316 0.0755
vn 0.6266 -0.7235 0.2895
vn 0.3453 -0.9248 0.1595
vn 0.8896 -0.1992 0.4110
vn 0.8896 0.1992 0.4110
vn 0.6266 0.7235 0.2895
vn 0.3453 0.9248 0.1595
vn 0.3193 -0.7106 0.6269
vn 0.1275 -0.9597 0.2505
vn 0.4409 -0.2361 0.8659
vn 0.4409 0.2361 0.8659
vn 0.3193 0.7106 0.6269
vn 0.1275 0.9597 0.2505
vn -0.1863 -0.9027 0.3879
vn 0.1214 -0.9565 0.2651
vn -0.8553 -0.0628 0.5143
vn -0.8556 0.0627 0.5139
vn -0.1864 0.9026 0.3880
vn 0.1214 0.9565 0.2651
vn 0.3420 -0.9237 0.1726
vn 0.3497 -0.9239 0.1552
vn -0.5082 0.0486 0.8599
vn -0.5084 -0.0483 0.8598
vn 0.3420 0.9237 0.1726
vn 0.3497 0.9239 0.1552
vn 0.5011 -0.6825 0.5321
vn 0.2464 -0.9332 0.2616
vn 0.6719 -0.1987 0.7135
vn 0.6719 0.1987 0.7135
vn 0.5011 0.6825 0.5321
vn 0.2464 0.9332 0.2616
vn 0.0995 -0.6864 0.7204
vn 0.0511 -0.9278 0.3697
vn 0.1342 -0.1945 0.9717
vn 0.1342 0.1945 0.9717
vn 0.0995 0.6864 0.7204
vn 0.0511 0.9278 0.3697
vn -0.0343 -0.7142 0.6991
vn -0.0187 -0.9241 0.3817
vn -0.0481 -0.1967 0.9793
vn -0.0481 0.1967 0.9793
vn -0.0343 0.7142 0.6991
vn -0.0187 0.9241 0.3817
vn -0.2057 -0.6842 0.6997
vn -0.1040 -0.9295 0.3538
vn -0.2766 -0.1957 0.9408
vn -0.2766 0.1957 0.9408
vn -0.2057 0.6842 0.6997
vn -0.1040 0.9295 0.3538
vn -0.4737 -0.6930 0.5435
vn -0.2494 -0.9252 0.2861
vn -0.6446 -0.1935 0.7396
vn -0.6446 0.1935 0.7396
vn -0.4737 0.6930 0.5435
vn -0.2494 0.9252 0.2861
vn -0.5903 -0.6957 0.4095
vn -0.3129 -0.9247 0.2170
vn -0.8061 -0.1936 0.5592
vn -0.8061 0.1936 0.5592
vn -0.5903 0.6957 0.4095
vn -0.3129 0.9247 0.2170
vn -0.6838 -0.6908 0.2349
vn -0.3576 -0.9258 0.1229
vn -0.9278 -0.1936 0.3188
vn -0.9278 0.1936 0.3188
vn -0.6838 0.6908 0.2349
vn -0.3576 0.9258 0.1229
vn -0.7244 -0.6891 -0.0212
vn -0.3765 -0.9264 -0.0110
vn -0.9806 -0.1938 -0.0287
vn -0.9806 0.1938 -0.0287
vn -0.7244 0.6891 -0.0212
vn -0.3765 0.9264 -0.0110
vn -0.6843 -0.6991 -0.2073
vn -0.3654 -0.9242 -0.1107
vn -0.9389 -0.1938 -0.2844
vn -0.9389 0.1938 -0.2844
vn -0.6843 0.6991 -0.2073
vn -0.3654 0.9242 -0.1107
vn -0.6679 -0.7176 -0.1975
vn -0.3660 -0.9243 -0.1083
vn -0.9400 -0.1975 -0.2780
vn -0.9400 0.1975 -0.2780
vn -0.6679 0.7176 -0.1975
vn -0.3660 0.9243 -0.1083
vn -0.6909 -0.7169 -0.0937
vn -0.3783 -0.9242 -0.0513
vn -0.9714 -0.1974 -0.1318
vn -0.9714 0.1974 -0.1318
vn -0.6909 0.7169 -0.0937
vn -0.3783 0.9242 -0.0513
vn -0.7047 -0.7086 -0.0342
vn -0.3822 -0.9239 -0.0185
vn -0.9796 -0.1954 -0.0475
vn -0.9796 0.1954 -0.0475
vn -0.7047 0.7086 -0.0342
vn -0.3822 0.9239 -0.0185
vn -0.7004 -0.7137 0.0105
vn -0.3822 -0.9241 0.0057
vn -0.9804 -0.1966 0.0147
vn -0.9804 0.1966 0.0147
vn -0.7004 0.7137 0.0105
vn -0.3822 0.9241 0.0057
vn -0.7158 -0.6982 -0.0106
vn -0.3816 -0.9243 -0.0056
vn -0.9809 -0.1938 -0.0145
vn -0.9809 0.1938 -0.0145
vn -0.7158 0.6982 -0.0106
vn -0.3816 0.9243 -0.0056
vn -0.6686 -0.7395 0.0787
vn -0.3727 -0.9269 0.0439
vn -0.9722 -0.2045 0.1144
vn -0.9722 0.2045 0.1144
vn -0.6686 0.7395 0.0787
vn -0.3727 0.9269 0.0439
vn -0.7014 -0.6954 0.1564
vn -0.3716 -0.9247 0.0828
vn -0.9576 -0.1935 0.2135
vn -0.9576 0.1935 0.2135
vn -0.7014 0.6954 0.1564
vn -0.3716 0.9247 0.0828
vn -0.7069 -0.7046 0.0619
vn -0.3812 -0.9239 0.0334
vn -0.9771 -0.1946 0.0856
vn -0.9771 0.1946 0.0856
vn -0.7069 0.7046 0.0619
vn -0.3812 0.9239 0.0334
vn -0.7016 -0.7099 0.0621
vn -0.3811 -0.9239 0.0337
vn -0.9769 -0.1957 0.0865
vn -0.9769 0.1957 0.0865
vn -0.7016 0.7099 0.0621
vn -0.3811 0.9239 0.0337
vn -0.7104 -0.7022 0.0483
vn -0.3815 -0.9240 0.0260
vn -0.9787 -0.1942 0.0666
vn -0.9787 0.1942 0.0666
vn -0.7104 0.7022 0.0483
vn -0.3815 0.9240 0.0260
vn -0.7038 -0.7096 0.0322
vn -0.3822 -0.9239 0.0175
vn -0.9797 -0.1956 0.0448
vn -0.9797 0.1956 0.0448
vn -0.7038 0.7096 0.0322
vn -0.3822 0.9239 0.0175
vn -0.7926 -0.5462 -0.2710
vn -0.0448 -0.9889 0.1419
vn -0.9719 -0.1044 -0.2108
vn -0.9719 0.1044 -0.2108
vn -0.7926 0.5462 -0.2710
vn -0.0448 0.9889 0.1419
vn 0.3290 -0.9262 0.1839
vn 0.3090 -0.9240 0.2252
vn 0.6779 -0.0480 -0.7336
vn 0.6779 0.0483 -0.7336
vn 0.3290 0.9262 0.1839
vn 0.3090 0.9240 0.2252
vn 0.4663 -0.6841 0.5609
vn 0.2355 -0.9297 0.2833
vn 0.6270 -0.1958 0.7540
vn 0.6270 0.1958 0.7540
vn 0.4663 0.6841 0.5609
vn 0.2355 0.9297 0.2833
vn 0.1322 -0.6877 0.7138
vn 0.0683 -0.9270 0.3688
vn 0.1786 -0.1941 0.9646
vn 0.1786 0.1941 0.9646
vn 0.1322 0.6877 0.7138
vn 0.0683 0.9270 0.3688
vn -0.0394 -0.7043 0.7088
vn -0.0213 -0.9239 0.3820
vn -0.0545 -0.1946 0.9794
vn -0.0545 0.1946 0.9794
vn -0.0394 0.7043 0.7088
vn -0.0213 0.9239 0.3820
vn -0.1277 -0.6964 0.7062
vn -0.0678 -0.9245 0.3750
vn -0.1745 -0.1936 0.9654
vn -0.1745 0.1936 0.9654
vn -0.1277 0.6964 0.7062
vn -0.0678 0.9245 0.3750
vn -0.2637 -0.6966 0.6672
vn -0.1401 -0.9245 0.3544
vn -0.3606 -0.1937 0.9124
vn -0.3606 0.1937 0.9124
vn -0.2637 0.6966 0.6672
vn -0.1401 0.9245 0.3544
vn -0.4545 -0.6885 0.5652
vn -0.2356 -0.9266 0.2930
vn -0.6147 -0.1939 0.7645
vn -0.6147 0.1939 0.7645
vn -0.4545 0.6885 0.5652
vn -0.2356 0.9266 0.2930
vn -0.5750 -0.7006 0.4225
vn -0.3080 -0.9241 0.2263
vn -0.7905 -0.1940 0.5809
vn -0.7905 0.1940 0.5809
vn -0.5750 0.7006 0.4225
vn -0.3080 0.9241 0.2263
vn -0.6637 -0.6908 0.2870
vn -0.3470 -0.9258 0.1501
vn -0.9005 -0.1936 0.3894
vn -0.9005 0.1936 0.3894
vn -0.6637 0.6908 0.2870
vn -0.3470 0.9258 0.1501
vn -0.6806 -0.7097 0.1818
vn -0.3696 -0.9239 0.0987
vn -0.9475 -0.1956 0.2530
vn -0.9475 0.1956 0.2530
vn -0.6806 0.7097 0.1818
vn -0.3696 0.9239 0.0987
vn -0.7075 -0.6956 0.1245
vn -0.3750 -0.9247 0.0660
vn -0.9663 -0.1935 0.1700
vn -0.9663 0.1935 0.1700
vn -0.7075 0.6956 0.1245
vn -0.3750 0.9247 0.0660
vn -0.6945 -0.7144 0.0855
vn -0.3793 -0.9241 0.0467
vn -0.9731 -0.1967 0.1198
vn -0.9731 0.1967 0.1198
vn -0.6945 0.7144 0.0855
vn -0.3793 0.9241 0.0467
vn -0.7040 -0.7029 0.1013
vn -0.3786 -0.9240 0.0545
vn -0.9709 -0.1944 0.1397
vn -0.9709 0.1944 0.1397
vn -0.7040 0.7029 0.1013
vn -0.3786 0.9240 0.0545
vn -0.7069 -0.7047 0.0613
vn -0.3812 -0.9239 0.0331
vn -0.9772 -0.1947 0.0847
vn -0.9772 0.1947 0.0847
vn -0.7069 0.7047 0.0613
vn -0.3812 0.9239 0.0331
vn -0.6956 -0.7137 0.0819
vn -0.3796 -0.9241 0.0447
vn -0.9738 -0.1966 0.1147
vn -0.9738 0.1966 0.1147
vn -0.6956 0.7137 0.0819
vn -0.3796 0.9241 0.0447
vn -0.7080 -0.7013 0.0834
vn -0.9742 -0.1941 0.1147
vn -0.9742 0.1941 0.1147
vn -0.7080 0.7013 0.0834
vn -0.7128 -0.7013 0.0110
vn -0.3822 -0.9240 0.0059
vn -0.9809 -0.1941 0.0151
vn -0.9809 0.1941 0.0151
vn -0.7128 0.7013 0.0110
vn -0.3822 0.9240 0.0059
vn -0.6885 -0.7231 0.0554
vn -0.3793 -0.9248 0.0305
vn -0.9768 -0.1991 0.0786
vn -0.9768 0.1991 0.0786
vn -0.6885 0.7231 0.0554
vn -0.3793 0.9248 0.0305
vn -0.7024 -0.7028 0.1124
vn -0.3777 -0.9240 0.0605
vn -0.9686 -0.1944 0.1550
vn -0.9686 0.1944 0.1550
vn -0.7024 0.7028 0.1124
vn -0.3777 0.9240 0.0605
vn 0.0435 -0.6832 0.7289
vn -0.6253 -0.7274 0.2827
vn -0.2332 -0.9667 0.1054
vn 0.0218 -0.9310 0.3644
vn 0.0584 -0.1968 0.9787
vn -0.8819 -0.2517 0.3987
vn 0.0584 0.1968 0.9787
vn -0.8819 0.2517 0.3987
vn 0.0435 0.6832 0.7289
vn -0.6253 0.7274 0.2827
vn 0.0218 0.9310 0.3644
vn -0.2332 0.9667 0.1054
vn -0.3550 -0.6901 -0.6307
vn -0.1582 -0.9466 -0.2810
vn -0.4790 -0.2143 -0.8512
vn -0.4790 0.2143 -0.8512
vn -0.3550 0.6901 -0.6307
vn -0.1582 0.9466 -0.2810
vn 0.4636 -0.6898 -0.5561
vn 0.2068 -0.9464 -0.2481
vn 0.6254 -0.2140 -0.7503
vn 0.6254 0.2140 -0.7503
vn 0.4636 0.6898 -0.5561
vn 0.2068 0.9464 -0.2481
vn 0.6394 -0.7025 0.3125
vn 0.2653 -0.9554 0.1297
vn 0.8747 -0.2281 0.4276
vn 0.8747 0.2281 0.4276
vn 0.6394 0.7025 0.3125
vn 0.2653 0.9554 0.1297
vn -0.1246 -0.6965 0.7066
vn -0.5854 -0.6970 0.4140
vn -0.2499 -0.9520 0.1768
vn -0.0662 -0.9245 0.3753
vn -0.1703 -0.1936 0.9662
vn -0.7960 -0.2224 0.5630
vn -0.1703 0.1936 0.9662
vn -0.7960 0.2224 0.5630
vn -0.1246 0.6965 0.7066
vn -0.5854 0.6970 0.4140
vn -0.0662 0.9245 0.3753
vn -0.2499 0.9520 0.1768
vn -0.6443 -0.6826 -0.3450
vn -0.3113 -0.9356 -0.1667
vn -0.8636 -0.2011 -0.4624
vn -0.8636 0.2011 -0.4624
vn -0.6443 0.6826 -0.3450
vn -0.3113 0.9356 -0.1667
vn -0.3301 -0.6899 -0.6442
vn -0.1721 -0.9261 -0.3359
vn -0.4474 -0.1937 -0.8731
vn -0.4474 0.1937 -0.8731
vn -0.3301 0.6899 -0.6442
vn -0.1721 0.9261 -0.3359
vn -0.1520 -0.6984 -0.6994
vn -0.0810 -0.9243 -0.3730
vn -0.2083 -0.1938 -0.9587
vn -0.2083 0.1938 -0.9587
vn -0.1520 0.6984 -0.6994
vn -0.0810 0.9243 -0.3730
vn -0.1562 -0.7195 -0.6767
vn -0.0857 -0.9245 -0.3715
vn -0.2204 -0.1980 -0.9551
vn -0.2204 0.1980 -0.9551
vn -0.1562 0.7195 -0.6767
vn -0.0857 0.9245 -0.3715
vn -0.1377 -0.6941 -0.7066
vn -0.0727 -0.9250 -0.3731
vn -0.1876 -0.1935 -0.9630
vn -0.1876 0.1935 -0.9630
vn -0.1377 0.6941 -0.7066
vn -0.0727 0.9250 -0.3731
vn -0.0690 -0.7112 -0.6996
vn -0.0375 -0.9239 -0.3807
vn -0.0962 -0.1960 -0.9759
vn -0.0962 0.1960 -0.9759
vn -0.0690 0.7112 -0.6996
vn -0.0375 0.9239 -0.3807
vn -0.1463 -0.7180 -0.6805
vn -0.0802 -0.9243 -0.3731
vn -0.2060 -0.1976 -0.9584
vn -0.2060 0.1976 -0.9584
vn -0.1463 0.7180 -0.6805
vn -0.0802 0.9243 -0.3731
vn -0.0231 -0.6854 -0.7278
vn -0.0118 -0.9284 -0.3713
vn -0.0312 -0.1949 -0.9803
vn -0.0312 0.1949 -0.9803
vn -0.0231 0.6854 -0.7278
vn -0.0118 0.9284 -0.3713
vn -0.0482 -0.7570 -0.6516
vn -0.0271 -0.9300 -0.3666
vn -0.0721 -0.2115 -0.9747
vn -0.0721 0.2115 -0.9747
vn -0.0482 0.7570 -0.6516
vn -0.0271 0.9300 -0.3666
vn -0.3387 -0.7267 -0.5976
vn -0.1872 -0.9252 -0.3302
vn -0.4831 -0.2002 -0.8524
vn -0.4831 0.2002 -0.8524
vn -0.3387 0.7267 -0.5976
vn -0.1872 0.9252 -0.3302
vn -0.5130 -0.7393 -0.4361
vn -0.2860 -0.9269 -0.2431
vn -0.7458 -0.2045 -0.6340
vn -0.7458 0.2045 -0.6340
vn -0.5130 0.7393 -0.4361
vn -0.2860 0.9269 -0.2431
vn -0.6441 -0.7522 -0.1394
vn -0.3616 -0.9291 -0.0783
vn -0.9557 -0.2094 -0.2068
vn -0.9557 0.2094 -0.2068
vn -0.6441 0.7522 -0.1394
vn -0.3616 0.9291 -0.0783
vn -0.7105 -0.7033 0.0241
vn -0.3823 -0.9240 0.0130
vn -0.9804 -0.1944 0.0332
vn -0.9804 0.1944 0.0332
vn -0.7105 0.7033 0.0241
vn -0.3823 0.9239 0.0130
vn -0.7109 -0.6887 -0.1426
vn -0.3688 -0.9266 -0.0740
vn -0.9619 -0.1939 -0.1929
vn -0.9619 0.1939 -0.1929
vn -0.7109 0.6887 -0.1426
vn -0.3688 0.9266 -0.0740
vn -0.6601 -0.7430 -0.1104
vn -0.3688 -0.9275 -0.0617
vn -0.9652 -0.2058 -0.1614
vn -0.9652 0.2058 -0.1614
vn -0.6601 0.7430 -0.1104
vn -0.3688 0.9275 -0.0617
vn -0.7178 -0.6955 -0.0311
vn -0.3804 -0.9247 -0.0165
vn -0.9802 -0.1936 -0.0424
vn -0.9802 0.1936 -0.0424
vn -0.7178 0.6955 -0.0311
vn -0.3804 0.9247 -0.0165
vn -0.6988 -0.7038 -0.1277
vn -0.3763 -0.9239 -0.0688
vn -0.9649 -0.1945 -0.1763
vn -0.9649 0.1945 -0.1763
vn -0.6988 0.7038 -0.1277
vn -0.3763 0.9239 -0.0688
vn -0.6907 -0.7174 -0.0915
vn -0.3784 -0.9243 -0.0501
vn -0.9718 -0.1975 -0.1287
vn -0.9718 0.1975 -0.1287
vn -0.6907 0.7174 -0.0915
vn -0.3784 0.9243 -0.0501
vn -0.6991 -0.7150 0.0041
vn -0.3821 -0.9241 0.0022
vn -0.9804 -0.1969 0.0057
vn -0.9804 0.1969 0.0057
vn -0.6991 0.7150 0.0041
vn -0.3821 0.9241 0.0022
vn -0.6996 -0.7112 0.0690
vn -0.3807 -0.9239 0.0375
vn -0.9759 -0.1960 0.0962
vn -0.9759 0.1960 0.0962
vn -0.6996 0.7112 0.0690
vn -0.3807 0.9239 0.0375
vn -0.7118 -0.7005 0.0513
vn -0.3812 -0.9241 0.0275
vn -0.9785 -0.1940 0.0706
vn -0.9785 0.1940 0.0706
vn -0.7118 0.7005 0.0513
vn -0.3812 0.9241 0.0275
vn -0.7152 -0.6956 -0.0680
vn -0.3791 -0.9247 -0.0360
vn -0.9767 -0.1936 -0.0928
vn -0.9767 0.1936 -0.0928
vn -0.7152 0.6956 -0.0680
vn -0.3791 0.9247 -0.0360
vn -0.6903 -0.7194 -0.0775
vn -0.3789 -0.9244 -0.0426
vn -0.9741 -0.1980 -0.1094
vn -0.9741 0.1980 -0.1094
vn -0.6903 0.7194 -0.0775
vn -0.3789 0.9244 -0.0426
vn -0.7078 -0.7061 -0.0201
vn -0.3825 -0.9239 -0.0109
vn -0.9804 -0.1949 -0.0278
vn -0.9804 0.1949 -0.0278
vn -0.7078 0.7061 -0.0201
vn -0.3825 0.9239 -0.0109
vn -0.6900 -0.7220 0.0503
vn -0.3797 -0.9247 0.0277
vn -0.9775 -0.1987 0.0712
vn -0.9775 0.1987 0.0712
vn -0.6900 0.7220 0.0503
vn -0.3797 0.9247 0.0277
vn -0.6428 -0.7306 0.2301
vn -0.3562 -0.9257 0.1275
vn -0.9222 -0.2014 0.3301
vn -0.9222 0.2014 0.3301
vn -0.6428 0.7306 0.2301
vn -0.3562 0.9257 0.1275
vn -0.6197 -0.7068 0.3413
vn -0.3352 -0.9239 0.1846
vn -0.8591 -0.1950 0.4731
vn -0.8591 0.1950 0.4731
vn -0.6197 0.7068 0.3413
vn -0.3352 0.9239 0.1846
vn -0.4888 -0.7458 0.4527
vn -0.2735 -0.9279 0.2533
vn -0.7178 -0.2069 0.6648
vn -0.7178 0.2069 0.6648
vn -0.4888 0.7458 0.4527
vn -0.2735 0.9279 0.2533
vn -0.2902 -0.7271 0.6222
vn -0.1604 -0.9252 0.3439
vn -0.4142 -0.2003 0.8879
vn -0.4142 0.2003 0.8879
vn -0.2902 0.7271 0.6222
vn -0.1604 0.9252 0.3439
vn -0.0465 -0.7419 0.6688
vn -0.0260 -0.9273 0.3734
vn -0.0679 -0.2054 0.9763
vn -0.0679 0.2054 0.9763
vn -0.0465 0.7419 0.6689
vn -0.0260 0.9273 0.3734
vn 0.0792 -0.7019 0.7079
vn 0.0425 -0.9240 0.3800
vn 0.1091 -0.1942 0.9749
vn 0.1091 0.1942 0.9749
vn 0.0792 0.7019 0.7079
vn 0.0425 0.9240 0.3800
vn -0.5269 -0.7860 0.3234
vn -0.1614 -0.9819 0.0990
vn -0.8124 -0.3024 0.4985
vn -0.8124 0.3024 0.4985
vn -0.5269 0.7860 0.3234
vn -0.1614 0.9819 0.0990
vn -0.4856 -0.6838 -0.5446
vn -0.2445 -0.9301 -0.2742
vn -0.6526 -0.1961 -0.7319
vn -0.6526 0.1961 -0.7319
vn -0.4856 0.6838 -0.5446
vn -0.2445 0.9301 -0.2742
vn -0.1748 -0.6901 -0.7023
vn -0.0912 -0.9260 -0.3663
vn -0.2369 -0.1937 -0.9520
vn -0.2369 0.1937 -0.9520
vn -0.1748 0.6901 -0.7023
vn -0.0912 0.9260 -0.3663
vn 0.0118 -0.6981 -0.7159
vn 0.0063 -0.9243 -0.3815
vn 0.0162 -0.1937 -0.9809
vn 0.0162 0.1937 -0.9809
vn 0.0118 0.6981 -0.7159
vn 0.0063 0.9243 -0.3815
vn 0.1228 -0.6990 -0.7046
vn 0.0655 -0.9242 -0.3761
vn 0.1684 -0.1938 -0.9665
vn 0.1684 0.1938 -0.9665
vn 0.1228 0.6990 -0.7046
vn 0.0655 0.9242 -0.3761
vn 0.2586 -0.6945 -0.6715
vn 0.1367 -0.9249 -0.3549
vn 0.3526 -0.1935 -0.9155
vn 0.3526 0.1935 -0.9155
vn 0.2586 0.6945 -0.6715
vn 0.1367 0.9249 -0.3549
vn 0.2513 -0.7233 -0.6432
vn 0.1385 -0.9248 -0.3544
vn 0.3567 -0.1991 -0.9128
vn 0.3567 0.1991 -0.9128
vn 0.2513 0.7233 -0.6432
vn 0.1385 0.9248 -0.3544
vn 0.3508 -0.6860 -0.6374
vn 0.1797 -0.9280 -0.3265
vn 0.4729 -0.1946 -0.8593
vn 0.4729 0.1946 -0.8593
vn 0.3508 0.6860 -0.6374
vn 0.1797 0.9280 -0.3265
vn 0.5725 -0.6911 -0.4411
vn 0.2997 -0.9257 -0.2309
vn 0.7771 -0.1936 -0.5988
vn 0.7771 0.1936 -0.5988
vn 0.5725 0.6911 -0.4411
vn 0.2997 0.9257 -0.2309
vn 0.6905 -0.6895 -0.2185
vn 0.3595 -0.9262 -0.1137
vn 0.9353 -0.1938 -0.2959
vn 0.9353 0.1937 -0.2959
vn 0.6905 0.6895 -0.2185
vn 0.3595 0.9262 -0.1137
vn 0.6825 -0.7177 -0.1381
vn 0.3741 -0.9243 -0.0757
vn 0.9608 -0.1976 -0.1944
vn 0.9608 0.1976 -0.1944
vn 0.6825 0.7177 -0.1381
vn 0.3741 0.9243 -0.0757
vn 0.6656 -0.7126 -0.2219
vn 0.3628 -0.9240 -0.1210
vn 0.9302 -0.1963 -0.3102
vn 0.9302 0.1963 -0.3102
vn 0.6656 0.7126 -0.2219
vn 0.3628 0.9240 -0.1210
vn 0.7154 -0.6886 -0.1186
vn 0.3711 -0.9266 -0.0615
vn 0.9678 -0.1939 -0.1604
vn 0.9678 0.1939 -0.1604
vn 0.7154 0.6886 -0.1186
vn 0.3711 0.9266 -0.0615
vn 0.7004 -0.7137 -0.0105
vn 0.3822 -0.9241 -0.0057
vn 0.9804 -0.1965 -0.0147
vn 0.9804 0.1965 -0.0147
vn 0.7004 0.7137 -0.0105
vn 0.3822 0.9241 -0.0057
vn 0.6927 -0.7155 -0.0908
vn 0.3788 -0.9242 -0.0496
vn 0.9721 -0.1970 -0.1274
vn 0.9721 0.1970 -0.1274
vn 0.6927 0.7155 -0.0908
vn 0.3788 0.9242 -0.0496
vn 0.7227 -0.6909 -0.0204
vn 0.3780 -0.9257 -0.0107
vn 0.9807 -0.1936 -0.0277
vn 0.9807 0.1936 -0.0277
vn 0.7227 0.6909 -0.0204
vn 0.3780 0.9257 -0.0107
vn 0.6675 -0.7422 -0.0600
vn 0.3727 -0.9273 -0.0335
vn 0.9747 -0.2055 -0.0876
vn 0.9747 0.2055 -0.0876
vn 0.6675 0.7422 -0.0600
vn 0.3727 0.9273 -0.0335
vn 0.6961 -0.6982 -0.1674
vn 0.3711 -0.9243 -0.0892
vn 0.9539 -0.1937 -0.2293
vn 0.9539 0.1937 -0.2293
vn 0.6961 0.6982 -0.1674
vn 0.3711 0.9243 -0.0892
vn 0.7023 -0.7051 -0.0977
vn 0.3790 -0.9239 -0.0527
vn 0.9715 -0.1947 -0.1351
vn 0.9715 0.1947 -0.1351
vn 0.7023 0.7051 -0.0977
vn 0.3790 0.9239 -0.0527
vn 0.7122 -0.7005 -0.0453
vn 0.3814 -0.9241 -0.0243
vn 0.9790 -0.1940 -0.0623
vn 0.9790 0.1940 -0.0623
vn 0.7122 0.7005 -0.0453
vn 0.3814 0.9241 -0.0243
vn 0.7136 -0.6987 0.0505
vn 0.3808 -0.9243 0.0269
vn 0.9786 -0.1938 0.0692
vn 0.9786 0.1938 0.0692
vn 0.7136 0.6987 0.0505
vn 0.3808 0.9243 0.0269
vn 0.6916 -0.7217 0.0279
vn 0.3805 -0.9246 0.0154
vn 0.9793 -0.1987 0.0395
vn 0.9793 0.1987 0.0395
vn 0.6916 0.7217 0.0279
vn 0.3805 0.9246 0.0154
vn 0.2640 -0.8986 -0.3504
vn 0.1572 -0.9653 -0.2086
vn 0.9435 -0.3234 0.0723
vn 0.9435 0.3234 0.0723
vn 0.2640 0.8986 -0.3504
vn 0.1572 0.9653 -0.2086
vn -0.1985 -0.7172 -0.6680
vn -0.1088 -0.9243 -0.3659
vn -0.3360 -0.3825 -0.8607
vn -0.3360 0.3825 -0.8607
vn -0.1985 0.7172 -0.6680
vn -0.1088 0.9243 -0.3659
vn -0.2624 -0.7092 -0.6544
vn -0.1424 -0.9239 -0.3551
vn -0.3650 -0.1955 -0.9102
vn -0.3650 0.1955 -0.9102
vn -0.2624 0.7092 -0.6544
vn -0.1424 0.9239 -0.3551
vn -0.3597 -0.7296 -0.5817
vn -0.1992 -0.9255 -0.3221
vn -0.5152 -0.2011 -0.8331
vn -0.5152 0.2011 -0.8331
vn -0.3597 0.7296 -0.5817
vn -0.1992 0.9255 -0.3221
vn -0.3427 -0.6876 -0.6401
vn -0.1770 -0.9271 -0.3305
vn -0.4631 -0.1941 -0.8648
vn -0.4631 0.1941 -0.8648
vn -0.3427 0.6876 -0.6401
vn -0.1770 0.9271 -0.3305
vn -0.0715 -0.6903 -0.7200
vn -0.0373 -0.9259 -0.3759
vn -0.0969 -0.1937 -0.9763
vn -0.0969 0.1937 -0.9763
vn -0.0715 0.6903 -0.7200
vn -0.0373 0.9259 -0.3759
vn 0.3198 -0.6825 -0.6572
vn 0.1573 -0.9332 -0.3232
vn 0.4288 -0.1987 -0.8813
vn 0.4288 0.1987 -0.8813
vn 0.3198 0.6825 -0.6572
vn 0.1573 0.9332 -0.3232
vn 0.6718 -0.6830 -0.2868
vn 0.3348 -0.9314 -0.1429
vn 0.9017 -0.1971 -0.3849
vn 0.9017 0.1971 -0.3849
vn 0.6718 0.6830 -0.2868
vn 0.3348 0.9314 -0.1429
vn 0.7178 -0.6956 0.0310
vn 0.3804 -0.9247 0.0165
vn 0.9802 -0.1936 0.0424
vn 0.9802 0.1936 0.0424
vn 0.7178 0.6956 0.0310
vn 0.3804 0.9247 0.0165
vn 0.6608 -0.6845 0.3078
vn 0.3350 -0.9292 0.1560
vn 0.8890 -0.1955 0.4141
vn 0.8890 0.1955 0.4141
vn 0.6608 0.6845 0.3078
vn 0.3350 0.9292 0.1560
vn 0.4651 -0.6920 0.5521
vn 0.2441 -0.9254 0.2898
vn 0.6321 -0.1935 0.7503
vn 0.6321 0.1935 0.7503
vn 0.4651 0.6920 0.5521
vn 0.2441 0.9254 0.2898
vn 0.1889 -0.6844 0.7042
vn 0.0957 -0.9293 0.3566
vn 0.2541 -0.1955 0.9472
vn 0.2541 0.1955 0.9472
vn 0.1889 0.6844 0.7042
vn 0.0957 0.9293 0.3566
vn 0.0888 -0.7294 0.6783
vn 0.0491 -0.9255 0.3756
vn 0.1271 -0.2010 0.9713
vn 0.1271 0.2010 0.9713
vn 0.0888 0.7294 0.6783
vn 0.0491 0.9255 0.3756
vn 0.1771 -0.7033 0.6885
vn 0.0953 -0.9239 0.3705
vn 0.2444 -0.1944 0.9500
vn 0.2444 0.1944 0.9500
vn 0.1771 0.7033 0.6885
vn 0.0953 0.9239 0.3705
vn 0.1237 -0.7020 0.7013
vn 0.0664 -0.9240 0.3766
vn 0.1704 -0.1942 0.9660
vn 0.1704 0.1942 0.9660
vn 0.1237 0.7020 0.7013
vn 0.0664 0.9240 0.3766
vn -0.0205 -0.8995 0.4365
vn 0.2199 -0.9493 0.2248
vn -0.6304 -0.0585 0.7741
vn -0.6304 0.0585 0.7741
vn -0.0206 0.8993 0.4368
vn 0.2199 0.9493 0.2248
vn 0.3701 -0.9168 -0.1501
vn 0.3774 -0.9260 -0.0096
vn 0.0911 -0.0485 -0.9947
vn 0.0911 0.0485 -0.9947
vn 0.3702 0.9167 -0.1502
vn 0.3774 0.9260 -0.0096
vn 0.7181 -0.6938 -0.0535
vn 0.3789 -0.9250 -0.0282
vn 0.9784 -0.1935 -0.0729
vn 0.9784 0.1935 -0.0729
vn 0.7181 0.6938 -0.0535
vn 0.3789 0.9250 -0.0282
vn 0.7023 -0.7118 0.0123
vn 0.3824 -0.9240 0.0067
vn 0.9804 -0.1961 0.0171
vn 0.9804 0.1961 0.0171
vn 0.7023 0.7118 0.0123
vn 0.3824 0.9240 0.0067
vn 0.6972 -0.7148 -0.0549
vn 0.3810 -0.9241 -0.0300
vn 0.9774 -0.1968 -0.0769
vn 0.9774 0.1968 -0.0769
vn 0.6972 0.7148 -0.0549
vn 0.3810 0.9241 -0.0300
vn 0.6900 -0.7127 -0.1264
vn 0.3761 -0.9240 -0.0689
vn 0.9645 -0.1963 -0.1766
vn 0.9645 0.1963 -0.1766
vn 0.6900 0.7127 -0.1264
vn 0.3761 0.9240 -0.0689
vn 0.6658 -0.7171 -0.2061
vn 0.3647 -0.9243 -0.1129
vn 0.9365 -0.1974 -0.2899
vn 0.9365 0.1974 -0.2899
vn 0.6658 0.7171 -0.2061
vn 0.3647 0.9243 -0.1129
vn 0.7046 -0.6918 -0.1582
vn 0.9572 -0.1935 -0.2150
vn 0.9572 0.1935 -0.2150
vn 0.7046 0.6918 -0.1582
vn 0.7174 -0.6872 0.1140
vn 0.3699 -0.9272 0.0588
vn 0.9688 -0.1942 0.1540
vn 0.9688 0.1942 0.1540
vn 0.7174 0.6872 0.1140
vn 0.3699 0.9272 0.0588
vn 0.5500 -0.6830 0.4806
vn 0.2742 -0.9314 0.2396
vn 0.7382 -0.1971 0.6451
vn 0.7382 0.1971 0.6451
vn 0.5500 0.6830 0.4806
vn 0.2742 0.9314 0.2396
vn 0.4356 -0.7337 0.5215
vn 0.2419 -0.9261 0.2896
vn 0.6278 -0.2024 0.7516
vn 0.6278 0.2024 0.7516
vn 0.4356 0.7337 0.5215
vn 0.2419 0.9261 0.2896
vn 0.4428 -0.6874 0.5756
vn 0.2285 -0.9271 0.2971
vn 0.5981 -0.1941 0.7776
vn 0.5981 0.1941 0.7776
vn 0.4428 0.6874 0.5756
vn 0.2285 0.9271 0.2971
vn 0.1521 -0.6872 0.7104
vn 0.0784 -0.9272 0.3662
vn 0.2053 -0.1942 0.9592
vn 0.2053 0.1942 0.9592
vn 0.1521 0.6872 0.7104
vn 0.0784 0.9272 0.3662
vn -0.1346 -0.6904 0.7108
vn -0.0703 -0.9259 0.3712
vn -0.1825 -0.1936 0.9639
vn -0.1825 0.1936 0.9639
vn -0.1346 0.6904 0.7108
vn -0.0703 0.9259 0.3712
vn -0.3022 -0.6987 0.6484
vn -0.1613 -0.9243 0.3460
vn -0.4145 -0.1938 0.8892
vn -0.4145 0.1938 0.8892
vn -0.3022 0.6987 0.6484
vn -0.1613 0.9243 0.3460
vn -0.4949 -0.6865 0.5327
vn -0.2542 -0.9276 0.2736
vn -0.6677 -0.1944 0.7186
vn -0.6677 0.1944 0.7186
vn -0.4949 0.6865 0.5327
vn -0.2542 0.9276 0.2736
vn -0.5421 -0.7193 0.4345
vn -0.2976 -0.9244 0.2385
vn -0.7649 -0.1980 0.6130
vn -0.7649 0.1980 0.6130
vn -0.5421 0.7193 0.4345
vn -0.2976 0.9244 0.2385
vn -0.5987 -0.6906 0.4056
vn -0.3129 -0.9258 0.2120
vn -0.8122 -0.1936 0.5503
vn -0.8122 0.1936 0.5503
vn -0.5987 0.6906 0.4056
vn -0.3129 0.9258 0.2120
vn -0.6043 -0.7194 0.3426
vn -0.3317 -0.9244 0.1881
vn -0.8527 -0.1980 0.4834
vn -0.8527 0.1980 0.4834
vn -0.6043 0.7194 0.3426
vn -0.3317 0.9244 0.1881
vn -0.6315 -0.6955 0.3427
vn -0.3346 -0.9247 0.1816
vn -0.8623 -0.1936 0.4679
vn -0.8623 0.1936 0.4679
vn -0.6315 0.6955 0.3427
vn -0.3346 0.9247 0.1816
vn -0.7114 -0.6890 0.1387
vn -0.3695 -0.9264 0.0720
vn -0.9629 -0.1938 0.1877
vn -0.9629 0.1938 0.1877
vn -0.7114 0.6890 0.1387
vn -0.3695 0.9264 0.0720
vn -0.7137 -0.6929 -0.1025
vn -0.3756 -0.9252 -0.0540
vn -0.9711 -0.1935 -0.1395
vn -0.9711 0.1935 -0.1395
vn -0.7137 0.6929 -0.1025
vn -0.3756 0.9252 -0.0540
vn -0.6812 -0.7229 -0.1155
vn -0.3752 -0.9248 -0.0636
vn -0.9662 -0.1990 -0.1639
vn -0.9662 0.1990 -0.1639
vn -0.6812 0.7229 -0.1155
vn -0.3752 0.9248 -0.0636
vn -0.7050 -0.6905 -0.1617
vn -0.3683 -0.9259 -0.0845
vn -0.9563 -0.1936 -0.2193
vn -0.9563 0.1936 -0.2193
vn -0.7050 0.6905 -0.1617
vn -0.3683 0.9259 -0.0845
vn -0.6442 -0.7638 -0.0400
vn -0.3636 -0.9313 -0.0226
vn -0.9749 -0.2144 -0.0606
vn -0.9749 0.2144 -0.0606
vn -0.6442 0.7638 -0.0400
vn -0.3636 0.9313 -0.0226
vn -0.5066 -0.7723 0.3834
vn -0.2868 -0.9331 0.2171
vn -0.7781 -0.2184 0.5890
vn -0.7781 0.2184 0.5890
vn -0.5066 0.7723 0.3834
vn -0.2868 0.9331 0.2171
vn -0.2295 -0.7375 0.6352
vn -0.1278 -0.9266 0.3537
vn -0.3327 -0.2038 0.9208
vn -0.3327 0.2038 0.9208
vn -0.2295 0.7375 0.6352
vn -0.1278 0.9266 0.3537
vn 0.0232 -0.7335 0.6793
vn 0.0129 -0.9260 0.3772
vn 0.0334 -0.2024 0.9787
vn 0.0334 0.2024 0.9787
vn 0.0232 0.7335 0.6793
vn 0.0129 0.9260 0.3772
vn 0.0995 -0.6989 0.7082
vn 0.0531 -0.9242 0.3781
vn 0.1365 -0.1938 0.9715
vn 0.1365 0.1938 0.9715
vn 0.0995 0.6989 0.7082
vn 0.0531 0.9242 0.3781
vn -0.0171 -0.6973 0.7165
vn -0.0091 -0.9244 0.3813
vn -0.0234 -0.1937 0.9808
vn -0.0234 0.1937 0.9808
vn -0.0171 0.6973 0.7165
vn -0.0091 0.9244 0.3813
vn -0.0345 -0.7155 0.6977
vn -0.0189 -0.9242 0.3816
vn -0.0484 -0.1970 0.9792
vn -0.0484 0.1970 0.9792
vn -0.0345 0.7155 0.6977
vn -0.0189 0.9242 0.3816
vn -0.0675 -0.6956 0.7153
vn -0.0358 -0.9247 0.3791
vn -0.0922 -0.1936 0.9767
vn -0.0922 0.1936 0.9767
vn -0.0675 0.6956 0.7153
vn -0.0358 0.9247 0.3791
vn -0.0971 -0.7154 0.6919
vn -0.0531 -0.9241 0.3783
vn -0.1362 -0.1970 0.9709
vn -0.1362 0.1970 0.9709
vn -0.0971 0.7154 0.6919
vn -0.0531 0.9241 0.3783
vt 0.803738 0.000000
vt 0.822430 0.000000
vt 0.813084 0.000000
vt 0.831776 0.000000
vt 0.794393 0.000000
vt 0.841121 0.000000
vt 0.850467 0.000000
vt 0.785047 0.000000
vt 0.859813 0.000000
vt 0.775701 0.000000
vt 0.869159 0.000000
vt 0.766355 0.000000
vt 0.878505 0.000000
vt 0.757009 0.000000
vt 0.887850 0.000000
vt 0.897196 0.000000
vt 0.747664 0.000000
vt 0.906542 0.000000
vt 0.738318 0.000000
vt 0.915888 0.000000
vt 0.728972 0.000000
vt 0.925234 0.000000
vt 0.934579 0.000000
vt 0.719626 0.000000
vt 0.943925 0.000000
vt 0.953271 0.000000
vt 0.971963 0.000000
vt 0.962617 0.000000
vt 0.981308 0.000000
vt 0.990654 0.000000
vt 0.710280 0.000000
vt 1.000000 0.000000
vt 0.046729 0.000000
vt 0.056075 0.000000
vt 0.065421 0.000000
vt 0.700935 0.000000
vt 0.074766 0.000000
vt 0.084112 0.000000
vt 0.691589 0.000000
vt 0.093458 0.000000
vt 0.682243 0.000000
vt 0.102804 0.000000
vt 0.672897 0.000000
vt 0.112150 0.000000
vt 0.654206 0.000000
vt 0.663551 0.000000
vt 0.121495 0.000000
vt 0.140187 0.000000
vt 0.130841 0.000000
vt 0.149533 0.000000
vt 0.644860 0.000000
vt 0.560748 0.000000
vt 0.158879 0.000000
vt 0.635514 0.000000
vt 0.570093 0.000000
vt 0.551402 0.000000
vt 0.579439 0.000000
vt 0.168224 0.000000
vt 0.588785 0.000000
vt 0.626168 0.000000
vt 0.177570 0.000000
vt 0.598131 0.000000
vt 0.616822 0.000000
vt 0.607477 0.000000
vt 0.186916 0.000000
vt 0.037383 0.000000
vt 0.009346 0.000000
vt 0.000000 0.000000
vt 0.028037 0.000000
vt 0.018692 0.000000
vt 0.196262 0.000000
vt 0.205607 0.000000
vt 0.214953 0.000000
vt 0.542056 0.000000
vt 0.224299 0.000000
vt 0.532710 0.000000
vt 0.233645 0.000000
vt 0.523364 0.000000
vt 0.242991 0.000000
vt 0.514019 0.000000
vt 0.504673 0.000000
vt 0.495327 0.000000
vt 0.252336 0.000000
vt 0.485981 0.000000
vt 0.261682 0.000000
vt 0.476636 0.000000
vt 0.271028 0.000000
vt 0.467290 0.000000
vt 0.280374 0.000000
vt 0.457944 0.000000
vt 0.289720 0.000000
vt 0.448598 0.000000
vt 0.299065 0.000000
vt 0.439252 0.000000
vt 0.429907 0.000000
vt 0.308411 0.000000
vt 0.317757 0.000000
vt 0.420561 0.000000
vt 0.327103 0.000000
vt 0.411215 0.000000
vt 0.336449 0.000000
vt 0.401869 0.000000
vt 0.355140 0.000000
vt 0.345794 0.000000
vt 0.364486 0.000000
vt 0.392523 0.000000
vt 0.373832 0.000000
vt 0.383178 0.000000
vt 0.690476 0.000000
vt 0.706349 0.000000
vt 0.698413 0.000000
vt 0.714286 0.000000
vt 0.722222 0.000000
vt 0.682540 0.000000
vt 0.730159 0.000000
vt 0.674603 0.000000
vt 0.658730 0.000000
vt 0.666667 0.000000
vt 0.738095 0.000000
vt 0.650794 0.000000
vt 0.746032 0.000000
vt 0.642857 0.000000
vt 0.753968 0.000000
vt 0.634921 0.000000
vt 0.761905 0.000000
vt 0.626984 0.000000
vt 0.769841 0.000000
vt 0.619048 0.000000
vt 0.777778 0.000000
vt 0.611111 0.000000
vt 0.603175 0.000000
vt 0.785714 0.000000
vt 0.595238 0.000000
vt 0.793651 0.000000
vt 0.587302 0.000000
vt 0.579365 0.000000
vt 0.801587 0.000000
vt 0.571429 0.000000
vt 0.563492 0.000000
vt 0.809524 0.000000
vt 0.817460 0.000000
vt 0.555556 0.000000
vt 0.547619 0.000000
vt 0.825397 0.000000
vt 0.539683 0.000000
vt 0.833333 0.000000
vt 0.531746 0.000000
vt 0.841270 0.000000
vt 0.523810 0.000000
vt 0.849206 0.000000
vt 0.865079 0.000000
vt 0.880952 0.000000
vt 0.873016 0.000000
vt 0.515873 0.000000
vt 0.888889 0.000000
vt 0.896825 0.000000
vt 0.857143 0.000000
vt 0.904762 0.000000
vt 0.912698 0.000000
vt 0.507937 0.000000
vt 0.920635 0.000000
vt 0.500000 0.000000
vt 0.206349 0.000000
vt 0.198413 0.000000
vt 0.928571 0.000000
vt 0.214286 0.000000
vt 0.190476 0.000000
vt 0.492063 0.000000
vt 0.222222 0.000000
vt 0.182540 0.000000
vt 0.230159 0.000000
vt 0.174603 0.000000
vt 0.936508 0.000000
vt 0.484127 0.000000
vt 0.238095 0.000000
vt 0.166667 0.000000
vt 0.944444 0.000000
vt 0.476190 0.000000
vt 0.158730 0.000000
vt 0.468254 0.000000
vt 0.246032 0.000000
vt 0.150794 0.000000
vt 0.952381 0.000000
vt 0.142857 0.000000
vt 0.253968 0.000000
vt 0.460317 0.000000
vt 0.134921 0.000000
vt 0.261905 0.000000
vt 0.960317 0.000000
vt 0.452381 0.000000
vt 0.126984 0.000000
vt 0.269841 0.000000
vt 0.119048 0.000000
vt 0.968254 0.000000
vt 0.111111 0.000000
vt 0.277778 0.000000
vt 0.444444 0.000000
vt 0.976190 0.000000
vt 0.103175 0.000000
vt 0.285714 0.000000
vt 0.436508 0.000000
vt 0.095238 0.000000
vt 0.293651 0.000000
vt 0.984127 0.000000
vt 0.428571 0.000000
vt 0.087302 0.000000
vt 0.992063 0.000000
vt 0.420635 0.000000
vt 0.079365 0.000000
vt 0.412698 0.000000
vt 0.301587 0.000000
vt 0.404762 0.000000
vt 0.071429 0.000000
vt 0.396825 0.000000
vt 0.007937 0.000000
vt 0.309524 0.000000
vt 0.063492 0.000000
vt 0.388889 0.000000
vt 0.015873 0.000000
vt 0.055556 0.000000
vt 0.317460 0.000000
vt 0.047619 0.000000
vt 0.023810 0.000000
vt 0.039683 0.000000
vt 0.325397 0.000000
vt 0.031746 0.000000
vt 0.380952 0.000000
vt 0.333333 0.000000
vt 0.373016 0.000000
vt 0.341270 0.000000
vt 0.365079 0.000000
vt 0.349206 0.000000
vt 0.357143 0.000000
vt 0.661290 0.000000
vt 0.677419 0.000000
vt 0.669355 0.000000
vt 0.685484 0.000000
vt 0.733871 0.000000
vt 0.750000 0.000000
vt 0.741935 0.000000
vt 0.693548 0.000000
vt 0.725806 0.000000
vt 0.653226 0.000000
vt 0.701613 0.000000
vt 0.717742 0.000000
vt 0.008065 0.000000
vt 0.645161 0.000000
vt 0.709677 0.000000
vt 0.637097 0.000000
vt 0.016129 0.000000
vt 0.629032 0.000000
vt 0.024194 0.000000
vt 0.032258 0.000000
vt 0.620968 0.000000
vt 0.040323 0.000000
vt 0.612903 0.000000
vt 0.879032 0.000000
vt 0.048387 0.000000
vt 0.887097 0.000000
vt 0.870968 0.000000
vt 0.604839 0.000000
vt 0.895161 0.000000
vt 0.862903 0.000000
vt 0.903226 0.000000
vt 0.596774 0.000000
vt 0.056452 0.000000
vt 0.911290 0.000000
vt 0.854839 0.000000
vt 0.919355 0.000000
vt 0.064516 0.000000
vt 0.927419 0.000000
vt 0.588710 0.000000
vt 0.846774 0.000000
vt 0.072581 0.000000
vt 0.580645 0.000000
vt 0.935484 0.000000
vt 0.572581 0.000000
vt 0.838710 0.000000
vt 0.943548 0.000000
vt 0.830645 0.000000
vt 0.080645 0.000000
vt 0.564516 0.000000
vt 0.556452 0.000000
vt 0.951613 0.000000
vt 0.822581 0.000000
vt 0.088710 0.000000
vt 0.959677 0.000000
vt 0.548387 0.000000
vt 0.814516 0.000000
vt 0.967742 0.000000
vt 0.540323 0.000000
vt 0.096774 0.000000
vt 0.975806 0.000000
vt 0.532258 0.000000
vt 0.524194 0.000000
vt 0.991935 0.000000
vt 0.983871 0.000000
vt 0.475806 0.000000
vt 0.104839 0.000000
vt 0.516129 0.000000
vt 0.483871 0.000000
vt 0.467742 0.000000
vt 0.491935 0.000000
vt 0.508065 0.000000
vt 0.112903 0.000000
vt 0.459677 0.000000
vt 0.120968 0.000000
vt 0.451613 0.000000
vt 0.806452 0.000000
vt 0.766129 0.000000
vt 0.758065 0.000000
vt 0.798387 0.000000
vt 0.774194 0.000000
vt 0.129032 0.000000
vt 0.790323 0.000000
vt 0.443548 0.000000
vt 0.782258 0.000000
vt 0.435484 0.000000
vt 0.137097 0.000000
vt 0.145161 0.000000
vt 0.427419 0.000000
vt 0.153226 0.000000
vt 0.419355 0.000000
vt 0.161290 0.000000
vt 0.411290 0.000000
vt 0.169355 0.000000
vt 0.403226 0.000000
vt 0.177419 0.000000
vt 0.395161 0.000000
vt 0.290323 0.000000
vt 0.306452 0.000000
vt 0.298387 0.000000
vt 0.185484 0.000000
vt 0.282258 0.000000
vt 0.314516 0.000000
vt 0.387097 0.000000
vt 0.322581 0.000000
vt 0.274194 0.000000
vt 0.193548 0.000000
vt 0.379032 0.000000
vt 0.330645 0.000000
vt 0.266129 0.000000
vt 0.338710 0.000000
vt 0.370968 0.000000
vt 0.258065 0.000000
vt 0.346774 0.000000
vt 0.201613 0.000000
vt 0.362903 0.000000
vt 0.354839 0.000000
vt 0.250000 0.000000
vt 0.209677 0.000000
vt 0.241935 0.000000
vt 0.217742 0.000000
vt 0.233871 0.000000
vt 0.225806 0.000000
vt 0.683673 0.000000
vt 0.673469 0.000000
vt 0.704082 0.000000
vt 0.693878 0.000000
vt 0.989796 0.000000
vt 0.724490 0.000000
vt 0.979592 0.000000
vt 0.734694 0.000000
vt 0.969388 0.000000
vt 0.959184 0.000000
vt 0.744898 0.000000
vt 0.948980 0.000000
vt 0.755102 0.000000
vt 0.938776 0.000000
vt 0.765306 0.000000
vt 0.775510 0.000000
vt 0.918367 0.000000
vt 0.908163 0.000000
vt 0.795918 0.000000
vt 0.897959 0.000000
vt 0.806122 0.000000
vt 0.887755 0.000000
vt 0.816327 0.000000
vt 0.877551 0.000000
vt 0.826531 0.000000
vt 0.867347 0.000000
vt 0.836735 0.000000
vt 0.846939 0.000000
vt 0.591837 0.000000
vt 0.612245 0.000000
vt 0.602041 0.000000
vt 0.581633 0.000000
vt 0.622449 0.000000
vt 0.632653 0.000000
vt 0.561224 0.000000
vt 0.653061 0.000000
vt 0.663265 0.000000
vt 0.551020 0.000000
vt 0.010204 0.000000
vt 0.540816 0.000000
vt 0.020408 0.000000
vt 0.530612 0.000000
vt 0.030612 0.000000
vt 0.040816 0.000000
vt 0.051020 0.000000
vt 0.520408 0.000000
vt 0.061224 0.000000
vt 0.510204 0.000000
vt 0.081633 0.000000
vt 0.091837 0.000000
vt 0.102041 0.000000
vt 0.489796 0.000000
vt 0.112245 0.000000
vt 0.479592 0.000000
vt 0.469388 0.000000
vt 0.122449 0.000000
vt 0.459184 0.000000
vt 0.448980 0.000000
vt 0.132653 0.000000
vt 0.438776 0.000000
vt 0.418367 0.000000
vt 0.153061 0.000000
vt 0.408163 0.000000
vt 0.163265 0.000000
vt 0.397959 0.000000
vt 0.173469 0.000000
vt 0.183673 0.000000
vt 0.387755 0.000000
vt 0.193878 0.000000
vt 0.377551 0.000000
vt 0.204082 0.000000
vt 0.367347 0.000000
vt 0.346939 0.000000
vt 0.224490 0.000000
vt 0.234694 0.000000
vt 0.336735 0.000000
vt 0.326531 0.000000
vt 0.244898 0.000000
vt 0.316327 0.000000
vt 0.255102 0.000000
vt 0.306122 0.000000
vt 0.265306 0.000000
vt 0.295918 0.000000
vt 0.275510 0.000000
vt 0.907407 0.000000
vt 0.925926 0.000000
vt 0.916667 0.000000
vt 0.935185 0.000000
vt 0.898148 0.000000
vt 0.953704 0.000000
vt 0.962963 0.000000
vt 0.879630 0.000000
vt 0.972222 0.000000
vt 0.981481 0.000000
vt 0.990741 0.000000
vt 0.870370 0.000000
vt 0.861111 0.000000
vt 0.851852 0.000000
vt 0.009259 0.000000
vt 0.842593 0.000000
vt 0.814815 0.000000
vt 0.824074 0.000000
vt 0.018519 0.000000
vt 0.805556 0.000000
vt 0.074074 0.000000
vt 0.064815 0.000000
vt 0.027778 0.000000
vt 0.083333 0.000000
vt 0.092593 0.000000
vt 0.037037 0.000000
vt 0.796296 0.000000
vt 0.046296 0.000000
vt 0.101852 0.000000
vt 0.120370 0.000000
vt 0.129630 0.000000
vt 0.787037 0.000000
vt 0.138889 0.000000
vt 0.148148 0.000000
vt 0.768519 0.000000
vt 0.157407 0.000000
vt 0.759259 0.000000
vt 0.175926 0.000000
vt 0.185185 0.000000
vt 0.194444 0.000000
vt 0.740741 0.000000
vt 0.203704 0.000000
vt 0.212963 0.000000
vt 0.731481 0.000000
vt 0.231481 0.000000
vt 0.240741 0.000000
vt 0.259259 0.000000
vt 0.268519 0.000000
vt 0.287037 0.000000
vt 0.296296 0.000000
vt 0.305556 0.000000
vt 0.324074 0.000000
vt 0.314815 0.000000
vt 0.370370 0.000000
vt 0.361111 0.000000
vt 0.342593 0.000000
vt 0.379630 0.000000
vt 0.351852 0.000000
vt 0.398148 0.000000
vt 0.407407 0.000000
vt 0.712963 0.000000
vt 0.416667 0.000000
vt 0.425926 0.000000
vt 0.435185 0.000000
vt 0.703704 0.000000
vt 0.694444 0.000000
vt 0.453704 0.000000
vt 0.685185 0.000000
vt 0.462963 0.000000
vt 0.675926 0.000000
vt 0.472222 0.000000
vt 0.481481 0.000000
vt 0.657407 0.000000
vt 0.490741 0.000000
vt 0.648148 0.000000
vt 0.638889 0.000000
vt 0.509259 0.000000
vt 0.629630 0.000000
vt 0.518519 0.000000
vt 0.620370 0.000000
vt 0.527778 0.000000
vt 0.601852 0.000000
vt 0.537037 0.000000
vt 0.592593 0.000000
vt 0.546296 0.000000
vt 0.583333 0.000000
vt 0.564815 0.000000
vt 0.574074 0.000000
vt 0.000000 0.200000
vt 0.009174 0.200000
vt 0.009174 0.000000
vt 0.000000 0.400000
vt 0.009174 0.400000
vt 0.000000 0.600000
vt 0.009174 0.600000
vt 0.000000 0.800000
vt 0.009174 0.800000
vt 0.000000 1.000000
vt 0.009174 1.000000
vt 0.018349 0.200000
vt 0.018349 0.000000
vt 0.018349 0.400000
vt 0.018349 0.600000
vt 0.018349 0.800000
vt 0.018349 1.000000
vt 0.027523 0.200000
vt 0.027523 0.000000
vt 0.027523 0.400000
vt 0.027523 0.600000
vt 0.027523 0.800000
vt 0.027523 1.000000
vt 0.036697 0.200000
vt 0.036697 0.000000
vt 0.036697 0.400000
vt 0.036697 0.600000
vt 0.036697 0.800000
vt 0.036697 1.000000
vt 0.045872 0.200000
vt 0.045872 0.000000
vt 0.045872 0.400000
vt 0.045872 0.600000
vt 0.045872 0.800000
vt 0.045872 1.000000
vt 0.055046 0.200000
vt 0.055046 0.000000
vt 0.055046 0.400000
vt 0.055046 0.600000
vt 0.055046 0.800000
vt 0.055046 1.000000
vt 0.064220 0.200000
vt 0.064220 0.000000
vt 0.064220 0.400000
vt 0.064220 0.600000
vt 0.064220 0.800000
vt 0.064220 1.000000
vt 0.073394 0.200000
vt 0.073394 0.000000
vt 0.073394 0.400000
vt 0.073394 0.600000
vt 0.073394 0.800000
vt 0.073394 1.000000
vt 0.082569 0.200000
vt 0.082569 0.000000
vt 0.082569 0.400000
vt 0.082569 0.600000
vt 0.082569 0.800000
vt 0.082569 1.000000
vt 0.091743 0.200000
vt 0.091743 0.000000
vt 0.091743 0.400000
vt 0.091743 0.600000
vt 0.091743 0.800000
vt 0.091743 1.000000
vt 0.100917 0.200000
vt 0.100917 0.000000
vt 0.100917 0.400000
vt 0.100917 0.600000
vt 0.100917 0.800000
vt 0.100917 1.000000
vt 0.110092 0.200000
vt 0.110092 0.000000
vt 0.110092 0.400000
vt 0.110092 0.600000
vt 0.110092 0.800000
vt 0.110092 1.000000
vt 0.119266 0.200000
vt 0.119266 0.000000
vt 0.119266 0.400000
vt 0.119266 0.600000
vt 0.119266 0.800000
vt 0.119266 1.000000
vt 0.128440 0.200000
vt 0.128440 0.000000
vt 0.128440 0.400000
vt 0.128440 0.600000
vt 0.128440 0.800000
vt 0.128440 1.000000
vt 0.137615 0.200000
vt 0.137615 0.000000
vt 0.137615 0.400000
vt 0.137615 0.600000
vt 0.137615 0.800000
vt 0.137615 1.000000
vt 0.146789 0.200000
vt 0.146789 0.000000
vt 0.146789 0.400000
vt 0.146789 0.600000
vt 0.146789 0.800000
vt 0.146789 1.000000
vt 0.155963 0.200000
vt 0.155963 0.000000
vt 0.155963 0.400000
vt 0.155963 0.600000
vt 0.155963 0.800000
vt 0.155963 1.000000
vt 0.165138 0.200000
vt 0.165138 0.000000
vt 0.165138 0.400000
vt 0.165138 0.600000
vt 0.165138 0.800000
vt 0.165138 1.000000
vt 0.174312 0.200000
vt 0.174312 0.000000
vt 0.174312 0.400000
vt 0.174312 0.600000
vt 0.174312 0.800000
vt 0.174312 1.000000
vt 0.183486 0.200000
vt 0.183486 0.000000
vt 0.183486 0.400000
vt 0.183486 0.600000
vt 0.183486 0.800000
vt 0.183486 1.000000
vt 0.192661 0.200000
vt 0.192661 0.000000
vt 0.192661 0.400000
vt 0.192661 0.600000
vt 0.192661 0.800000
vt 0.192661 1.000000
vt 0.201835 0.200000
vt 0.201835 0.000000
vt 0.201835 0.400000
vt 0.201835 0.600000
vt 0.201835 0.800000
vt 0.201835 1.000000
vt 0.211009 0.200000
vt 0.211009 0.000000
vt 0.211009 0.400000
vt 0.211009 0.600000
vt 0.211009 0.800000
vt 0.211009 1.000000
vt 0.220183 0.200000
vt 0.220183 0.000000
vt 0.220183 0.400000
vt 0.220183 0.600000
vt 0.220183 0.800000
vt 0.220183 1.000000
vt 0.229358 0.200000
vt 0.229358 0.000000
vt 0.229358 0.400000
vt 0.229358 0.600000
vt 0.229358 0.800000
vt 0.229358 1.000000
vt 0.238532 0.200000
vt 0.238532 0.000000
vt 0.238532 0.400000
vt 0.238532 0.600000
vt 0.238532 0.800000
vt 0.238532 1.000000
vt 0.247706 0.200000
vt 0.247706 0.000000
vt 0.247706 0.400000
vt 0.247706 0.600000
vt 0.247706 0.800000
vt 0.247706 1.000000
vt 0.256881 0.200000
vt 0.256881 0.000000
vt 0.256881 0.400000
vt 0.256881 0.600000
vt 0.256881 0.800000
vt 0.256881 1.000000
vt 0.266055 0.200000
vt 0.266055 0.000000
vt 0.266055 0.400000
vt 0.266055 0.600000
vt 0.266055 0.800000
vt 0.266055 1.000000
vt 0.275229 0.200000
vt 0.275229 0.000000
vt 0.275229 0.400000
vt 0.275229 0.600000
vt 0.275229 0.800000
vt 0.275229 1.000000
vt 0.284404 0.200000
vt 0.284404 0.000000
vt 0.284404 0.400000
vt 0.284404 0.600000
vt 0.284404 0.800000
vt 0.284404 1.000000
vt 0.293578 0.200000
vt 0.293578 0.000000
vt 0.293578 0.400000
vt 0.293578 0.600000
vt 0.293578 0.800000
vt 0.293578 1.000000
vt 0.302752 0.200000
vt 0.302752 0.000000
vt 0.302752 0.400000
vt 0.302752 0.600000
vt 0.302752 0.800000
vt 0.302752 1.000000
vt 0.311927 0.200000
vt 0.311927 0.000000
vt 0.311927 0.400000
vt 0.311927 0.600000
vt 0.311927 0.800000
vt 0.311927 1.000000
vt 0.321101 0.200000
vt 0.321101 0.000000
vt 0.321101 0.400000
vt 0.321101 0.600000
vt 0.321101 0.800000
vt 0.321101 1.000000
vt 0.330275 0.200000
vt 0.330275 0.000000
vt 0.330275 0.400000
vt 0.330275 0.600000
vt 0.330275 0.800000
vt 0.330275 1.000000
vt 0.339450 0.200000
vt 0.339450 0.000000
vt 0.339450 0.400000
vt 0.339450 0.600000
vt 0.339450 0.800000
vt 0.339450 1.000000
vt 0.348624 0.200000
vt 0.348624 0.000000
vt 0.348624 0.400000
vt 0.348624 0.600000
vt 0.348624 0.800000
vt 0.348624 1.000000
vt 0.357798 0.200000
vt 0.357798 0.000000
vt 0.357798 0.400000
vt 0.357798 0.600000
vt 0.357798 0.800000
vt 0.357798 1.000000
vt 0.366972 0.200000
vt 0.366972 0.000000
vt 0.366972 0.400000
vt 0.366972 0.600000
vt 0.366972 0.800000
vt 0.366972 1.000000
vt 0.376147 0.200000
vt 0.376147 0.000000
vt 0.376147 0.400000
vt 0.376147 0.600000
vt 0.376147 0.800000
vt 0.376147 1.000000
vt 0.385321 0.200000
vt 0.385321 0.000000
vt 0.385321 0.400000
vt 0.385321 0.600000
vt 0.385321 0.800000
vt 0.385321 1.000000
vt 0.394495 0.200000
vt 0.394495 0.000000
vt 0.394495 0.400000
vt 0.394495 0.600000
vt 0.394495 0.800000
vt 0.394495 1.000000
vt 0.403670 0.200000
vt 0.403670 0.000000
vt 0.403670 0.400000
vt 0.403670 0.600000
vt 0.403670 0.800000
vt 0.403670 1.000000
vt 0.412844 0.200000
vt 0.412844 0.000000
vt 0.412844 0.400000
vt 0.412844 0.600000
vt 0.412844 0.800000
vt 0.412844 1.000000
vt 0.422018 0.200000
vt 0.422018 0.000000
vt 0.422018 0.400000
vt 0.422018 0.600000
vt 0.422018 0.800000
vt 0.422018 1.000000
vt 0.431193 0.200000
vt 0.431193 0.000000
vt 0.431193 0.400000
vt 0.431193 0.600000
vt 0.431193 0.800000
vt 0.431193 1.000000
vt 0.440367 0.200000
vt 0.440367 0.000000
vt 0.440367 0.400000
vt 0.440367 0.600000
vt 0.440367 0.800000
vt 0.440367 1.000000
vt 0.449541 0.200000
vt 0.449541 0.000000
vt 0.449541 0.400000
vt 0.449541 0.600000
vt 0.449541 0.800000
vt 0.449541 1.000000
vt 0.458716 0.200000
vt 0.458716 0.000000
vt 0.458716 0.400000
vt 0.458716 0.600000
vt 0.458716 0.800000
vt 0.458716 1.000000
vt 0.467890 0.200000
vt 0.467890 0.000000
vt 0.467890 0.400000
vt 0.467890 0.600000
vt 0.467890 0.800000
vt 0.467890 1.000000
vt 0.477064 0.200000
vt 0.477064 0.000000
vt 0.477064 0.400000
vt 0.477064 0.600000
vt 0.477064 0.800000
vt 0.477064 1.000000
vt 0.486239 0.200000
vt 0.486239 0.000000
vt 0.486239 0.400000
vt 0.486239 0.600000
vt 0.486239 0.800000
vt 0.486239 1.000000
vt 0.495413 0.200000
vt 0.495413 0.000000
vt 0.495413 0.400000
vt 0.495413 0.600000
vt 0.495413 0.800000
vt 0.495413 1.000000
vt 0.504587 0.200000
vt 0.504587 0.000000
vt 0.504587 0.400000
vt 0.504587 0.600000
vt 0.504587 0.800000
vt 0.504587 1.000000
vt 0.513761 0.200000
vt 0.513761 0.000000
vt 0.513761 0.400000
vt 0.513761 0.600000
vt 0.513761 0.800000
vt 0.513761 1.000000
vt 0.522936 0.200000
vt 0.522936 0.000000
vt 0.522936 0.400000
vt 0.522936 0.600000
vt 0.522936 0.800000
vt 0.522936 1.000000
vt 0.532110 0.200000
vt 0.532110 0.000000
vt 0.532110 0.400000
vt 0.532110 0.600000
vt 0.532110 0.800000
vt 0.532110 1.000000
vt 0.541284 0.200000
vt 0.541284 0.000000
vt 0.541284 0.400000
vt 0.541284 0.600000
vt 0.541284 0.800000
vt 0.541284 1.000000
vt 0.550459 0.200000
vt 0.550459 0.000000
vt 0.550459 0.400000
vt 0.550459 0.600000
vt 0.550459 0.800000
vt 0.550459 1.000000
vt 0.559633 0.200000
vt 0.559633 0.000000
vt 0.559633 0.400000
vt 0.559633 0.600000
vt 0.559633 0.800000
vt 0.559633 1.000000
vt 0.568807 0.200000
vt 0.568807 0.000000
vt 0.568807 0.400000
vt 0.568807 0.600000
vt 0.568807 0.800000
vt 0.568807 1.000000
vt 0.577982 0.200000
vt 0.577982 0.000000
vt 0.577982 0.400000
vt 0.577982 0.600000
vt 0.577982 0.800000
vt 0.577982 1.000000
vt 0.587156 0.200000
vt 0.587156 0.000000
vt 0.587156 0.400000
vt 0.587156 0.600000
vt 0.587156 0.800000
vt 0.587156 1.000000
vt 0.596330 0.200000
vt 0.596330 0.000000
vt 0.596330 0.400000
vt 0.596330 0.600000
vt 0.596330 0.800000
vt 0.596330 1.000000
vt 0.605505 0.200000
vt 0.605505 0.000000
vt 0.605505 0.400000
vt 0.605505 0.600000
vt 0.605505 0.800000
vt 0.605505 1.000000
vt 0.614679 0.200000
vt 0.614679 0.000000
vt 0.614679 0.400000
vt 0.614679 0.600000
vt 0.614679 0.800000
vt 0.614679 1.000000
vt 0.623853 0.200000
vt 0.623853 0.000000
vt 0.623853 0.400000
vt 0.623853 0.600000
vt 0.623853 0.800000
vt 0.623853 1.000000
vt 0.633027 0.200000
vt 0.633027 0.000000
vt 0.633027 0.400000
vt 0.633027 0.600000
vt 0.633027 0.800000
vt 0.633027 1.000000
vt 0.642202 0.200000
vt 0.642202 0.000000
vt 0.642202 0.400000
vt 0.642202 0.600000
vt 0.642202 0.800000
vt 0.642202 1.000000
vt 0.651376 0.200000
vt 0.651376 0.000000
vt 0.651376 0.400000
vt 0.651376 0.600000
vt 0.651376 0.800000
vt 0.651376 1.000000
vt 0.660550 0.200000
vt 0.660550 0.000000
vt 0.660550 0.400000
vt 0.660550 0.600000
vt 0.660550 0.800000
vt 0.660550 1.000000
vt 0.669725 0.200000
vt 0.669725 0.000000
vt 0.669725 0.400000
vt 0.669725 0.600000
vt 0.669725 0.800000
vt 0.669725 1.000000
vt 0.678899 0.200000
vt 0.678899 0.000000
vt 0.678899 0.400000
vt 0.678899 0.600000
vt 0.678899 0.800000
vt 0.678899 1.000000
vt 0.688073 0.200000
vt 0.688073 0.000000
vt 0.688073 0.400000
vt 0.688073 0.600000
vt 0.688073 0.800000
vt 0.688073 1.000000
vt 0.697248 0.200000
vt 0.697248 0.000000
vt 0.697248 0.400000
vt 0.697248 0.600000
vt 0.697248 0.800000
vt 0.697248 1.000000
vt 0.706422 0.200000
vt 0.706422 0.000000
vt 0.706422 0.400000
vt 0.706422 0.600000
vt 0.706422 0.800000
vt 0.706422 1.000000
vt 0.715596 0.200000
vt 0.715596 0.000000
vt 0.715596 0.400000
vt 0.715596 0.600000
vt 0.715596 0.800000
vt 0.715596 1.000000
vt 0.724771 0.200000
vt 0.724771 0.000000
vt 0.724771 0.400000
vt 0.724771 0.600000
vt 0.724771 0.800000
vt 0.724771 1.000000
vt 0.733945 0.200000
vt 0.733945 0.000000
vt 0.733945 0.400000
vt 0.733945 0.600000
vt 0.733945 0.800000
vt 0.733945 1.000000
vt 0.743119 0.200000
vt 0.743119 0.000000
vt 0.743119 0.400000
vt 0.743119 0.600000
vt 0.743119 0.800000
vt 0.743119 1.000000
vt 0.752294 0.200000
vt 0.752294 0.000000
vt 0.752294 0.400000
vt 0.752294 0.600000
vt 0.752294 0.800000
vt 0.752294 1.000000
vt 0.761468 0.200000
vt 0.761468 0.000000
vt 0.761468 0.400000
vt 0.761468 0.600000
vt 0.761468 0.800000
vt 0.761468 1.000000
vt 0.770642 0.200000
vt 0.770642 0.000000
vt 0.770642 0.400000
vt 0.770642 0.600000
vt 0.770642 0.800000
vt 0.770642 1.000000
vt 0.779817 0.200000
vt 0.779817 0.000000
vt 0.779817 0.400000
vt 0.779817 0.600000
vt 0.779817 0.800000
vt 0.779817 1.000000
vt 0.788991 0.200000
vt 0.788991 0.000000
vt 0.788991 0.400000
vt 0.788991 0.600000
vt 0.788991 0.800000
vt 0.788991 1.000000
vt 0.798165 0.200000
vt 0.798165 0.000000
vt 0.798165 0.400000
vt 0.798165 0.600000
vt 0.798165 0.800000
vt 0.798165 1.000000
vt 0.807339 0.200000
vt 0.807339 0.000000
vt 0.807339 0.400000
vt 0.807339 0.600000
vt 0.807339 0.800000
vt 0.807339 1.000000
vt 0.816514 0.200000
vt 0.816514 0.000000
vt 0.816514 0.400000
vt 0.816514 0.600000
vt 0.816514 0.800000
vt 0.816514 1.000000
vt 0.825688 0.200000
vt 0.825688 0.000000
vt 0.825688 0.400000
vt 0.825688 0.600000
vt 0.825688 0.800000
vt 0.825688 1.000000
vt 0.834862 0.200000
vt 0.834862 0.000000
vt 0.834862 0.400000
vt 0.834862 0.600000
vt 0.834862 0.800000
vt 0.834862 1.000000
vt 0.844037 0.200000
vt 0.844037 0.000000
vt 0.844037 0.400000
vt 0.844037 0.600000
vt 0.844037 0.800000
vt 0.844037 1.000000
vt 0.853211 0.200000
vt 0.853211 0.000000
vt 0.853211 0.400000
vt 0.853211 0.600000
vt 0.853211 0.800000
vt 0.853211 1.000000
vt 0.862385 0.200000
vt 0.862385 0.000000
vt 0.862385 0.400000
vt 0.862385 0.600000
vt 0.862385 0.800000
vt 0.862385 1.000000
vt 0.871560 0.200000
vt 0.871560 0.000000
vt 0.871560 0.400000
vt 0.871560 0.600000
vt 0.871560 0.800000
vt 0.871560 1.000000
vt 0.880734 0.200000
vt 0.880734 0.000000
vt 0.880734 0.400000
vt 0.880734 0.600000
vt 0.880734 0.800000
vt 0.880734 1.000000
vt 0.889908 0.200000
vt 0.889908 0.000000
vt 0.889908 0.400000
vt 0.889908 0.600000
vt 0.889908 0.800000
vt 0.889908 1.000000
vt 0.899083 0.200000
vt 0.899083 0.000000
vt 0.899083 0.400000
vt 0.899083 0.600000
vt 0.899083 0.800000
vt 0.899083 1.000000
vt 0.908257 0.200000
vt 0.908257 0.000000
vt 0.908257 0.400000
vt 0.908257 0.600000
vt 0.908257 0.800000
vt 0.908257 1.000000
vt 0.917431 0.200000
vt 0.917431 0.000000
vt 0.917431 0.400000
vt 0.917431 0.600000
vt 0.917431 0.800000
vt 0.917431 1.000000
vt 0.926606 0.200000
vt 0.926606 0.000000
vt 0.926606 0.400000
vt 0.926606 0.600000
vt 0.926606 0.800000
vt 0.926606 1.000000
vt 0.935780 0.200000
vt 0.935780 0.000000
vt 0.935780 0.400000
vt 0.935780 0.600000
vt 0.935780 0.800000
vt 0.935780 1.000000
vt 0.944954 0.200000
vt 0.944954 0.000000
vt 0.944954 0.400000
vt 0.944954 0.600000
vt 0.944954 0.800000
vt 0.944954 1.000000
vt 0.954128 0.200000
vt 0.954128 0.000000
vt 0.954128 0.400000
vt 0.954128 0.600000
vt 0.954128 0.800000
vt 0.954128 1.000000
vt 0.963303 0.200000
vt 0.963303 0.000000
vt 0.963303 0.400000
vt 0.963303 0.600000
vt 0.963303 0.800000
vt 0.963303 1.000000
vt 0.972477 0.200000
vt 0.972477 0.000000
vt 0.972477 0.400000
vt 0.972477 0.600000
vt 0.972477 0.800000
vt 0.972477 1.000000
vt 0.981651 0.200000
vt 0.981651 0.000000
vt 0.981651 0.400000
vt 0.981651 0.600000
vt 0.981651 0.800000
vt 0.981651 1.000000
vt 0.990826 0.200000
vt 0.990826 0.000000
vt 0.990826 0.400000
vt 0.990826 0.600000
vt 0.990826 0.800000
vt 0.990826 1.000000
vt 1.000000 0.200000
vt 1.000000 0.400000
vt 1.000000 0.600000
vt 1.000000 0.800000
vt 1.000000 1.000000
vt 0.200000 0.200000
vt 0.200000 0.000000
vt 0.200000 0.400000
vt 0.200000 0.600000
vt 0.200000 0.800000
vt 0.200000 1.000000
vt 0.400000 0.200000
vt 0.400000 0.000000
vt 0.400000 0.400000
vt 0.400000 0.600000
vt 0.400000 0.800000
vt 0.400000 1.000000
vt 0.600000 0.200000
vt 0.600000 0.000000
vt 0.600000 0.400000
vt 0.600000 0.600000
vt 0.600000 0.800000
vt 0.600000 1.000000
vt 0.800000 0.200000
vt 0.800000 0.000000
vt 0.800000 0.400000
vt 0.800000 0.600000
vt 0.800000 0.800000
vt 0.800000 1.000000
vt 0.035714 0.200000
vt 0.035714 0.000000
vt 0.035714 0.400000
vt 0.035714 0.600000
vt 0.035714 0.800000
vt 0.035714 1.000000
vt 0.071429 0.200000
vt 0.071429 0.400000
vt 0.071429 0.600000
vt 0.071429 0.800000
vt 0.071429 1.000000
vt 0.107143 0.200000
vt 0.107143 0.000000
vt 0.107143 0.400000
vt 0.107143 0.600000
vt 0.107143 0.800000
vt 0.107143 1.000000
vt 0.142857 0.200000
vt 0.142857 0.400000
vt 0.142857 0.600000
vt 0.142857 0.800000
vt 0.142857 1.000000
vt 0.178571 0.200000
vt 0.178571 0.000000
vt 0.178571 0.400000
vt 0.178571 0.600000
vt 0.178571 0.800000
vt 0.178571 1.000000
vt 0.214286 0.200000
vt 0.214286 0.400000
vt 0.214286 0.600000
vt 0.214286 0.800000
vt 0.214286 1.000000
vt 0.250000 0.200000
vt 0.250000 0.400000
vt 0.250000 0.600000
vt 0.250000 0.800000
vt 0.250000 1.000000
vt 0.285714 0.200000
vt 0.285714 0.400000
vt 0.285714 0.600000
vt 0.285714 0.800000
vt 0.285714 1.000000
vt 0.321429 0.200000
vt 0.321429 0.000000
vt 0.321429 0.400000
vt 0.321429 0.600000
vt 0.321429 0.800000
vt 0.321429 1.000000
vt 0.357143 0.200000
vt 0.357143 0.400000
vt 0.357143 0.600000
vt 0.357143 0.800000
vt 0.357143 1.000000
vt 0.392857 0.200000
vt 0.392857 0.000000
vt 0.392857 0.400000
vt 0.392857 0.600000
vt 0.392857 0.800000
vt 0.392857 1.000000
vt 0.428571 0.200000
vt 0.428571 0.400000
vt 0.428571 0.600000
vt 0.428571 0.800000
vt 0.428571 1.000000
vt 0.464286 0.200000
vt 0.464286 0.000000
vt 0.464286 0.400000
vt 0.464286 0.600000
vt 0.464286 0.800000
vt 0.464286 1.000000
vt 0.500000 0.200000
vt 0.500000 0.400000
vt 0.500000 0.600000
vt 0.500000 0.800000
vt 0.500000 1.000000
vt 0.535714 0.200000
vt 0.535714 0.000000
vt 0.535714 0.400000
vt 0.535714 0.600000
vt 0.535714 0.800000
vt 0.535714 1.000000
vt 0.571429 0.200000
vt 0.571429 0.400000
vt 0.571429 0.600000
vt 0.571429 0.800000
vt 0.571429 1.000000
vt 0.607143 0.200000
vt 0.607143 0.000000
vt 0.607143 0.400000
vt 0.607143 0.600000
vt 0.607143 0.800000
vt 0.607143 1.000000
vt 0.642857 0.200000
vt 0.642857 0.400000
vt 0.642857 0.600000
vt 0.642857 0.800000
vt 0.642857 1.000000
vt 0.678571 0.200000
vt 0.678571 0.000000
vt 0.678571 0.400000
vt 0.678571 0.600000
vt 0.678571 0.800000
vt 0.678571 1.000000
vt 0.714286 0.200000
vt 0.714286 0.400000
vt 0.714286 0.600000
vt 0.714286 0.800000
vt 0.714286 1.000000
vt 0.750000 0.200000
vt 0.750000 0.400000
vt 0.750000 0.600000
vt 0.750000 0.800000
vt 0.750000 1.000000
vt 0.785714 0.200000
vt 0.785714 0.400000
vt 0.785714 0.600000
vt 0.785714 0.800000
vt 0.785714 1.000000
vt 0.821429 0.200000
vt 0.821429 0.000000
vt 0.821429 0.400000
vt 0.821429 0.600000
vt 0.821429 0.800000
vt 0.821429 1.000000
vt 0.857143 0.200000
vt 0.857143 0.400000
vt 0.857143 0.600000
vt 0.857143 0.800000
vt 0.857143 1.000000
vt 0.892857 0.200000
vt 0.892857 0.000000
vt 0.892857 0.400000
vt 0.892857 0.600000
vt 0.892857 0.800000
vt 0.892857 1.000000
vt 0.928571 0.200000
vt 0.928571 0.400000
vt 0.928571 0.600000
vt 0.928571 0.800000
vt 0.928571 1.000000
vt 0.964286 0.200000
vt 0.964286 0.000000
vt 0.964286 0.400000
vt 0.964286 0.600000
vt 0.964286 0.800000
vt 0.964286 1.000000
vt 0.015152 0.200000
vt 0.015152 0.000000
vt 0.015152 0.400000
vt 0.015152 0.600000
vt 0.015152 0.800000
vt 0.015152 1.000000
vt 0.030303 0.200000
vt 0.030303 0.000000
vt 0.030303 0.400000
vt 0.030303 0.600000
vt 0.030303 0.800000
vt 0.030303 1.000000
vt 0.045455 0.200000
vt 0.045455 0.000000
vt 0.045455 0.400000
vt 0.045455 0.600000
vt 0.045455 0.800000
vt 0.045455 1.000000
vt 0.060606 0.200000
vt 0.060606 0.000000
vt 0.060606 0.400000
vt 0.060606 0.600000
vt 0.060606 0.800000
vt 0.060606 1.000000
vt 0.075758 0.200000
vt 0.075758 0.000000
vt 0.075758 0.400000
vt 0.075758 0.600000
vt 0.075758 0.800000
vt 0.075758 1.000000
vt 0.090909 0.200000
vt 0.090909 0.000000
vt 0.090909 0.400000
vt 0.090909 0.600000
vt 0.090909 0.800000
vt 0.090909 1.000000
vt 0.106061 0.200000
vt 0.106061 0.000000
vt 0.106061 0.400000
vt 0.106061 0.600000
vt 0.106061 0.800000
vt 0.106061 1.000000
vt 0.121212 0.200000
vt 0.121212 0.000000
vt 0.121212 0.400000
vt 0.121212 0.600000
vt 0.121212 0.800000
vt 0.121212 1.000000
vt 0.136364 0.200000
vt 0.136364 0.000000
vt 0.136364 0.400000
vt 0.136364 0.600000
vt 0.136364 0.800000
vt 0.136364 1.000000
vt 0.151515 0.200000
vt 0.151515 0.000000
vt 0.151515 0.400000
vt 0.151515 0.600000
vt 0.151515 0.800000
vt 0.151515 1.000000
vt 0.166667 0.200000
vt 0.166667 0.400000
vt 0.166667 0.600000
vt 0.166667 0.800000
vt 0.166667 1.000000
vt 0.181818 0.200000
vt 0.181818 0.000000
vt 0.181818 0.400000
vt 0.181818 0.600000
vt 0.181818 0.800000
vt 0.181818 1.000000
vt 0.196970 0.200000
vt 0.196970 0.000000
vt 0.196970 0.400000
vt 0.196970 0.600000
vt 0.196970 0.800000
vt 0.196970 1.000000
vt 0.212121 0.200000
vt 0.212121 0.000000
vt 0.212121 0.400000
vt 0.212121 0.600000
vt 0.212121 0.800000
vt 0.212121 1.000000
vt 0.227273 0.200000
vt 0.227273 0.000000
vt 0.227273 0.400000
vt 0.227273 0.600000
vt 0.227273 0.800000
vt 0.227273 1.000000
vt 0.242424 0.200000
vt 0.242424 0.000000
vt 0.242424 0.400000
vt 0.242424 0.600000
vt 0.242424 0.800000
vt 0.242424 1.000000
vt 0.257576 0.200000
vt 0.257576 0.000000
vt 0.257576 0.400000
vt 0.257576 0.600000
vt 0.257576 0.800000
vt 0.257576 1.000000
vt 0.272727 0.200000
vt 0.272727 0.000000
vt 0.272727 0.400000
vt 0.272727 0.600000
vt 0.272727 0.800000
vt 0.272727 1.000000
vt 0.287879 0.200000
vt 0.287879 0.000000
vt 0.287879 0.400000
vt 0.287879 0.600000
vt 0.287879 0.800000
vt 0.287879 1.000000
vt 0.303030 0.200000
vt 0.303030 0.000000
vt 0.303030 0.400000
vt 0.303030 0.600000
vt 0.303030 0.800000
vt 0.303030 1.000000
vt 0.318182 0.200000
vt 0.318182 0.000000
vt 0.318182 0.400000
vt 0.318182 0.600000
vt 0.318182 0.800000
vt 0.318182 1.000000
vt 0.333333 0.200000
vt 0.333333 0.400000
vt 0.333333 0.600000
vt 0.333333 0.800000
vt 0.333333 1.000000
vt 0.348485 0.200000
vt 0.348485 0.000000
vt 0.348485 0.400000
vt 0.348485 0.600000
vt 0.348485 0.800000
vt 0.348485 1.000000
vt 0.363636 0.200000
vt 0.363636 0.000000
vt 0.363636 0.400000
vt 0.363636 0.600000
vt 0.363636 0.800000
vt 0.363636 1.000000
vt 0.378788 0.200000
vt 0.378788 0.000000
vt 0.378788 0.400000
vt 0.378788 0.600000
vt 0.378788 0.800000
vt 0.378788 1.000000
vt 0.393939 0.200000
vt 0.393939 0.000000
vt 0.393939 0.400000
vt 0.393939 0.600000
vt 0.393939 0.800000
vt 0.393939 1.000000
vt 0.409091 0.200000
vt 0.409091 0.000000
vt 0.409091 0.400000
vt 0.409091 0.600000
vt 0.409091 0.800000
vt 0.409091 1.000000
vt 0.424242 0.200000
vt 0.424242 0.000000
vt 0.424242 0.400000
vt 0.424242 0.600000
vt 0.424242 0.800000
vt 0.424242 1.000000
vt 0.439394 0.200000
vt 0.439394 0.000000
vt 0.439394 0.400000
vt 0.439394 0.600000
vt 0.439394 0.800000
vt 0.439394 1.000000
vt 0.454545 0.200000
vt 0.454545 0.000000
vt 0.454545 0.400000
vt 0.454545 0.600000
vt 0.454545 0.800000
vt 0.454545 1.000000
vt 0.469697 0.200000
vt 0.469697 0.000000
vt 0.469697 0.400000
vt 0.469697 0.600000
vt 0.469697 0.800000
vt 0.469697 1.000000
vt 0.484848 0.200000
vt 0.484848 0.000000
vt 0.484848 0.400000
vt 0.484848 0.600000
vt 0.484848 0.800000
vt 0.484848 1.000000
vt 0.515152 0.200000
vt 0.515152 0.000000
vt 0.515152 0.400000
vt 0.515152 0.600000
vt 0.515152 0.800000
vt 0.515152 1.000000
vt 0.530303 0.200000
vt 0.530303 0.000000
vt 0.530303 0.400000
vt 0.530303 0.600000
vt 0.530303 0.800000
vt 0.530303 1.000000
vt 0.545455 0.200000
vt 0.545455 0.000000
vt 0.545455 0.400000
vt 0.545455 0.600000
vt 0.545455 0.800000
vt 0.545455 1.000000
vt 0.560606 0.200000
vt 0.560606 0.000000
vt 0.560606 0.400000
vt 0.560606 0.600000
vt 0.560606 0.800000
vt 0.560606 1.000000
vt 0.575758 0.200000
vt 0.575758 0.000000
vt 0.575758 0.400000
vt 0.575758 0.600000
vt 0.575758 0.800000
vt 0.575758 1.000000
vt 0.590909 0.200000
vt 0.590909 0.000000
vt 0.590909 0.400000
vt 0.590909 0.600000
vt 0.590909 0.800000
vt 0.590909 1.000000
vt 0.606061 0.200000
vt 0.606061 0.000000
vt 0.606061 0.400000
vt 0.606061 0.600000
vt 0.606061 0.800000
vt 0.606061 1.000000
vt 0.621212 0.200000
vt 0.621212 0.000000
vt 0.621212 0.400000
vt 0.621212 0.600000
vt 0.621212 0.800000
vt 0.621212 1.000000
vt 0.636364 0.200000
vt 0.636364 0.000000
vt 0.636364 0.400000
vt 0.636364 0.600000
vt 0.636364 0.800000
vt 0.636364 1.000000
vt 0.651515 0.200000
vt 0.651515 0.000000
vt 0.651515 0.400000
vt 0.651515 0.600000
vt 0.651515 0.800000
vt 0.651515 1.000000
vt 0.666667 0.200000
vt 0.666667 0.400000
vt 0.666667 0.600000
vt 0.666667 0.800000
vt 0.666667 1.000000
vt 0.681818 0.200000
vt 0.681818 0.000000
vt 0.681818 0.400000
vt 0.681818 0.600000
vt 0.681818 0.800000
vt 0.681818 1.000000
vt 0.696970 0.200000
vt 0.696970 0.000000
vt 0.696970 0.400000
vt 0.696970 0.600000
vt 0.696970 0.800000
vt 0.696970 1.000000
vt 0.712121 0.200000
vt 0.712121 0.000000
vt 0.712121 0.400000
vt 0.712121 0.600000
vt 0.712121 0.800000
vt 0.712121 1.000000
vt 0.727273 0.200000
vt 0.727273 0.000000
vt 0.727273 0.400000
vt 0.727273 0.600000
vt 0.727273 0.800000
vt 0.727273 1.000000
vt 0.742424 0.200000
vt 0.742424 0.000000
vt 0.742424 0.400000
vt 0.742424 0.600000
vt 0.742424 0.800000
vt 0.742424 1.000000
vt 0.757576 0.200000
vt 0.757576 0.000000
vt 0.757576 0.400000
vt 0.757576 0.600000
vt 0.757576 0.800000
vt 0.757576 1.000000
vt 0.772727 0.200000
vt 0.772727 0.000000
vt 0.772727 0.400000
vt 0.772727 0.600000
vt 0.772727 0.800000
vt 0.772727 1.000000
vt 0.787879 0.200000
vt 0.787879 0.000000
vt 0.787879 0.400000
vt 0.787879 0.600000
vt 0.787879 0.800000
vt 0.787879 1.000000
vt 0.803030 0.200000
vt 0.803030 0.000000
vt 0.803030 0.400000
vt 0.803030 0.600000
vt 0.803030 0.800000
vt 0.803030 1.000000
vt 0.818182 0.200000
vt 0.818182 0.000000
vt 0.818182 0.400000
vt 0.818182 0.600000
vt 0.818182 0.800000
vt 0.818182 1.000000
vt 0.833333 0.200000
vt 0.833333 0.400000
vt 0.833333 0.600000
vt 0.833333 0.800000
vt 0.833333 1.000000
vt 0.848485 0.200000
vt 0.848485 0.000000
vt 0.848485 0.400000
vt 0.848485 0.600000
vt 0.848485 0.800000
vt 0.848485 1.000000
vt 0.863636 0.200000
vt 0.863636 0.000000
vt 0.863636 0.400000
vt 0.863636 0.600000
vt 0.863636 0.800000
vt 0.863636 1.000000
vt 0.878788 0.200000
vt 0.878788 0.000000
vt 0.878788 0.400000
vt 0.878788 0.600000
vt 0.878788 0.800000
vt 0.878788 1.000000
vt 0.893939 0.200000
vt 0.893939 0.000000
vt 0.893939 0.400000
vt 0.893939 0.600000
vt 0.893939 0.800000
vt 0.893939 1.000000
vt 0.909091 0.200000
vt 0.909091 0.000000
vt 0.909091 0.400000
vt 0.909091 0.600000
vt 0.909091 0.800000
vt 0.909091 1.000000
vt 0.924242 0.200000
vt 0.924242 0.000000
vt 0.924242 0.400000
vt 0.924242 0.600000
vt 0.924242 0.800000
vt 0.924242 1.000000
vt 0.939394 0.200000
vt 0.939394 0.000000
vt 0.939394 0.400000
vt 0.939394 0.600000
vt 0.939394 0.800000
vt 0.939394 1.000000
vt 0.954545 0.200000
vt 0.954545 0.000000
vt 0.954545 0.400000
vt 0.954545 0.600000
vt 0.954545 0.800000
vt 0.954545 1.000000
vt 0.969697 0.200000
vt 0.969697 0.000000
vt 0.969697 0.400000
vt 0.969697 0.600000
vt 0.969697 0.800000
vt 0.969697 1.000000
vt 0.984848 0.200000
vt 0.984848 0.000000
vt 0.984848 0.400000
vt 0.984848 0.600000
vt 0.984848 0.800000
vt 0.984848 1.000000
vt 0.010638 0.200000
vt 0.010638 0.000000
vt 0.010638 0.400000
vt 0.010638 0.600000
vt 0.010638 0.800000
vt 0.010638 1.000000
vt 0.021277 0.200000
vt 0.021277 0.000000
vt 0.021277 0.400000
vt 0.021277 0.600000
vt 0.021277 0.800000
vt 0.021277 1.000000
vt 0.031915 0.200000
vt 0.031915 0.000000
vt 0.031915 0.400000
vt 0.031915 0.600000
vt 0.031915 0.800000
vt 0.031915 1.000000
vt 0.042553 0.200000
vt 0.042553 0.000000
vt 0.042553 0.400000
vt 0.042553 0.600000
vt 0.042553 0.800000
vt 0.042553 1.000000
vt 0.053191 0.200000
vt 0.053191 0.000000
vt 0.053191 0.400000
vt 0.053191 0.600000
vt 0.053191 0.800000
vt 0.053191 1.000000
vt 0.063830 0.200000
vt 0.063830 0.000000
vt 0.063830 0.400000
vt 0.063830 0.600000
vt 0.063830 0.800000
vt 0.063830 1.000000
vt 0.074468 0.200000
vt 0.074468 0.000000
vt 0.074468 0.400000
vt 0.074468 0.600000
vt 0.074468 0.800000
vt 0.074468 1.000000
vt 0.085106 0.200000
vt 0.085106 0.000000
vt 0.085106 0.400000
vt 0.085106 0.600000
vt 0.085106 0.800000
vt 0.085106 1.000000
vt 0.095745 0.200000
vt 0.095745 0.000000
vt 0.095745 0.400000
vt 0.095745 0.600000
vt 0.095745 0.800000
vt 0.095745 1.000000
vt 0.106383 0.200000
vt 0.106383 0.000000
vt 0.106383 0.400000
vt 0.106383 0.600000
vt 0.106383 0.800000
vt 0.106383 1.000000
vt 0.117021 0.200000
vt 0.117021 0.000000
vt 0.117021 0.400000
vt 0.117021 0.600000
vt 0.117021 0.800000
vt 0.117021 1.000000
vt 0.127660 0.200000
vt 0.127660 0.000000
vt 0.127660 0.400000
vt 0.127660 0.600000
vt 0.127660 0.800000
vt 0.127660 1.000000
vt 0.138298 0.200000
vt 0.138298 0.000000
vt 0.138298 0.400000
vt 0.138298 0.600000
vt 0.138298 0.800000
vt 0.138298 1.000000
vt 0.148936 0.200000
vt 0.148936 0.000000
vt 0.148936 0.400000
vt 0.148936 0.600000
vt 0.148936 0.800000
vt 0.148936 1.000000
vt 0.159574 0.200000
vt 0.159574 0.000000
vt 0.159574 0.400000
vt 0.159574 0.600000
vt 0.159574 0.800000
vt 0.159574 1.000000
vt 0.170213 0.200000
vt 0.170213 0.000000
vt 0.170213 0.400000
vt 0.170213 0.600000
vt 0.170213 0.800000
vt 0.170213 1.000000
vt 0.180851 0.200000
vt 0.180851 0.000000
vt 0.180851 0.400000
vt 0.180851 0.600000
vt 0.180851 0.800000
vt 0.180851 1.000000
vt 0.191489 0.200000
vt 0.191489 0.000000
vt 0.191489 0.400000
vt 0.191489 0.600000
vt 0.191489 0.800000
vt 0.191489 1.000000
vt 0.202128 0.200000
vt 0.202128 0.000000
vt 0.202128 0.400000
vt 0.202128 0.600000
vt 0.202128 0.800000
vt 0.202128 1.000000
vt 0.212766 0.200000
vt 0.212766 0.000000
vt 0.212766 0.400000
vt 0.212766 0.600000
vt 0.212766 0.800000
vt 0.212766 1.000000
vt 0.223404 0.200000
vt 0.223404 0.000000
vt 0.223404 0.400000
vt 0.223404 0.600000
vt 0.223404 0.800000
vt 0.223404 1.000000
vt 0.234043 0.200000
vt 0.234043 0.000000
vt 0.234043 0.400000
vt 0.234043 0.600000
vt 0.234043 0.800000
vt 0.234043 1.000000
vt 0.244681 0.200000
vt 0.244681 0.000000
vt 0.244681 0.400000
vt 0.244681 0.600000
vt 0.244681 0.800000
vt 0.244681 1.000000
vt 0.255319 0.200000
vt 0.255319 0.000000
vt 0.255319 0.400000
vt 0.255319 0.600000
vt 0.255319 0.800000
vt 0.255319 1.000000
vt 0.265957 0.200000
vt 0.265957 0.000000
vt 0.265957 0.400000
vt 0.265957 0.600000
vt 0.265957 0.800000
vt 0.265957 1.000000
vt 0.276596 0.200000
vt 0.276596 0.000000
vt 0.276596 0.400000
vt 0.276596 0.600000
vt 0.276596 0.800000
vt 0.276596 1.000000
vt 0.287234 0.200000
vt 0.287234 0.000000
vt 0.287234 0.400000
vt 0.287234 0.600000
vt 0.287234 0.800000
vt 0.287234 1.000000
vt 0.297872 0.200000
vt 0.297872 0.000000
vt 0.297872 0.400000
vt 0.297872 0.600000
vt 0.297872 0.800000
vt 0.297872 1.000000
vt 0.308511 0.200000
vt 0.308511 0.000000
vt 0.308511 0.400000
vt 0.308511 0.600000
vt 0.308511 0.800000
vt 0.308511 1.000000
vt 0.319149 0.200000
vt 0.319149 0.000000
vt 0.319149 0.400000
vt 0.319149 0.600000
vt 0.319149 0.800000
vt 0.319149 1.000000
vt 0.329787 0.200000
vt 0.329787 0.000000
vt 0.329787 0.400000
vt 0.329787 0.600000
vt 0.329787 0.800000
vt 0.329787 1.000000
vt 0.340426 0.200000
vt 0.340426 0.000000
vt 0.340426 0.400000
vt 0.340426 0.600000
vt 0.340426 0.800000
vt 0.340426 1.000000
vt 0.351064 0.200000
vt 0.351064 0.000000
vt 0.351064 0.400000
vt 0.351064 0.600000
vt 0.351064 0.800000
vt 0.351064 1.000000
vt 0.361702 0.200000
vt 0.361702 0.000000
vt 0.361702 0.400000
vt 0.361702 0.600000
vt 0.361702 0.800000
vt 0.361702 1.000000
vt 0.372340 0.200000
vt 0.372340 0.000000
vt 0.372340 0.400000
vt 0.372340 0.600000
vt 0.372340 0.800000
vt 0.372340 1.000000
vt 0.382979 0.200000
vt 0.382979 0.000000
vt 0.382979 0.400000
vt 0.382979 0.600000
vt 0.382979 0.800000
vt 0.382979 1.000000
vt 0.393617 0.200000
vt 0.393617 0.000000
vt 0.393617 0.400000
vt 0.393617 0.600000
vt 0.393617 0.800000
vt 0.393617 1.000000
vt 0.404255 0.200000
vt 0.404255 0.000000
vt 0.404255 0.400000
vt 0.404255 0.600000
vt 0.404255 0.800000
vt 0.404255 1.000000
vt 0.414894 0.200000
vt 0.414894 0.000000
vt 0.414894 0.400000
vt 0.414894 0.600000
vt 0.414894 0.800000
vt 0.414894 1.000000
vt 0.425532 0.200000
vt 0.425532 0.000000
vt 0.425532 0.400000
vt 0.425532 0.600000
vt 0.425532 0.800000
vt 0.425532 1.000000
vt 0.436170 0.200000
vt 0.436170 0.000000
vt 0.436170 0.400000
vt 0.436170 0.600000
vt 0.436170 0.800000
vt 0.436170 1.000000
vt 0.446809 0.200000
vt 0.446809 0.000000
vt 0.446809 0.400000
vt 0.446809 0.600000
vt 0.446809 0.800000
vt 0.446809 1.000000
vt 0.457447 0.200000
vt 0.457447 0.000000
vt 0.457447 0.400000
vt 0.457447 0.600000
vt 0.457447 0.800000
vt 0.457447 1.000000
vt 0.468085 0.200000
vt 0.468085 0.000000
vt 0.468085 0.400000
vt 0.468085 0.600000
vt 0.468085 0.800000
vt 0.468085 1.000000
vt 0.478723 0.200000
vt 0.478723 0.000000
vt 0.478723 0.400000
vt 0.478723 0.600000
vt 0.478723 0.800000
vt 0.478723 1.000000
vt 0.489362 0.200000
vt 0.489362 0.000000
vt 0.489362 0.400000
vt 0.489362 0.600000
vt 0.489362 0.800000
vt 0.489362 1.000000
vt 0.510638 0.200000
vt 0.510638 0.000000
vt 0.510638 0.400000
vt 0.510638 0.600000
vt 0.510638 0.800000
vt 0.510638 1.000000
vt 0.521277 0.200000
vt 0.521277 0.000000
vt 0.521277 0.400000
vt 0.521277 0.600000
vt 0.521277 0.800000
vt 0.521277 1.000000
vt 0.531915 0.200000
vt 0.531915 0.000000
vt 0.531915 0.400000
vt 0.531915 0.600000
vt 0.531915 0.800000
vt 0.531915 1.000000
vt 0.542553 0.200000
vt 0.542553 0.000000
vt 0.542553 0.400000
vt 0.542553 0.600000
vt 0.542553 0.800000
vt 0.542553 1.000000
vt 0.553191 0.200000
vt 0.553191 0.000000
vt 0.553191 0.400000
vt 0.553191 0.600000
vt 0.553191 0.800000
vt 0.553191 1.000000
vt 0.563830 0.200000
vt 0.563830 0.000000
vt 0.563830 0.400000
vt 0.563830 0.600000
vt 0.563830 0.800000
vt 0.563830 1.000000
vt 0.574468 0.200000
vt 0.574468 0.000000
vt 0.574468 0.400000
vt 0.574468 0.600000
vt 0.574468 0.800000
vt 0.574468 1.000000
vt 0.585106 0.200000
vt 0.585106 0.000000
vt 0.585106 0.400000
vt 0.585106 0.600000
vt 0.585106 0.800000
vt 0.585106 1.000000
vt 0.595745 0.200000
vt 0.595745 0.000000
vt 0.595745 0.400000
vt 0.595745 0.600000
vt 0.595745 0.800000
vt 0.595745 1.000000
vt 0.606383 0.200000
vt 0.606383 0.000000
vt 0.606383 0.400000
vt 0.606383 0.600000
vt 0.606383 0.800000
vt 0.606383 1.000000
vt 0.617021 0.200000
vt 0.617021 0.000000
vt 0.617021 0.400000
vt 0.617021 0.600000
vt 0.617021 0.800000
vt 0.617021 1.000000
vt 0.627660 0.200000
vt 0.627660 0.000000
vt 0.627660 0.400000
vt 0.627660 0.600000
vt 0.627660 0.800000
vt 0.627660 1.000000
vt 0.638298 0.200000
vt 0.638298 0.000000
vt 0.638298 0.400000
vt 0.638298 0.600000
vt 0.638298 0.800000
vt 0.638298 1.000000
vt 0.648936 0.200000
vt 0.648936 0.000000
vt 0.648936 0.400000
vt 0.648936 0.600000
vt 0.648936 0.800000
vt 0.648936 1.000000
vt 0.659574 0.200000
vt 0.659574 0.000000
vt 0.659574 0.400000
vt 0.659574 0.600000
vt 0.659574 0.800000
vt 0.659574 1.000000
vt 0.670213 0.200000
vt 0.670213 0.000000
vt 0.670213 0.400000
vt 0.670213 0.600000
vt 0.670213 0.800000
vt 0.670213 1.000000
vt 0.680851 0.200000
vt 0.680851 0.000000
vt 0.680851 0.400000
vt 0.680851 0.600000
vt 0.680851 0.800000
vt 0.680851 1.000000
vt 0.691489 0.200000
vt 0.691489 0.000000
vt 0.691489 0.400000
vt 0.691489 0.600000
vt 0.691489 0.800000
vt 0.691489 1.000000
vt 0.702128 0.200000
vt 0.702128 0.000000
vt 0.702128 0.400000
vt 0.702128 0.600000
vt 0.702128 0.800000
vt 0.702128 1.000000
vt 0.712766 0.200000
vt 0.712766 0.000000
vt 0.712766 0.400000
vt 0.712766 0.600000
vt 0.712766 0.800000
vt 0.712766 1.000000
vt 0.723404 0.200000
vt 0.723404 0.000000
vt 0.723404 0.400000
vt 0.723404 0.600000
vt 0.723404 0.800000
vt 0.723404 1.000000
vt 0.734043 0.200000
vt 0.734043 0.000000
vt 0.734043 0.400000
vt 0.734043 0.600000
vt 0.734043 0.800000
vt 0.734043 1.000000
vt 0.744681 0.200000
vt 0.744681 0.000000
vt 0.744681 0.400000
vt 0.744681 0.600000
vt 0.744681 0.800000
vt 0.744681 1.000000
vt 0.755319 0.200000
vt 0.755319 0.000000
vt 0.755319 0.400000
vt 0.755319 0.600000
vt 0.755319 0.800000
vt 0.755319 1.000000
vt 0.765957 0.200000
vt 0.765957 0.000000
vt 0.765957 0.400000
vt 0.765957 0.600000
vt 0.765957 0.800000
vt 0.765957 1.000000
vt 0.776596 0.200000
vt 0.776596 0.000000
vt 0.776596 0.400000
vt 0.776596 0.600000
vt 0.776596 0.800000
vt 0.776596 1.000000
vt 0.787234 0.200000
vt 0.787234 0.000000
vt 0.787234 0.400000
vt 0.787234 0.600000
vt 0.787234 0.800000
vt 0.787234 1.000000
vt 0.797872 0.200000
vt 0.797872 0.000000
vt 0.797872 0.400000
vt 0.797872 0.600000
vt 0.797872 0.800000
vt 0.797872 1.000000
vt 0.808511 0.200000
vt 0.808511 0.000000
vt 0.808511 0.400000
vt 0.808511 0.600000
vt 0.808511 0.800000
vt 0.808511 1.000000
vt 0.819149 0.200000
vt 0.819149 0.000000
vt 0.819149 0.400000
vt 0.819149 0.600000
vt 0.819149 0.800000
vt 0.819149 1.000000
vt 0.829787 0.200000
vt 0.829787 0.000000
vt 0.829787 0.400000
vt 0.829787 0.600000
vt 0.829787 0.800000
vt 0.829787 1.000000
vt 0.840426 0.200000
vt 0.840426 0.000000
vt 0.840426 0.400000
vt 0.840426 0.600000
vt 0.840426 0.800000
vt 0.840426 1.000000
vt 0.851064 0.200000
vt 0.851064 0.000000
vt 0.851064 0.400000
vt 0.851064 0.600000
vt 0.851064 0.800000
vt 0.851064 1.000000
vt 0.861702 0.200000
vt 0.861702 0.000000
vt 0.861702 0.400000
vt 0.861702 0.600000
vt 0.861702 0.800000
vt 0.861702 1.000000
vt 0.872340 0.200000
vt 0.872340 0.000000
vt 0.872340 0.400000
vt 0.872340 0.600000
vt 0.872340 0.800000
vt 0.872340 1.000000
vt 0.882979 0.200000
vt 0.882979 0.000000
vt 0.882979 0.400000
vt 0.882979 0.600000
vt 0.882979 0.800000
vt 0.882979 1.000000
vt 0.893617 0.200000
vt 0.893617 0.000000
vt 0.893617 0.400000
vt 0.893617 0.600000
vt 0.893617 0.800000
vt 0.893617 1.000000
vt 0.904255 0.200000
vt 0.904255 0.000000
vt 0.904255 0.400000
vt 0.904255 0.600000
vt 0.904255 0.800000
vt 0.904255 1.000000
vt 0.914894 0.200000
vt 0.914894 0.000000
vt 0.914894 0.400000
vt 0.914894 0.600000
vt 0.914894 0.800000
vt 0.914894 1.000000
vt 0.925532 0.200000
vt 0.925532 0.000000
vt 0.925532 0.400000
vt 0.925532 0.600000
vt 0.925532 0.800000
vt 0.925532 1.000000
vt 0.936170 0.200000
vt 0.936170 0.000000
vt 0.936170 0.400000
vt 0.936170 0.600000
vt 0.936170 0.800000
vt 0.936170 1.000000
vt 0.946809 0.200000
vt 0.946809 0.000000
vt 0.946809 0.400000
vt 0.946809 0.600000
vt 0.946809 0.800000
vt 0.946809 1.000000
vt 0.957447 0.200000
vt 0.957447 0.000000
vt 0.957447 0.400000
vt 0.957447 0.600000
vt 0.957447 0.800000
vt 0.957447 1.000000
vt 0.968085 0.200000
vt 0.968085 0.000000
vt 0.968085 0.400000
vt 0.968085 0.600000
vt 0.968085 0.800000
vt 0.968085 1.000000
vt 0.978723 0.200000
vt 0.978723 0.000000
vt 0.978723 0.400000
vt 0.978723 0.600000
vt 0.978723 0.800000
vt 0.978723 1.000000
vt 0.989362 0.200000
vt 0.989362 0.000000
vt 0.989362 0.400000
vt 0.989362 0.600000
vt 0.989362 0.800000
vt 0.989362 1.000000
vt 0.041667 0.200000
vt 0.041667 0.000000
vt 0.041667 0.400000
vt 0.041667 0.600000
vt 0.041667 0.800000
vt 0.041667 1.000000
vt 0.083333 0.200000
vt 0.083333 0.400000
vt 0.083333 0.600000
vt 0.083333 0.800000
vt 0.083333 1.000000
vt 0.125000 0.200000
vt 0.125000 0.000000
vt 0.125000 0.400000
vt 0.125000 0.600000
vt 0.125000 0.800000
vt 0.125000 1.000000
vt 0.208333 0.200000
vt 0.208333 0.000000
vt 0.208333 0.400000
vt 0.208333 0.600000
vt 0.208333 0.800000
vt 0.208333 1.000000
vt 0.291667 0.200000
vt 0.291667 0.000000
vt 0.291667 0.400000
vt 0.291667 0.600000
vt 0.291667 0.800000
vt 0.291667 1.000000
vt 0.375000 0.200000
vt 0.375000 0.000000
vt 0.375000 0.400000
vt 0.375000 0.600000
vt 0.375000 0.800000
vt 0.375000 1.000000
vt 0.416667 0.200000
vt 0.416667 0.400000
vt 0.416667 0.600000
vt 0.416667 0.800000
vt 0.416667 1.000000
vt 0.458333 0.200000
vt 0.458333 0.000000
vt 0.458333 0.400000
vt 0.458333 0.600000
vt 0.458333 0.800000
vt 0.458333 1.000000
vt 0.541667 0.200000
vt 0.541667 0.000000
vt 0.541667 0.400000
vt 0.541667 0.600000
vt 0.541667 0.800000
vt 0.541667 1.000000
vt 0.583333 0.200000
vt 0.583333 0.400000
vt 0.583333 0.600000
vt 0.583333 0.800000
vt 0.583333 1.000000
vt 0.625000 0.200000
vt 0.625000 0.000000
vt 0.625000 0.400000
vt 0.625000 0.600000
vt 0.625000 0.800000
vt 0.625000 1.000000
vt 0.708333 0.200000
vt 0.708333 0.000000
vt 0.708333 0.400000
vt 0.708333 0.600000
vt 0.708333 0.800000
vt 0.708333 1.000000
vt 0.791667 0.200000
vt 0.791667 0.000000
vt 0.791667 0.400000
vt 0.791667 0.600000
vt 0.791667 0.800000
vt 0.791667 1.000000
vt 0.875000 0.200000
vt 0.875000 0.000000
vt 0.875000 0.400000
vt 0.875000 0.600000
vt 0.875000 0.800000
vt 0.875000 1.000000
vt 0.916667 0.200000
vt 0.916667 0.400000
vt 0.916667 0.600000
vt 0.916667 0.800000
vt 0.916667 1.000000
vt 0.958333 0.200000
vt 0.958333 0.000000
vt 0.958333 0.400000
vt 0.958333 0.600000
vt 0.958333 0.800000
vt 0.958333 1.000000
vt 0.007874 0.200000
vt 0.007874 0.000000
vt 0.007874 0.400000
vt 0.007874 0.600000
vt 0.007874 0.800000
vt 0.007874 1.000000
vt 0.015748 0.200000
vt 0.015748 0.000000
vt 0.015748 0.400000
vt 0.015748 0.600000
vt 0.015748 0.800000
vt 0.015748 1.000000
vt 0.023622 0.200000
vt 0.023622 0.000000
vt 0.023622 0.400000
vt 0.023622 0.600000
vt 0.023622 0.800000
vt 0.023622 1.000000
vt 0.031496 0.200000
vt 0.031496 0.000000
vt 0.031496 0.400000
vt 0.031496 0.600000
vt 0.031496 0.800000
vt 0.031496 1.000000
vt 0.039370 0.200000
vt 0.039370 0.000000
vt 0.039370 0.400000
vt 0.039370 0.600000
vt 0.039370 0.800000
vt 0.039370 1.000000
vt 0.047244 0.200000
vt 0.047244 0.000000
vt 0.047244 0.400000
vt 0.047244 0.600000
vt 0.047244 0.800000
vt 0.047244 1.000000
vt 0.055118 0.200000
vt 0.055118 0.000000
vt 0.055118 0.400000
vt 0.055118 0.600000
vt 0.055118 0.800000
vt 0.055118 1.000000
vt 0.062992 0.200000
vt 0.062992 0.000000
vt 0.062992 0.400000
vt 0.062992 0.600000
vt 0.062992 0.800000
vt 0.062992 1.000000
vt 0.070866 0.200000
vt 0.070866 0.000000
vt 0.070866 0.400000
vt 0.070866 0.600000
vt 0.070866 0.800000
vt 0.070866 1.000000
vt 0.078740 0.200000
vt 0.078740 0.000000
vt 0.078740 0.400000
vt 0.078740 0.600000
vt 0.078740 0.800000
vt 0.078740 1.000000
vt 0.086614 0.200000
vt 0.086614 0.000000
vt 0.086614 0.400000
vt 0.086614 0.600000
vt 0.086614 0.800000
vt 0.086614 1.000000
vt 0.094488 0.200000
vt 0.094488 0.000000
vt 0.094488 0.400000
vt 0.094488 0.600000
vt 0.094488 0.800000
vt 0.094488 1.000000
vt 0.102362 0.200000
vt 0.102362 0.000000
vt 0.102362 0.400000
vt 0.102362 0.600000
vt 0.102362 0.800000
vt 0.102362 1.000000
vt 0.110236 0.200000
vt 0.110236 0.000000
vt 0.110236 0.400000
vt 0.110236 0.600000
vt 0.110236 0.800000
vt 0.110236 1.000000
vt 0.118110 0.200000
vt 0.118110 0.000000
vt 0.118110 0.400000
vt 0.118110 0.600000
vt 0.118110 0.800000
vt 0.118110 1.000000
vt 0.125984 0.200000
vt 0.125984 0.000000
vt 0.125984 0.400000
vt 0.125984 0.600000
vt 0.125984 0.800000
vt 0.125984 1.000000
vt 0.133858 0.200000
vt 0.133858 0.000000
vt 0.133858 0.400000
vt 0.133858 0.600000
vt 0.133858 0.800000
vt 0.133858 1.000000
vt 0.141732 0.200000
vt 0.141732 0.000000
vt 0.141732 0.400000
vt 0.141732 0.600000
vt 0.141732 0.800000
vt 0.141732 1.000000
vt 0.149606 0.200000
vt 0.149606 0.000000
vt 0.149606 0.400000
vt 0.149606 0.600000
vt 0.149606 0.800000
vt 0.149606 1.000000
vt 0.157480 0.200000
vt 0.157480 0.000000
vt 0.157480 0.400000
vt 0.157480 0.600000
vt 0.157480 0.800000
vt 0.157480 1.000000
vt 0.165354 0.200000
vt 0.165354 0.000000
vt 0.165354 0.400000
vt 0.165354 0.600000
vt 0.165354 0.800000
vt 0.165354 1.000000
vt 0.173228 0.200000
vt 0.173228 0.000000
vt 0.173228 0.400000
vt 0.173228 0.600000
vt 0.173228 0.800000
vt 0.173228 1.000000
vt 0.181102 0.200000
vt 0.181102 0.000000
vt 0.181102 0.400000
vt 0.181102 0.600000
vt 0.181102 0.800000
vt 0.181102 1.000000
vt 0.188976 0.200000
vt 0.188976 0.000000
vt 0.188976 0.400000
vt 0.188976 0.600000
vt 0.188976 0.800000
vt 0.188976 1.000000
vt 0.196850 0.200000
vt 0.196850 0.000000
vt 0.196850 0.400000
vt 0.196850 0.600000
vt 0.196850 0.800000
vt 0.196850 1.000000
vt 0.204724 0.200000
vt 0.204724 0.000000
vt 0.204724 0.400000
vt 0.204724 0.600000
vt 0.204724 0.800000
vt 0.204724 1.000000
vt 0.212598 0.200000
vt 0.212598 0.000000
vt 0.212598 0.400000
vt 0.212598 0.600000
vt 0.212598 0.800000
vt 0.212598 1.000000
vt 0.220472 0.200000
vt 0.220472 0.000000
vt 0.220472 0.400000
vt 0.220472 0.600000
vt 0.220472 0.800000
vt 0.220472 1.000000
vt 0.228346 0.200000
vt 0.228346 0.000000
vt 0.228346 0.400000
vt 0.228346 0.600000
vt 0.228346 0.800000
vt 0.228346 1.000000
vt 0.236220 0.200000
vt 0.236220 0.000000
vt 0.236220 0.400000
vt 0.236220 0.600000
vt 0.236220 0.800000
vt 0.236220 1.000000
vt 0.244094 0.200000
vt 0.244094 0.000000
vt 0.244094 0.400000
vt 0.244094 0.600000
vt 0.244094 0.800000
vt 0.244094 1.000000
vt 0.251969 0.200000
vt 0.251969 0.000000
vt 0.251969 0.400000
vt 0.251969 0.600000
vt 0.251969 0.800000
vt 0.251969 1.000000
vt 0.259843 0.200000
vt 0.259843 0.000000
vt 0.259843 0.400000
vt 0.259843 0.600000
vt 0.259843 0.800000
vt 0.259843 1.000000
vt 0.267717 0.200000
vt 0.267717 0.000000
vt 0.267717 0.400000
vt 0.267717 0.600000
vt 0.267717 0.800000
vt 0.267717 1.000000
vt 0.275591 0.200000
vt 0.275591 0.000000
vt 0.275591 0.400000
vt 0.275591 0.600000
vt 0.275591 0.800000
vt 0.275591 1.000000
vt 0.283465 0.200000
vt 0.283465 0.000000
vt 0.283465 0.400000
vt 0.283465 0.600000
vt 0.283465 0.800000
vt 0.283465 1.000000
vt 0.291339 0.200000
vt 0.291339 0.000000
vt 0.291339 0.400000
vt 0.291339 0.600000
vt 0.291339 0.800000
vt 0.291339 1.000000
vt 0.299213 0.200000
vt 0.299213 0.000000
vt 0.299213 0.400000
vt 0.299213 0.600000
vt 0.299213 0.800000
vt 0.299213 1.000000
vt 0.307087 0.200000
vt 0.307087 0.000000
vt 0.307087 0.400000
vt 0.307087 0.600000
vt 0.307087 0.800000
vt 0.307087 1.000000
vt 0.314961 0.200000
vt 0.314961 0.000000
vt 0.314961 0.400000
vt 0.314961 0.600000
vt 0.314961 0.800000
vt 0.314961 1.000000
vt 0.322835 0.200000
vt 0.322835 0.000000
vt 0.322835 0.400000
vt 0.322835 0.600000
vt 0.322835 0.800000
vt 0.322835 1.000000
vt 0.330709 0.200000
vt 0.330709 0.000000
vt 0.330709 0.400000
vt 0.330709 0.600000
vt 0.330709 0.800000
vt 0.330709 1.000000
vt 0.338583 0.200000
vt 0.338583 0.000000
vt 0.338583 0.400000
vt 0.338583 0.600000
vt 0.338583 0.800000
vt 0.338583 1.000000
vt 0.346457 0.200000
vt 0.346457 0.000000
vt 0.346457 0.400000
vt 0.346457 0.600000
vt 0.346457 0.800000
vt 0.346457 1.000000
vt 0.354331 0.200000
vt 0.354331 0.000000
vt 0.354331 0.400000
vt 0.354331 0.600000
vt 0.354331 0.800000
vt 0.354331 1.000000
vt 0.362205 0.200000
vt 0.362205 0.000000
vt 0.362205 0.400000
vt 0.362205 0.600000
vt 0.362205 0.800000
vt 0.362205 1.000000
vt 0.370079 0.200000
vt 0.370079 0.000000
vt 0.370079 0.400000
vt 0.370079 0.600000
vt 0.370079 0.800000
vt 0.370079 1.000000
vt 0.377953 0.200000
vt 0.377953 0.000000
vt 0.377953 0.400000
vt 0.377953 0.600000
vt 0.377953 0.800000
vt 0.377953 1.000000
vt 0.385827 0.200000
vt 0.385827 0.000000
vt 0.385827 0.400000
vt 0.385827 0.600000
vt 0.385827 0.800000
vt 0.385827 1.000000
vt 0.393701 0.200000
vt 0.393701 0.000000
vt 0.393701 0.400000
vt 0.393701 0.600000
vt 0.393701 0.800000
vt 0.393701 1.000000
vt 0.401575 0.200000
vt 0.401575 0.000000
vt 0.401575 0.400000
vt 0.401575 0.600000
vt 0.401575 0.800000
vt 0.401575 1.000000
vt 0.409449 0.200000
vt 0.409449 0.000000
vt 0.409449 0.400000
vt 0.409449 0.600000
vt 0.409449 0.800000
vt 0.409449 1.000000
vt 0.417323 0.200000
vt 0.417323 0.000000
vt 0.417323 0.400000
vt 0.417323 0.600000
vt 0.417323 0.800000
vt 0.417323 1.000000
vt 0.425197 0.200000
vt 0.425197 0.000000
vt 0.425197 0.400000
vt 0.425197 0.600000
vt 0.425197 0.800000
vt 0.425197 1.000000
vt 0.433071 0.200000
vt 0.433071 0.000000
vt 0.433071 0.400000
vt 0.433071 0.600000
vt 0.433071 0.800000
vt 0.433071 1.000000
vt 0.440945 0.200000
vt 0.440945 0.000000
vt 0.440945 0.400000
vt 0.440945 0.600000
vt 0.440945 0.800000
vt 0.440945 1.000000
vt 0.448819 0.200000
vt 0.448819 0.000000
vt 0.448819 0.400000
vt 0.448819 0.600000
vt 0.448819 0.800000
vt 0.448819 1.000000
vt 0.456693 0.200000
vt 0.456693 0.000000
vt 0.456693 0.400000
vt 0.456693 0.600000
vt 0.456693 0.800000
vt 0.456693 1.000000
vt 0.464567 0.200000
vt 0.464567 0.000000
vt 0.464567 0.400000
vt 0.464567 0.600000
vt 0.464567 0.800000
vt 0.464567 1.000000
vt 0.472441 0.200000
vt 0.472441 0.000000
vt 0.472441 0.400000
vt 0.472441 0.600000
vt 0.472441 0.800000
vt 0.472441 1.000000
vt 0.480315 0.200000
vt 0.480315 0.000000
vt 0.480315 0.400000
vt 0.480315 0.600000
vt 0.480315 0.800000
vt 0.480315 1.000000
vt 0.488189 0.200000
vt 0.488189 0.000000
vt 0.488189 0.400000
vt 0.488189 0.600000
vt 0.488189 0.800000
vt 0.488189 1.000000
vt 0.496063 0.200000
vt 0.496063 0.000000
vt 0.496063 0.400000
vt 0.496063 0.600000
vt 0.496063 0.800000
vt 0.496063 1.000000
vt 0.503937 0.200000
vt 0.503937 0.000000
vt 0.503937 0.400000
vt 0.503937 0.600000
vt 0.503937 0.800000
vt 0.503937 1.000000
vt 0.511811 0.200000
vt 0.511811 0.000000
vt 0.511811 0.400000
vt 0.511811 0.600000
vt 0.511811 0.800000
vt 0.511811 1.000000
vt 0.519685 0.200000
vt 0.519685 0.000000
vt 0.519685 0.400000
vt 0.519685 0.600000
vt 0.519685 0.800000
vt 0.519685 1.000000
vt 0.527559 0.200000
vt 0.527559 0.000000
vt 0.527559 0.400000
vt 0.527559 0.600000
vt 0.527559 0.800000
vt 0.527559 1.000000
vt 0.535433 0.200000
vt 0.535433 0.000000
vt 0.535433 0.400000
vt 0.535433 0.600000
vt 0.535433 0.800000
vt 0.535433 1.000000
vt 0.543307 0.200000
vt 0.543307 0.000000
vt 0.543307 0.400000
vt 0.543307 0.600000
vt 0.543307 0.800000
vt 0.543307 1.000000
vt 0.551181 0.200000
vt 0.551181 0.000000
vt 0.551181 0.400000
vt 0.551181 0.600000
vt 0.551181 0.800000
vt 0.551181 1.000000
vt 0.559055 0.200000
vt 0.559055 0.000000
vt 0.559055 0.400000
vt 0.559055 0.600000
vt 0.559055 0.800000
vt 0.559055 1.000000
vt 0.566929 0.200000
vt 0.566929 0.000000
vt 0.566929 0.400000
vt 0.566929 0.600000
vt 0.566929 0.800000
vt 0.566929 1.000000
vt 0.574803 0.200000
vt 0.574803 0.000000
vt 0.574803 0.400000
vt 0.574803 0.600000
vt 0.574803 0.800000
vt 0.574803 1.000000
vt 0.582677 0.200000
vt 0.582677 0.000000
vt 0.582677 0.400000
vt 0.582677 0.600000
vt 0.582677 0.800000
vt 0.582677 1.000000
vt 0.590551 0.200000
vt 0.590551 0.000000
vt 0.590551 0.400000
vt 0.590551 0.600000
vt 0.590551 0.800000
vt 0.590551 1.000000
vt 0.598425 0.200000
vt 0.598425 0.000000
vt 0.598425 0.400000
vt 0.598425 0.600000
vt 0.598425 0.800000
vt 0.598425 1.000000
vt 0.606299 0.200000
vt 0.606299 0.000000
vt 0.606299 0.400000
vt 0.606299 0.600000
vt 0.606299 0.800000
vt 0.606299 1.000000
vt 0.614173 0.200000
vt 0.614173 0.000000
vt 0.614173 0.400000
vt 0.614173 0.600000
vt 0.614173 0.800000
vt 0.614173 1.000000
vt 0.622047 0.200000
vt 0.622047 0.000000
vt 0.622047 0.400000
vt 0.622047 0.600000
vt 0.622047 0.800000
vt 0.622047 1.000000
vt 0.629921 0.200000
vt 0.629921 0.000000
vt 0.629921 0.400000
vt 0.629921 0.600000
vt 0.629921 0.800000
vt 0.629921 1.000000
vt 0.637795 0.200000
vt 0.637795 0.000000
vt 0.637795 0.400000
vt 0.637795 0.600000
vt 0.637795 0.800000
vt 0.637795 1.000000
vt 0.645669 0.200000
vt 0.645669 0.000000
vt 0.645669 0.400000
vt 0.645669 0.600000
vt 0.645669 0.800000
vt 0.645669 1.000000
vt 0.653543 0.200000
vt 0.653543 0.000000
vt 0.653543 0.400000
vt 0.653543 0.600000
vt 0.653543 0.800000
vt 0.653543 1.000000
vt 0.661417 0.200000
vt 0.661417 0.000000
vt 0.661417 0.400000
vt 0.661417 0.600000
vt 0.661417 0.800000
vt 0.661417 1.000000
vt 0.669291 0.200000
vt 0.669291 0.000000
vt 0.669291 0.400000
vt 0.669291 0.600000
vt 0.669291 0.800000
vt 0.669291 1.000000
vt 0.677165 0.200000
vt 0.677165 0.000000
vt 0.677165 0.400000
vt 0.677165 0.600000
vt 0.677165 0.800000
vt 0.677165 1.000000
vt 0.685039 0.200000
vt 0.685039 0.000000
vt 0.685039 0.400000
vt 0.685039 0.600000
vt 0.685039 0.800000
vt 0.685039 1.000000
vt 0.692913 0.200000
vt 0.692913 0.000000
vt 0.692913 0.400000
vt 0.692913 0.600000
vt 0.692913 0.800000
vt 0.692913 1.000000
vt 0.700787 0.200000
vt 0.700787 0.000000
vt 0.700787 0.400000
vt 0.700787 0.600000
vt 0.700787 0.800000
vt 0.700787 1.000000
vt 0.708661 0.200000
vt 0.708661 0.000000
vt 0.708661 0.400000
vt 0.708661 0.600000
vt 0.708661 0.800000
vt 0.708661 1.000000
vt 0.716535 0.200000
vt 0.716535 0.000000
vt 0.716535 0.400000
vt 0.716535 0.600000
vt 0.716535 0.800000
vt 0.716535 1.000000
vt 0.724409 0.200000
vt 0.724409 0.000000
vt 0.724409 0.400000
vt 0.724409 0.600000
vt 0.724409 0.800000
vt 0.724409 1.000000
vt 0.732283 0.200000
vt 0.732283 0.000000
vt 0.732283 0.400000
vt 0.732283 0.600000
vt 0.732283 0.800000
vt 0.732283 1.000000
vt 0.740157 0.200000
vt 0.740157 0.000000
vt 0.740157 0.400000
vt 0.740157 0.600000
vt 0.740157 0.800000
vt 0.740157 1.000000
vt 0.748031 0.200000
vt 0.748031 0.000000
vt 0.748031 0.400000
vt 0.748031 0.600000
vt 0.748031 0.800000
vt 0.748031 1.000000
vt 0.755906 0.200000
vt 0.755906 0.000000
vt 0.755906 0.400000
vt 0.755906 0.600000
vt 0.755906 0.800000
vt 0.755906 1.000000
vt 0.763780 0.200000
vt 0.763780 0.000000
vt 0.763780 0.400000
vt 0.763780 0.600000
vt 0.763780 0.800000
vt 0.763780 1.000000
vt 0.771654 0.200000
vt 0.771654 0.000000
vt 0.771654 0.400000
vt 0.771654 0.600000
vt 0.771654 0.800000
vt 0.771654 1.000000
vt 0.779528 0.200000
vt 0.779528 0.000000
vt 0.779528 0.400000
vt 0.779528 0.600000
vt 0.779528 0.800000
vt 0.779528 1.000000
vt 0.787402 0.200000
vt 0.787402 0.000000
vt 0.787402 0.400000
vt 0.787402 0.600000
vt 0.787402 0.800000
vt 0.787402 1.000000
vt 0.795276 0.200000
vt 0.795276 0.000000
vt 0.795276 0.400000
vt 0.795276 0.600000
vt 0.795276 0.800000
vt 0.795276 1.000000
vt 0.803150 0.200000
vt 0.803150 0.000000
vt 0.803150 0.400000
vt 0.803150 0.600000
vt 0.803150 0.800000
vt 0.803150 1.000000
vt 0.811024 0.200000
vt 0.811024 0.000000
vt 0.811024 0.400000
vt 0.811024 0.600000
vt 0.811024 0.800000
vt 0.811024 1.000000
vt 0.818898 0.200000
vt 0.818898 0.000000
vt 0.818898 0.400000
vt 0.818898 0.600000
vt 0.818898 0.800000
vt 0.818898 1.000000
vt 0.826772 0.200000
vt 0.826772 0.000000
vt 0.826772 0.400000
vt 0.826772 0.600000
vt 0.826772 0.800000
vt 0.826772 1.000000
vt 0.834646 0.200000
vt 0.834646 0.000000
vt 0.834646 0.400000
vt 0.834646 0.600000
vt 0.834646 0.800000
vt 0.834646 1.000000
vt 0.842520 0.200000
vt 0.842520 0.000000
vt 0.842520 0.400000
vt 0.842520 0.600000
vt 0.842520 0.800000
vt 0.842520 1.000000
vt 0.850394 0.200000
vt 0.850394 0.000000
vt 0.850394 0.400000
vt 0.850394 0.600000
vt 0.850394 0.800000
vt 0.850394 1.000000
vt 0.858268 0.200000
vt 0.858268 0.000000
vt 0.858268 0.400000
vt 0.858268 0.600000
vt 0.858268 0.800000
vt 0.858268 1.000000
vt 0.866142 0.200000
vt 0.866142 0.000000
vt 0.866142 0.400000
vt 0.866142 0.600000
vt 0.866142 0.800000
vt 0.866142 1.000000
vt 0.874016 0.200000
vt 0.874016 0.000000
vt 0.874016 0.400000
vt 0.874016 0.600000
vt 0.874016 0.800000
vt 0.874016 1.000000
vt 0.881890 0.200000
vt 0.881890 0.000000
vt 0.881890 0.400000
vt 0.881890 0.600000
vt 0.881890 0.800000
vt 0.881890 1.000000
vt 0.889764 0.200000
vt 0.889764 0.000000
vt 0.889764 0.400000
vt 0.889764 0.600000
vt 0.889764 0.800000
vt 0.889764 1.000000
vt 0.897638 0.200000
vt 0.897638 0.000000
vt 0.897638 0.400000
vt 0.897638 0.600000
vt 0.897638 0.800000
vt 0.897638 1.000000
vt 0.905512 0.200000
vt 0.905512 0.000000
vt 0.905512 0.400000
vt 0.905512 0.600000
vt 0.905512 0.800000
vt 0.905512 1.000000
vt 0.913386 0.200000
vt 0.913386 0.000000
vt 0.913386 0.400000
vt 0.913386 0.600000
vt 0.913386 0.800000
vt 0.913386 1.000000
vt 0.921260 0.200000
vt 0.921260 0.000000
vt 0.921260 0.400000
vt 0.921260 0.600000
vt 0.921260 0.800000
vt 0.921260 1.000000
vt 0.929134 0.200000
vt 0.929134 0.000000
vt 0.929134 0.400000
vt 0.929134 0.600000
vt 0.929134 0.800000
vt 0.929134 1.000000
vt 0.937008 0.200000
vt 0.937008 0.000000
vt 0.937008 0.400000
vt 0.937008 0.600000
vt 0.937008 0.800000
vt 0.937008 1.000000
vt 0.944882 0.200000
vt 0.944882 0.000000
vt 0.944882 0.400000
vt 0.944882 0.600000
vt 0.944882 0.800000
vt 0.944882 1.000000
vt 0.952756 0.200000
vt 0.952756 0.000000
vt 0.952756 0.400000
vt 0.952756 0.600000
vt 0.952756 0.800000
vt 0.952756 1.000000
vt 0.960630 0.200000
vt 0.960630 0.000000
vt 0.960630 0.400000
vt 0.960630 0.600000
vt 0.960630 0.800000
vt 0.960630 1.000000
vt 0.968504 0.200000
vt 0.968504 0.000000
vt 0.968504 0.400000
vt 0.968504 0.600000
vt 0.968504 0.800000
vt 0.968504 1.000000
vt 0.976378 0.200000
vt 0.976378 0.000000
vt 0.976378 0.400000
vt 0.976378 0.600000
vt 0.976378 0.800000
vt 0.976378 1.000000
vt 0.984252 0.200000
vt 0.984252 0.000000
vt 0.984252 0.400000
vt 0.984252 0.600000
vt 0.984252 0.800000
vt 0.984252 1.000000
vt 0.992126 0.200000
vt 0.992126 0.000000
vt 0.992126 0.400000
vt 0.992126 0.600000
vt 0.992126 0.800000
vt 0.992126 1.000000
vt 0.009709 0.200000
vt 0.009709 0.000000
vt 0.009709 0.400000
vt 0.009709 0.600000
vt 0.009709 0.800000
vt 0.009709 1.000000
vt 0.019417 0.200000
vt 0.019417 0.000000
vt 0.019417 0.400000
vt 0.019417 0.600000
vt 0.019417 0.800000
vt 0.019417 1.000000
vt 0.029126 0.200000
vt 0.029126 0.000000
vt 0.029126 0.400000
vt 0.029126 0.600000
vt 0.029126 0.800000
vt 0.029126 1.000000
vt 0.038835 0.200000
vt 0.038835 0.000000
vt 0.038835 0.400000
vt 0.038835 0.600000
vt 0.038835 0.800000
vt 0.038835 1.000000
vt 0.048544 0.200000
vt 0.048544 0.000000
vt 0.048544 0.400000
vt 0.048544 0.600000
vt 0.048544 0.800000
vt 0.048544 1.000000
vt 0.058252 0.200000
vt 0.058252 0.000000
vt 0.058252 0.400000
vt 0.058252 0.600000
vt 0.058252 0.800000
vt 0.058252 1.000000
vt 0.067961 0.200000
vt 0.067961 0.000000
vt 0.067961 0.400000
vt 0.067961 0.600000
vt 0.067961 0.800000
vt 0.067961 1.000000
vt 0.077670 0.200000
vt 0.077670 0.000000
vt 0.077670 0.400000
vt 0.077670 0.600000
vt 0.077670 0.800000
vt 0.077670 1.000000
vt 0.087379 0.200000
vt 0.087379 0.000000
vt 0.087379 0.400000
vt 0.087379 0.600000
vt 0.087379 0.800000
vt 0.087379 1.000000
vt 0.097087 0.200000
vt 0.097087 0.000000
vt 0.097087 0.400000
vt 0.097087 0.600000
vt 0.097087 0.800000
vt 0.097087 1.000000
vt 0.106796 0.200000
vt 0.106796 0.000000
vt 0.106796 0.400000
vt 0.106796 0.600000
vt 0.106796 0.800000
vt 0.106796 1.000000
vt 0.116505 0.200000
vt 0.116505 0.000000
vt 0.116505 0.400000
vt 0.116505 0.600000
vt 0.116505 0.800000
vt 0.116505 1.000000
vt 0.126214 0.200000
vt 0.126214 0.000000
vt 0.126214 0.400000
vt 0.126214 0.600000
vt 0.126214 0.800000
vt 0.126214 1.000000
vt 0.135922 0.200000
vt 0.135922 0.000000
vt 0.135922 0.400000
vt 0.135922 0.600000
vt 0.135922 0.800000
vt 0.135922 1.000000
vt 0.145631 0.200000
vt 0.145631 0.000000
vt 0.145631 0.400000
vt 0.145631 0.600000
vt 0.145631 0.800000
vt 0.145631 1.000000
vt 0.155340 0.200000
vt 0.155340 0.000000
vt 0.155340 0.400000
vt 0.155340 0.600000
vt 0.155340 0.800000
vt 0.155340 1.000000
vt 0.165049 0.200000
vt 0.165049 0.000000
vt 0.165049 0.400000
vt 0.165049 0.600000
vt 0.165049 0.800000
vt 0.165049 1.000000
vt 0.174757 0.200000
vt 0.174757 0.000000
vt 0.174757 0.400000
vt 0.174757 0.600000
vt 0.174757 0.800000
vt 0.174757 1.000000
vt 0.184466 0.200000
vt 0.184466 0.000000
vt 0.184466 0.400000
vt 0.184466 0.600000
vt 0.184466 0.800000
vt 0.184466 1.000000
vt 0.194175 0.200000
vt 0.194175 0.000000
vt 0.194175 0.400000
vt 0.194175 0.600000
vt 0.194175 0.800000
vt 0.194175 1.000000
vt 0.203883 0.200000
vt 0.203883 0.000000
vt 0.203883 0.400000
vt 0.203883 0.600000
vt 0.203883 0.800000
vt 0.203883 1.000000
vt 0.213592 0.200000
vt 0.213592 0.000000
vt 0.213592 0.400000
vt 0.213592 0.600000
vt 0.213592 0.800000
vt 0.213592 1.000000
vt 0.223301 0.200000
vt 0.223301 0.000000
vt 0.223301 0.400000
vt 0.223301 0.600000
vt 0.223301 0.800000
vt 0.223301 1.000000
vt 0.233010 0.200000
vt 0.233010 0.000000
vt 0.233010 0.400000
vt 0.233010 0.600000
vt 0.233010 0.800000
vt 0.233010 1.000000
vt 0.242718 0.200000
vt 0.242718 0.000000
vt 0.242718 0.400000
vt 0.242718 0.600000
vt 0.242718 0.800000
vt 0.242718 1.000000
vt 0.252427 0.200000
vt 0.252427 0.000000
vt 0.252427 0.400000
vt 0.252427 0.600000
vt 0.252427 0.800000
vt 0.252427 1.000000
vt 0.262136 0.200000
vt 0.262136 0.000000
vt 0.262136 0.400000
vt 0.262136 0.600000
vt 0.262136 0.800000
vt 0.262136 1.000000
vt 0.271845 0.200000
vt 0.271845 0.000000
vt 0.271845 0.400000
vt 0.271845 0.600000
vt 0.271845 0.800000
vt 0.271845 1.000000
vt 0.281553 0.200000
vt 0.281553 0.000000
vt 0.281553 0.400000
vt 0.281553 0.600000
vt 0.281553 0.800000
vt 0.281553 1.000000
vt 0.291262 0.200000
vt 0.291262 0.000000
vt 0.291262 0.400000
vt 0.291262 0.600000
vt 0.291262 0.800000
vt 0.291262 1.000000
vt 0.300971 0.200000
vt 0.300971 0.000000
vt 0.300971 0.400000
vt 0.300971 0.600000
vt 0.300971 0.800000
vt 0.300971 1.000000
vt 0.310680 0.200000
vt 0.310680 0.000000
vt 0.310680 0.400000
vt 0.310680 0.600000
vt 0.310680 0.800000
vt 0.310680 1.000000
vt 0.320388 0.200000
vt 0.320388 0.000000
vt 0.320388 0.400000
vt 0.320388 0.600000
vt 0.320388 0.800000
vt 0.320388 1.000000
vt 0.330097 0.200000
vt 0.330097 0.000000
vt 0.330097 0.400000
vt 0.330097 0.600000
vt 0.330097 0.800000
vt 0.330097 1.000000
vt 0.339806 0.200000
vt 0.339806 0.000000
vt 0.339806 0.400000
vt 0.339806 0.600000
vt 0.339806 0.800000
vt 0.339806 1.000000
vt 0.349515 0.200000
vt 0.349515 0.000000
vt 0.349515 0.400000
vt 0.349515 0.600000
vt 0.349515 0.800000
vt 0.349515 1.000000
vt 0.359223 0.200000
vt 0.359223 0.000000
vt 0.359223 0.400000
vt 0.359223 0.600000
vt 0.359223 0.800000
vt 0.359223 1.000000
vt 0.368932 0.200000
vt 0.368932 0.000000
vt 0.368932 0.400000
vt 0.368932 0.600000
vt 0.368932 0.800000
vt 0.368932 1.000000
vt 0.378641 0.200000
vt 0.378641 0.000000
vt 0.378641 0.400000
vt 0.378641 0.600000
vt 0.378641 0.800000
vt 0.378641 1.000000
vt 0.388350 0.200000
vt 0.388350 0.000000
vt 0.388350 0.400000
vt 0.388350 0.600000
vt 0.388350 0.800000
vt 0.388350 1.000000
vt 0.398058 0.200000
vt 0.398058 0.000000
vt 0.398058 0.400000
vt 0.398058 0.600000
vt 0.398058 0.800000
vt 0.398058 1.000000
vt 0.407767 0.200000
vt 0.407767 0.000000
vt 0.407767 0.400000
vt 0.407767 0.600000
vt 0.407767 0.800000
vt 0.407767 1.000000
vt 0.417476 0.200000
vt 0.417476 0.000000
vt 0.417476 0.400000
vt 0.417476 0.600000
vt 0.417476 0.800000
vt 0.417476 1.000000
vt 0.427184 0.200000
vt 0.427184 0.000000
vt 0.427184 0.400000
vt 0.427184 0.600000
vt 0.427184 0.800000
vt 0.427184 1.000000
vt 0.436893 0.200000
vt 0.436893 0.000000
vt 0.436893 0.400000
vt 0.436893 0.600000
vt 0.436893 0.800000
vt 0.436893 1.000000
vt 0.446602 0.200000
vt 0.446602 0.000000
vt 0.446602 0.400000
vt 0.446602 0.600000
vt 0.446602 0.800000
vt 0.446602 1.000000
vt 0.456311 0.200000
vt 0.456311 0.000000
vt 0.456311 0.400000
vt 0.456311 0.600000
vt 0.456311 0.800000
vt 0.456311 1.000000
vt 0.466019 0.200000
vt 0.466019 0.000000
vt 0.466019 0.400000
vt 0.466019 0.600000
vt 0.466019 0.800000
vt 0.466019 1.000000
vt 0.475728 0.200000
vt 0.475728 0.000000
vt 0.475728 0.400000
vt 0.475728 0.600000
vt 0.475728 0.800000
vt 0.475728 1.000000
vt 0.485437 0.200000
vt 0.485437 0.000000
vt 0.485437 0.400000
vt 0.485437 0.600000
vt 0.485437 0.800000
vt 0.485437 1.000000
vt 0.495146 0.200000
vt 0.495146 0.000000
vt 0.495146 0.400000
vt 0.495146 0.600000
vt 0.495146 0.800000
vt 0.495146 1.000000
vt 0.504854 0.200000
vt 0.504854 0.000000
vt 0.504854 0.400000
vt 0.504854 0.600000
vt 0.504854 0.800000
vt 0.504854 1.000000
vt 0.514563 0.200000
vt 0.514563 0.000000
vt 0.514563 0.400000
vt 0.514563 0.600000
vt 0.514563 0.800000
vt 0.514563 1.000000
vt 0.524272 0.200000
vt 0.524272 0.000000
vt 0.524272 0.400000
vt 0.524272 0.600000
vt 0.524272 0.800000
vt 0.524272 1.000000
vt 0.533981 0.200000
vt 0.533981 0.000000
vt 0.533981 0.400000
vt 0.533981 0.600000
vt 0.533981 0.800000
vt 0.533981 1.000000
vt 0.543689 0.200000
vt 0.543689 0.000000
vt 0.543689 0.400000
vt 0.543689 0.600000
vt 0.543689 0.800000
vt 0.543689 1.000000
vt 0.553398 0.200000
vt 0.553398 0.000000
vt 0.553398 0.400000
vt 0.553398 0.600000
vt 0.553398 0.800000
vt 0.553398 1.000000
vt 0.563107 0.200000
vt 0.563107 0.000000
vt 0.563107 0.400000
vt 0.563107 0.600000
vt 0.563107 0.800000
vt 0.563107 1.000000
vt 0.572816 0.200000
vt 0.572816 0.000000
vt 0.572816 0.400000
vt 0.572816 0.600000
vt 0.572816 0.800000
vt 0.572816 1.000000
vt 0.582524 0.200000
vt 0.582524 0.000000
vt 0.582524 0.400000
vt 0.582524 0.600000
vt 0.582524 0.800000
vt 0.582524 1.000000
vt 0.592233 0.200000
vt 0.592233 0.000000
vt 0.592233 0.400000
vt 0.592233 0.600000
vt 0.592233 0.800000
vt 0.592233 1.000000
vt 0.601942 0.200000
vt 0.601942 0.000000
vt 0.601942 0.400000
vt 0.601942 0.600000
vt 0.601942 0.800000
vt 0.601942 1.000000
vt 0.611650 0.200000
vt 0.611650 0.000000
vt 0.611650 0.400000
vt 0.611650 0.600000
vt 0.611650 0.800000
vt 0.611650 1.000000
vt 0.621359 0.200000
vt 0.621359 0.000000
vt 0.621359 0.400000
vt 0.621359 0.600000
vt 0.621359 0.800000
vt 0.621359 1.000000
vt 0.631068 0.200000
vt 0.631068 0.000000
vt 0.631068 0.400000
vt 0.631068 0.600000
vt 0.631068 0.800000
vt 0.631068 1.000000
vt 0.640777 0.200000
vt 0.640777 0.000000
vt 0.640777 0.400000
vt 0.640777 0.600000
vt 0.640777 0.800000
vt 0.640777 1.000000
vt 0.650485 0.200000
vt 0.650485 0.000000
vt 0.650485 0.400000
vt 0.650485 0.600000
vt 0.650485 0.800000
vt 0.650485 1.000000
vt 0.660194 0.200000
vt 0.660194 0.000000
vt 0.660194 0.400000
vt 0.660194 0.600000
vt 0.660194 0.800000
vt 0.660194 1.000000
vt 0.669903 0.200000
vt 0.669903 0.000000
vt 0.669903 0.400000
vt 0.669903 0.600000
vt 0.669903 0.800000
vt 0.669903 1.000000
vt 0.679612 0.200000
vt 0.679612 0.000000
vt 0.679612 0.400000
vt 0.679612 0.600000
vt 0.679612 0.800000
vt 0.679612 1.000000
vt 0.689320 0.200000
vt 0.689320 0.000000
vt 0.689320 0.400000
vt 0.689320 0.600000
vt 0.689320 0.800000
vt 0.689320 1.000000
vt 0.699029 0.200000
vt 0.699029 0.000000
vt 0.699029 0.400000
vt 0.699029 0.600000
vt 0.699029 0.800000
vt 0.699029 1.000000
vt 0.708738 0.200000
vt 0.708738 0.000000
vt 0.708738 0.400000
vt 0.708738 0.600000
vt 0.708738 0.800000
vt 0.708738 1.000000
vt 0.718447 0.200000
vt 0.718447 0.000000
vt 0.718447 0.400000
vt 0.718447 0.600000
vt 0.718447 0.800000
vt 0.718447 1.000000
vt 0.728155 0.200000
vt 0.728155 0.000000
vt 0.728155 0.400000
vt 0.728155 0.600000
vt 0.728155 0.800000
vt 0.728155 1.000000
vt 0.737864 0.200000
vt 0.737864 0.000000
vt 0.737864 0.400000
vt 0.737864 0.600000
vt 0.737864 0.800000
vt 0.737864 1.000000
vt 0.747573 0.200000
vt 0.747573 0.000000
vt 0.747573 0.400000
vt 0.747573 0.600000
vt 0.747573 0.800000
vt 0.747573 1.000000
vt 0.757282 0.200000
vt 0.757282 0.000000
vt 0.757282 0.400000
vt 0.757282 0.600000
vt 0.757282 0.800000
vt 0.757282 1.000000
vt 0.766990 0.200000
vt 0.766990 0.000000
vt 0.766990 0.400000
vt 0.766990 0.600000
vt 0.766990 0.800000
vt 0.766990 1.000000
vt 0.776699 0.200000
vt 0.776699 0.000000
vt 0.776699 0.400000
vt 0.776699 0.600000
vt 0.776699 0.800000
vt 0.776699 1.000000
vt 0.786408 0.200000
vt 0.786408 0.000000
vt 0.786408 0.400000
vt 0.786408 0.600000
vt 0.786408 0.800000
vt 0.786408 1.000000
vt 0.796117 0.200000
vt 0.796117 0.000000
vt 0.796117 0.400000
vt 0.796117 0.600000
vt 0.796117 0.800000
vt 0.796117 1.000000
vt 0.805825 0.200000
vt 0.805825 0.000000
vt 0.805825 0.400000
vt 0.805825 0.600000
vt 0.805825 0.800000
vt 0.805825 1.000000
vt 0.815534 0.200000
vt 0.815534 0.000000
vt 0.815534 0.400000
vt 0.815534 0.600000
vt 0.815534 0.800000
vt 0.815534 1.000000
vt 0.825243 0.200000
vt 0.825243 0.000000
vt 0.825243 0.400000
vt 0.825243 0.600000
vt 0.825243 0.800000
vt 0.825243 1.000000
vt 0.834951 0.200000
vt 0.834951 0.000000
vt 0.834951 0.400000
vt 0.834951 0.600000
vt 0.834951 0.800000
vt 0.834951 1.000000
vt 0.844660 0.200000
vt 0.844660 0.000000
vt 0.844660 0.400000
vt 0.844660 0.600000
vt 0.844660 0.800000
vt 0.844660 1.000000
vt 0.854369 0.200000
vt 0.854369 0.000000
vt 0.854369 0.400000
vt 0.854369 0.600000
vt 0.854369 0.800000
vt 0.854369 1.000000
vt 0.864078 0.200000
vt 0.864078 0.000000
vt 0.864078 0.400000
vt 0.864078 0.600000
vt 0.864078 0.800000
vt 0.864078 1.000000
vt 0.873786 0.200000
vt 0.873786 0.000000
vt 0.873786 0.400000
vt 0.873786 0.600000
vt 0.873786 0.800000
vt 0.873786 1.000000
vt 0.883495 0.200000
vt 0.883495 0.000000
vt 0.883495 0.400000
vt 0.883495 0.600000
vt 0.883495 0.800000
vt 0.883495 1.000000
vt 0.893204 0.200000
vt 0.893204 0.000000
vt 0.893204 0.400000
vt 0.893204 0.600000
vt 0.893204 0.800000
vt 0.893204 1.000000
vt 0.902913 0.200000
vt 0.902913 0.000000
vt 0.902913 0.400000
vt 0.902913 0.600000
vt 0.902913 0.800000
vt 0.902913 1.000000
vt 0.912621 0.200000
vt 0.912621 0.000000
vt 0.912621 0.400000
vt 0.912621 0.600000
vt 0.912621 0.800000
vt 0.912621 1.000000
vt 0.922330 0.200000
vt 0.922330 0.000000
vt 0.922330 0.400000
vt 0.922330 0.600000
vt 0.922330 0.800000
vt 0.922330 1.000000
vt 0.932039 0.200000
vt 0.932039 0.000000
vt 0.932039 0.400000
vt 0.932039 0.600000
vt 0.932039 0.800000
vt 0.932039 1.000000
vt 0.941748 0.200000
vt 0.941748 0.000000
vt 0.941748 0.400000
vt 0.941748 0.600000
vt 0.941748 0.800000
vt 0.941748 1.000000
vt 0.951456 0.200000
vt 0.951456 0.000000
vt 0.951456 0.400000
vt 0.951456 0.600000
vt 0.951456 0.800000
vt 0.951456 1.000000
vt 0.961165 0.200000
vt 0.961165 0.000000
vt 0.961165 0.400000
vt 0.961165 0.600000
vt 0.961165 0.800000
vt 0.961165 1.000000
vt 0.970874 0.200000
vt 0.970874 0.000000
vt 0.970874 0.400000
vt 0.970874 0.600000
vt 0.970874 0.800000
vt 0.970874 1.000000
vt 0.980583 0.200000
vt 0.980583 0.000000
vt 0.980583 0.400000
vt 0.980583 0.600000
vt 0.980583 0.800000
vt 0.980583 1.000000
vt 0.990291 0.200000
vt 0.990291 0.000000
vt 0.990291 0.400000
vt 0.990291 0.600000
vt 0.990291 0.800000
vt 0.990291 1.000000
s 0
usemtl Material.001
f 87/1/1 89/2/1 88/3/1
f 87/1/1 90/4/1 89/2/1
f 86/5/1 90/4/1 87/1/1
f 86/5/1 91/6/1 90/4/1
f 86/5/1 92/7/1 91/6/1
f 85/8/1 92/7/1 86/5/1
f 85/8/1 93/9/1 92/7/1
f 84/10/1 93/9/1 85/8/1
f 84/10/1 94/11/1 93/9/1
f 83/12/1 94/11/1 84/10/1
f 83/12/1 95/13/1 94/11/1
f 82/14/1 95/13/1 83/12/1
f 82/14/1 96/15/1 95/13/1
f 82/14/1 97/16/1 96/15/1
f 81/17/1 97/16/1 82/14/1
f 81/17/1 98/18/1 97/16/1
f 80/19/1 98/18/1 81/17/1
f 80/19/1 99/20/1 98/18/1
f 79/21/1 99/20/1 80/19/1
f 79/21/1 100/22/1 99/20/1
f 79/21/1 101/23/1 100/22/1
f 78/24/1 101/23/1 79/21/1
f 78/24/1 102/25/1 101/23/1
f 78/24/1 103/26/1 102/25/1
f 103/26/1 105/27/1 104/28/1
f 103/26/1 106/29/1 105/27/1
f 78/24/1 106/29/1 103/26/1
f 78/24/1 107/30/1 106/29/1
f 77/31/1 107/30/1 78/24/1
f 77/31/1 108/32/1 107/30/1
f 77/31/1 6/33/1 108/32/1
f 77/31/1 7/34/1 6/33/1
f 77/31/1 8/35/1 7/34/1
f 76/36/1 8/35/1 77/31/1
f 76/36/1 9/37/1 8/35/1
f 76/36/1 10/38/1 9/37/1
f 75/39/1 10/38/1 76/36/1
f 75/39/1 11/40/1 10/38/1
f 74/41/1 11/40/1 75/39/1
f 74/41/1 12/42/1 11/40/1
f 73/43/1 13/44/1 74/41/1
f 13/44/1 12/42/1 74/41/1
f 71/45/1 73/43/1 72/46/1
f 73/43/1 14/47/1 13/44/1
f 71/45/1 14/47/1 73/43/1
f 71/45/1 16/48/1 14/47/1
f 16/48/1 15/49/1 14/47/1
f 71/45/1 17/50/1 16/48/1
f 70/51/1 17/50/1 71/45/1
f 70/51/1 61/52/1 17/50/1
f 61/52/1 18/53/1 17/50/1
f 69/54/1 61/52/1 70/51/1
f 69/54/1 62/55/1 61/52/1
f 60/56/1 18/53/1 61/52/1
f 69/54/1 63/57/1 62/55/1
f 60/56/1 19/58/1 18/53/1
f 69/54/1 64/59/1 63/57/1
f 68/60/1 64/59/1 69/54/1
f 60/56/1 20/61/1 19/58/1
f 68/60/1 65/62/1 64/59/1
f 67/63/1 65/62/1 68/60/1
f 67/63/1 66/64/1 65/62/1
f 60/56/1 21/65/1 20/61/1
f 5/66/1 2/67/1 1/68/1
f 4/69/1 2/67/1 5/66/1
f 4/69/1 3/70/1 2/67/1
f 60/56/1 22/71/1 21/65/1
f 60/56/1 23/72/1 22/71/1
f 60/56/1 24/73/1 23/72/1
f 59/74/1 24/73/1 60/56/1
f 59/74/1 25/75/1 24/73/1
f 58/76/1 25/75/1 59/74/1
f 58/76/1 26/77/1 25/75/1
f 57/78/1 26/77/1 58/76/1
f 57/78/1 27/79/1 26/77/1
f 56/80/1 27/79/1 57/78/1
f 55/81/1 27/79/1 56/80/1
f 54/82/1 27/79/1 55/81/1
f 54/82/1 28/83/1 27/79/1
f 53/84/1 28/83/1 54/82/1
f 53/84/1 29/85/1 28/83/1
f 52/86/1 29/85/1 53/84/1
f 52/86/1 30/87/1 29/85/1
f 51/88/1 30/87/1 52/86/1
f 51/88/1 31/89/1 30/87/1
f 50/90/1 31/89/1 51/88/1
f 50/90/1 32/91/1 31/89/1
f 49/92/1 32/91/1 50/90/1
f 49/92/1 33/93/1 32/91/1
f 48/94/1 33/93/1 49/92/1
f 47/95/1 33/93/1 48/94/1
f 47/95/1 34/96/1 33/93/1
f 47/95/1 35/97/1 34/96/1
f 46/98/1 35/97/1 47/95/1
f 46/98/1 36/99/1 35/97/1
f 45/100/1 36/99/1 46/98/1
f 45/100/1 37/101/1 36/99/1
f 44/102/1 37/101/1 45/100/1
f 37/101/1 39/103/1 38/104/1
f 37/101/1 40/105/1 39/103/1
f 44/102/1 40/105/1 37/101/1
f 43/106/1 40/105/1 44/102/1
f 43/106/1 41/107/1 40/105/1
f 42/108/1 41/107/1 43/106/1
f 196/109/1 198/110/1 197/111/1
f 196/109/1 199/112/1 198/110/1
f 196/109/1 200/113/1 199/112/1
f 195/114/1 200/113/1 196/109/1
f 195/114/1 201/115/1 200/113/1
f 194/116/1 201/115/1 195/114/1
f 192/117/1 194/116/1 193/118/1
f 192/117/1 201/115/1 194/116/1
f 192/117/1 202/119/1 201/115/1
f 191/120/1 202/119/1 192/117/1
f 191/120/1 203/121/1 202/119/1
f 190/122/1 203/121/1 191/120/1
f 190/122/1 204/123/1 203/121/1
f 189/124/1 204/123/1 190/122/1
f 189/124/1 205/125/1 204/123/1
f 188/126/1 205/125/1 189/124/1
f 188/126/1 206/127/1 205/125/1
f 187/128/1 206/127/1 188/126/1
f 187/128/1 207/129/1 206/127/1
f 186/130/1 207/129/1 187/128/1
f 185/131/1 207/129/1 186/130/1
f 185/131/1 208/132/1 207/129/1
f 184/133/1 208/132/1 185/131/1
f 184/133/1 209/134/1 208/132/1
f 183/135/1 209/134/1 184/133/1
f 182/136/1 209/134/1 183/135/1
f 182/136/1 210/137/1 209/134/1
f 181/138/1 210/137/1 182/136/1
f 180/139/1 210/137/1 181/138/1
f 180/139/1 211/140/1 210/137/1
f 180/139/1 212/141/1 211/140/1
f 179/142/1 212/141/1 180/139/1
f 178/143/1 212/141/1 179/142/1
f 178/143/1 213/144/1 212/141/1
f 177/145/1 213/144/1 178/143/1
f 177/145/1 214/146/1 213/144/1
f 176/147/1 214/146/1 177/145/1
f 176/147/1 215/148/1 214/146/1
f 175/149/1 215/148/1 176/147/1
f 175/149/1 216/150/1 215/148/1
f 218/151/1 220/152/1 219/153/1
f 174/154/1 216/150/1 175/149/1
f 218/151/1 221/155/1 220/152/1
f 218/151/1 222/156/1 221/155/1
f 217/157/1 222/156/1 218/151/1
f 217/157/1 223/158/1 222/156/1
f 217/157/1 224/159/1 223/158/1
f 216/150/1 224/159/1 217/157/1
f 173/160/1 216/150/1 174/154/1
f 173/160/1 224/159/1 216/150/1
f 173/160/1 225/161/1 224/159/1
f 172/162/1 225/161/1 173/160/1
f 172/162/1 135/163/1 225/161/1
f 135/163/1 134/164/1 225/161/1
f 134/164/1 226/165/1 225/161/1
f 172/162/1 136/166/1 135/163/1
f 133/167/1 226/165/1 134/164/1
f 171/168/1 136/166/1 172/162/1
f 171/168/1 137/169/1 136/166/1
f 132/170/1 226/165/1 133/167/1
f 171/168/1 138/171/1 137/169/1
f 131/172/1 226/165/1 132/170/1
f 131/172/1 227/173/1 226/165/1
f 170/174/1 138/171/1 171/168/1
f 170/174/1 139/175/1 138/171/1
f 130/176/1 227/173/1 131/172/1
f 130/176/1 228/177/1 227/173/1
f 169/178/1 139/175/1 170/174/1
f 129/179/1 228/177/1 130/176/1
f 168/180/1 139/175/1 169/178/1
f 168/180/1 140/181/1 139/175/1
f 128/182/1 228/177/1 129/179/1
f 128/182/1 229/183/1 228/177/1
f 127/184/1 229/183/1 128/182/1
f 168/180/1 141/185/1 140/181/1
f 167/186/1 141/185/1 168/180/1
f 126/187/1 229/183/1 127/184/1
f 167/186/1 142/188/1 141/185/1
f 126/187/1 230/189/1 229/183/1
f 166/190/1 142/188/1 167/186/1
f 125/191/1 230/189/1 126/187/1
f 166/190/1 143/192/1 142/188/1
f 124/193/1 230/189/1 125/191/1
f 124/193/1 231/194/1 230/189/1
f 123/195/1 231/194/1 124/193/1
f 166/190/1 144/196/1 143/192/1
f 165/197/1 144/196/1 166/190/1
f 123/195/1 232/198/1 231/194/1
f 122/199/1 232/198/1 123/195/1
f 165/197/1 145/200/1 144/196/1
f 164/201/1 145/200/1 165/197/1
f 121/202/1 232/198/1 122/199/1
f 164/201/1 146/203/1 145/200/1
f 121/202/1 233/204/1 232/198/1
f 163/205/1 146/203/1 164/201/1
f 120/206/1 233/204/1 121/202/1
f 120/206/1 234/207/1 233/204/1
f 162/208/1 146/203/1 163/205/1
f 120/206/1 235/32/1 234/207/1
f 119/209/1 235/32/1 120/206/1
f 161/210/1 146/203/1 162/208/1
f 161/210/1 147/211/1 146/203/1
f 160/212/1 147/211/1 161/210/1
f 119/209/1 109/68/1 235/32/1
f 118/213/1 109/68/1 119/209/1
f 159/214/1 147/211/1 160/212/1
f 118/213/1 110/215/1 109/68/1
f 159/214/1 148/216/1 147/211/1
f 117/217/1 110/215/1 118/213/1
f 158/218/1 148/216/1 159/214/1
f 117/217/1 111/219/1 110/215/1
f 116/220/1 111/219/1 117/217/1
f 158/218/1 149/221/1 148/216/1
f 115/222/1 111/219/1 116/220/1
f 115/222/1 112/223/1 111/219/1
f 114/224/1 112/223/1 115/222/1
f 158/218/1 150/225/1 149/221/1
f 114/224/1 113/226/1 112/223/1
f 157/227/1 150/225/1 158/218/1
f 157/227/1 151/228/1 150/225/1
f 156/229/1 151/228/1 157/227/1
f 156/229/1 152/230/1 151/228/1
f 155/231/1 152/230/1 156/229/1
f 155/231/1 153/232/1 152/230/1
f 154/233/1 153/232/1 155/231/1
f 318/234/1 320/235/1 319/236/1
f 318/234/1 321/237/1 320/235/1
f 327/238/1 329/239/1 328/240/1
f 318/234/1 322/241/1 321/237/1
f 326/242/1 329/239/1 327/238/1
f 317/243/1 322/241/1 318/234/1
f 326/242/1 236/68/1 329/239/1
f 317/243/1 323/244/1 322/241/1
f 325/245/1 236/68/1 326/242/1
f 325/245/1 237/246/1 236/68/1
f 316/247/1 323/244/1 317/243/1
f 316/247/1 324/248/1 323/244/1
f 315/249/1 324/248/1 316/247/1
f 324/248/1 237/246/1 325/245/1
f 315/249/1 237/246/1 324/248/1
f 315/249/1 238/250/1 237/246/1
f 314/251/1 238/250/1 315/249/1
f 314/251/1 239/252/1 238/250/1
f 314/251/1 240/253/1 239/252/1
f 313/254/1 240/253/1 314/251/1
f 313/254/1 241/255/1 240/253/1
f 312/256/1 241/255/1 313/254/1
f 312/256/1 345/257/1 241/255/1
f 345/257/1 242/258/1 241/255/1
f 312/256/1 346/259/1 345/257/1
f 344/260/1 242/258/1 345/257/1
f 311/261/1 346/259/1 312/256/1
f 311/261/1 347/262/1 346/259/1
f 343/263/1 242/258/1 344/260/1
f 311/261/1 348/264/1 347/262/1
f 310/265/1 348/264/1 311/261/1
f 343/263/1 243/266/1 242/258/1
f 310/265/1 349/267/1 348/264/1
f 342/268/1 243/266/1 343/263/1
f 310/265/1 350/269/1 349/267/1
f 342/268/1 244/270/1 243/266/1
f 310/265/1 351/271/1 350/269/1
f 309/272/1 351/271/1 310/265/1
f 341/273/1 244/270/1 342/268/1
f 341/273/1 245/274/1 244/270/1
f 308/275/1 351/271/1 309/272/1
f 308/275/1 352/276/1 351/271/1
f 307/277/1 352/276/1 308/275/1
f 340/278/1 245/274/1 341/273/1
f 307/277/1 353/279/1 352/276/1
f 339/280/1 245/274/1 340/278/1
f 339/280/1 246/281/1 245/274/1
f 306/282/1 353/279/1 307/277/1
f 305/283/1 353/279/1 306/282/1
f 305/283/1 354/284/1 353/279/1
f 338/285/1 246/281/1 339/280/1
f 338/285/1 247/286/1 246/281/1
f 305/283/1 355/287/1 354/284/1
f 304/288/1 355/287/1 305/283/1
f 337/289/1 247/286/1 338/285/1
f 304/288/1 356/290/1 355/287/1
f 303/291/1 356/290/1 304/288/1
f 360/32/1 247/286/1 337/289/1
f 360/32/1 248/292/1 247/286/1
f 303/291/1 357/293/1 356/290/1
f 302/294/1 357/293/1 303/291/1
f 301/295/1 357/293/1 302/294/1
f 359/296/1 248/292/1 360/32/1
f 301/295/1 358/297/1 357/293/1
f 358/297/1 248/292/1 359/296/1
f 301/295/1 248/292/1 358/297/1
f 301/295/1 295/298/1 248/292/1
f 295/298/1 249/299/1 248/292/1
f 300/300/1 295/298/1 301/295/1
f 300/300/1 296/301/1 295/298/1
f 294/302/1 249/299/1 295/298/1
f 300/300/1 297/303/1 296/301/1
f 299/304/1 297/303/1 300/300/1
f 294/302/1 250/305/1 249/299/1
f 298/162/1 297/303/1 299/304/1
f 293/306/1 250/305/1 294/302/1
f 293/306/1 251/307/1 250/305/1
f 292/308/1 251/307/1 293/306/1
f 336/309/1 331/310/1 330/311/1
f 335/312/1 331/310/1 336/309/1
f 335/312/1 332/313/1 331/310/1
f 292/308/1 252/314/1 251/307/1
f 334/315/1 332/313/1 335/312/1
f 291/316/1 252/314/1 292/308/1
f 334/315/1 333/317/1 332/313/1
f 290/318/1 252/314/1 291/316/1
f 290/318/1 253/319/1 252/314/1
f 290/318/1 254/320/1 253/319/1
f 289/321/1 254/320/1 290/318/1
f 289/321/1 255/322/1 254/320/1
f 288/323/1 255/322/1 289/321/1
f 288/323/1 256/324/1 255/322/1
f 287/325/1 256/324/1 288/323/1
f 287/325/1 257/326/1 256/324/1
f 286/327/1 257/326/1 287/325/1
f 286/327/1 258/328/1 257/326/1
f 285/329/1 258/328/1 286/327/1
f 272/330/1 274/331/1 273/332/1
f 285/329/1 259/333/1 258/328/1
f 271/334/1 274/331/1 272/330/1
f 271/334/1 275/335/1 274/331/1
f 284/336/1 259/333/1 285/329/1
f 271/334/1 276/337/1 275/335/1
f 270/338/1 276/337/1 271/334/1
f 284/336/1 260/339/1 259/333/1
f 283/340/1 260/339/1 284/336/1
f 270/338/1 277/341/1 276/337/1
f 269/342/1 277/341/1 270/338/1
f 269/342/1 278/343/1 277/341/1
f 282/344/1 260/339/1 283/340/1
f 268/345/1 278/343/1 269/342/1
f 268/345/1 279/346/1 278/343/1
f 282/344/1 261/347/1 260/339/1
f 281/348/1 261/347/1 282/344/1
f 268/345/1 280/349/1 279/346/1
f 280/349/1 261/347/1 281/348/1
f 267/350/1 280/349/1 268/345/1
f 267/350/1 261/347/1 280/349/1
f 267/350/1 262/351/1 261/347/1
f 266/352/1 262/351/1 267/350/1
f 266/352/1 263/353/1 262/351/1
f 265/354/1 263/353/1 266/352/1
f 264/355/1 263/353/1 265/354/1
f 431/112/1 428/356/1 427/357/1
f 430/358/1 428/356/1 431/112/1
f 430/358/1 429/359/1 428/356/1
f 458/360/1 432/361/1 459/32/1
f 457/362/1 432/361/1 458/360/1
f 457/362/1 433/363/1 432/361/1
f 456/364/1 433/363/1 457/362/1
f 455/365/1 433/363/1 456/364/1
f 455/365/1 434/366/1 433/363/1
f 454/367/1 434/366/1 455/365/1
f 454/367/1 435/368/1 434/366/1
f 453/369/1 435/368/1 454/367/1
f 452/165/1 435/368/1 453/369/1
f 452/165/1 436/370/1 435/368/1
f 452/165/1 437/371/1 436/370/1
f 451/372/1 437/371/1 452/165/1
f 451/372/1 438/132/1 437/371/1
f 450/373/1 438/132/1 451/372/1
f 450/373/1 439/374/1 438/132/1
f 449/375/1 439/374/1 450/373/1
f 449/375/1 440/376/1 439/374/1
f 448/377/1 440/376/1 449/375/1
f 448/377/1 441/378/1 440/376/1
f 447/379/1 441/378/1 448/377/1
f 447/379/1 442/380/1 441/378/1
f 446/381/1 442/380/1 447/379/1
f 446/381/1 443/382/1 442/380/1
f 445/157/1 443/382/1 446/381/1
f 444/383/1 443/382/1 445/157/1
f 419/384/1 421/385/1 420/386/1
f 418/387/1 421/385/1 419/384/1
f 418/387/1 422/388/1 421/385/1
f 417/138/1 422/388/1 418/387/1
f 417/138/1 423/389/1 422/388/1
f 416/390/1 423/389/1 417/138/1
f 416/390/1 424/122/1 423/389/1
f 416/390/1 425/391/1 424/122/1
f 416/390/1 426/392/1 425/391/1
f 415/393/1 426/392/1 416/390/1
f 415/393/1 361/68/1 426/392/1
f 415/393/1 362/394/1 361/68/1
f 414/395/1 362/394/1 415/393/1
f 414/395/1 363/396/1 362/394/1
f 413/397/1 363/396/1 414/395/1
f 413/397/1 364/398/1 363/396/1
f 413/397/1 365/399/1 364/398/1
f 413/397/1 366/400/1 365/399/1
f 412/401/1 366/400/1 413/397/1
f 412/401/1 367/402/1 366/400/1
f 411/403/1 367/402/1 412/401/1
f 411/403/1 368/213/1 367/402/1
f 411/403/1 369/404/1 368/213/1
f 411/403/1 370/405/1 369/404/1
f 410/162/1 370/405/1 411/403/1
f 410/162/1 371/406/1 370/405/1
f 409/407/1 371/406/1 410/162/1
f 409/407/1 372/408/1 371/406/1
f 408/409/1 372/408/1 409/407/1
f 407/410/1 372/408/1 408/409/1
f 407/410/1 373/411/1 372/408/1
f 406/412/1 373/411/1 407/410/1
f 405/413/1 373/411/1 406/412/1
f 405/413/1 374/414/1 373/411/1
f 404/415/1 374/414/1 405/413/1
f 403/205/1 374/414/1 404/415/1
f 403/205/1 375/184/1 374/414/1
f 402/416/1 375/184/1 403/205/1
f 402/416/1 376/417/1 375/184/1
f 401/418/1 376/417/1 402/416/1
f 401/418/1 377/419/1 376/417/1
f 400/420/1 377/419/1 401/418/1
f 400/420/1 378/421/1 377/419/1
f 400/420/1 379/422/1 378/421/1
f 399/423/1 379/422/1 400/420/1
f 399/423/1 380/424/1 379/422/1
f 398/425/1 380/424/1 399/423/1
f 398/425/1 381/426/1 380/424/1
f 397/427/1 381/426/1 398/425/1
f 396/233/1 381/426/1 397/427/1
f 396/233/1 382/166/1 381/426/1
f 395/428/1 382/166/1 396/233/1
f 395/428/1 383/429/1 382/166/1
f 395/428/1 384/430/1 383/429/1
f 394/431/1 384/430/1 395/428/1
f 393/432/1 384/430/1 394/431/1
f 393/432/1 385/433/1 384/430/1
f 392/434/1 385/433/1 393/432/1
f 392/434/1 386/435/1 385/433/1
f 391/436/1 386/435/1 392/434/1
f 391/436/1 387/437/1 386/435/1
f 390/438/1 387/437/1 391/436/1
f 390/438/1 388/439/1 387/437/1
f 389/200/1 388/439/1 390/438/1
f 558/440/1 560/441/1 559/442/1
f 558/440/1 561/443/1 560/441/1
f 557/444/1 561/443/1 558/440/1
f 557/444/1 562/177/1 561/443/1
f 556/155/1 562/177/1 557/444/1
f 556/155/1 563/445/1 562/177/1
f 556/155/1 564/446/1 563/445/1
f 555/447/1 564/446/1 556/155/1
f 555/447/1 565/448/1 564/446/1
f 555/447/1 566/449/1 565/448/1
f 555/447/1 567/450/1 566/449/1
f 554/451/1 567/450/1 555/447/1
f 553/452/1 567/450/1 554/451/1
f 553/452/1 568/32/1 567/450/1
f 553/452/1 460/68/1 568/32/1
f 552/453/1 460/68/1 553/452/1
f 552/453/1 461/454/1 460/68/1
f 551/455/1 461/454/1 552/453/1
f 550/146/1 461/454/1 551/455/1
f 548/456/1 550/146/1 549/457/1
f 548/456/1 461/454/1 550/146/1
f 548/456/1 462/458/1 461/454/1
f 547/459/1 462/458/1 548/456/1
f 547/459/1 468/460/1 462/458/1
f 468/460/1 467/461/1 462/458/1
f 467/461/1 463/462/1 462/458/1
f 547/459/1 469/463/1 468/460/1
f 466/220/1 463/462/1 467/461/1
f 547/459/1 470/464/1 469/463/1
f 466/220/1 464/465/1 463/462/1
f 546/466/1 470/464/1 547/459/1
f 465/467/1 464/465/1 466/220/1
f 546/466/1 471/468/1 470/464/1
f 546/466/1 472/195/1 471/468/1
f 546/466/1 473/469/1 472/195/1
f 546/466/1 474/470/1 473/469/1
f 545/471/1 474/470/1 546/466/1
f 545/471/1 475/472/1 474/470/1
f 544/129/1 475/472/1 545/471/1
f 544/129/1 476/473/1 475/472/1
f 543/474/1 476/473/1 544/129/1
f 543/474/1 477/475/1 476/473/1
f 543/474/1 478/176/1 477/475/1
f 542/476/1 478/176/1 543/474/1
f 542/476/1 479/477/1 478/176/1
f 541/239/1 479/477/1 542/476/1
f 541/239/1 480/478/1 479/477/1
f 541/239/1 481/479/1 480/478/1
f 540/480/1 481/479/1 541/239/1
f 540/480/1 482/481/1 481/479/1
f 540/480/1 483/482/1 482/481/1
f 540/480/1 484/169/1 483/482/1
f 539/483/1 484/169/1 540/480/1
f 539/483/1 485/484/1 484/169/1
f 538/113/1 485/484/1 539/483/1
f 538/113/1 486/485/1 485/484/1
f 538/113/1 487/350/1 486/485/1
f 538/113/1 488/486/1 487/350/1
f 488/486/1 490/196/1 489/487/1
f 488/486/1 491/488/1 490/196/1
f 538/113/1 491/488/1 488/486/1
f 538/113/1 492/489/1 491/488/1
f 538/113/1 493/490/1 492/489/1
f 493/490/1 495/491/1 494/492/1
f 538/113/1 502/218/1 493/490/1
f 502/218/1 495/491/1 493/490/1
f 502/218/1 496/228/1 495/491/1
f 502/218/1 500/493/1 496/228/1
f 500/493/1 499/494/1 496/228/1
f 499/494/1 497/495/1 496/228/1
f 502/218/1 501/496/1 500/493/1
f 498/497/1 497/495/1 499/494/1
f 538/113/1 503/498/1 502/218/1
f 538/113/1 504/499/1 503/498/1
f 537/500/1 504/499/1 538/113/1
f 537/500/1 505/501/1 504/499/1
f 537/500/1 506/502/1 505/501/1
f 537/500/1 507/503/1 506/502/1
f 536/504/1 507/503/1 537/500/1
f 536/504/1 508/197/1 507/503/1
f 535/505/1 508/197/1 536/504/1
f 535/505/1 509/506/1 508/197/1
f 534/507/1 509/506/1 535/505/1
f 534/507/1 510/508/1 509/506/1
f 533/509/1 510/508/1 534/507/1
f 533/509/1 511/510/1 510/508/1
f 532/118/1 511/510/1 533/509/1
f 532/118/1 512/511/1 511/510/1
f 531/512/1 512/511/1 532/118/1
f 531/512/1 513/513/1 512/511/1
f 530/514/1 513/513/1 531/512/1
f 530/514/1 514/162/1 513/513/1
f 529/515/1 514/162/1 530/514/1
f 529/515/1 515/516/1 514/162/1
f 528/517/1 515/516/1 529/515/1
f 528/517/1 516/518/1 515/516/1
f 527/519/1 516/518/1 528/517/1
f 526/130/1 516/518/1 527/519/1
f 526/130/1 517/520/1 516/518/1
f 525/521/1 517/520/1 526/130/1
f 525/521/1 518/522/1 517/520/1
f 524/523/1 518/522/1 525/521/1
f 524/523/1 519/524/1 518/522/1
f 523/525/1 519/524/1 524/523/1
f 523/525/1 520/142/1 519/524/1
f 523/525/1 521/526/1 520/142/1
f 522/527/1 521/526/1 523/525/1
f 655/1/2 656/3/2 657/2/2
f 655/1/2 657/2/2 658/4/2
f 654/5/2 655/1/2 658/4/2
f 654/5/2 658/4/2 659/6/2
f 654/5/2 659/6/2 660/7/2
f 653/8/2 654/5/2 660/7/2
f 653/8/2 660/7/2 661/9/2
f 652/10/2 653/8/2 661/9/2
f 652/10/2 661/9/2 662/11/2
f 651/12/2 652/10/2 662/11/2
f 651/12/2 662/11/2 663/13/2
f 650/14/2 651/12/2 663/13/2
f 650/14/2 663/13/2 664/15/2
f 650/14/2 664/15/2 665/16/2
f 649/17/2 650/14/2 665/16/2
f 649/17/2 665/16/2 666/18/2
f 648/19/2 649/17/2 666/18/2
f 648/19/2 666/18/2 667/20/2
f 647/21/2 648/19/2 667/20/2
f 647/21/2 667/20/2 668/22/2
f 647/21/2 668/22/2 669/23/2
f 646/24/2 647/21/2 669/23/2
f 646/24/2 669/23/2 670/25/2
f 646/24/2 670/25/2 671/26/2
f 671/26/2 672/28/2 673/27/2
f 671/26/2 673/27/2 674/29/2
f 646/24/2 671/26/2 674/29/2
f 646/24/2 674/29/2 675/30/2
f 645/31/2 646/24/2 675/30/2
f 645/31/2 675/30/2 676/32/2
f 645/31/2 676/32/2 574/33/2
f 645/31/2 574/33/2 575/34/2
f 645/31/2 575/34/2 576/35/2
f 644/36/2 645/31/2 576/35/2
f 644/36/2 576/35/2 577/37/2
f 644/36/2 577/37/2 578/38/2
f 643/39/2 644/36/2 578/38/2
f 643/39/2 578/38/2 579/40/2
f 642/41/2 643/39/2 579/40/2
f 642/41/2 579/40/2 580/42/2
f 641/43/2 642/41/2 581/44/2
f 581/44/2 642/41/2 580/42/2
f 639/45/2 640/46/2 641/43/2
f 641/43/2 581/44/2 582/47/2
f 639/45/2 641/43/2 582/47/2
f 639/45/2 582/47/2 584/48/2
f 584/48/2 582/47/2 583/49/2
f 639/45/2 584/48/2 585/50/2
f 638/51/2 639/45/2 585/50/2
f 638/51/2 585/50/2 629/52/2
f 629/52/2 585/50/2 586/53/2
f 637/54/2 638/51/2 629/52/2
f 637/54/2 629/52/2 630/55/2
f 628/56/2 629/52/2 586/53/2
f 637/54/2 630/55/2 631/57/2
f 628/56/2 586/53/2 587/58/2
f 637/54/2 631/57/2 632/59/2
f 636/60/2 637/54/2 632/59/2
f 628/56/2 587/58/2 588/61/2
f 636/60/2 632/59/2 633/62/2
f 635/63/2 636/60/2 633/62/2
f 635/63/2 633/62/2 634/64/2
f 628/56/2 588/61/2 589/65/2
f 573/66/2 569/68/2 570/67/2
f 572/69/2 573/66/2 570/67/2
f 572/69/2 570/67/2 571/70/2
f 628/56/2 589/65/2 590/71/2
f 628/56/2 590/71/2 591/72/2
f 628/56/2 591/72/2 592/73/2
f 627/74/2 628/56/2 592/73/2
f 627/74/2 592/73/2 593/75/2
f 626/76/2 627/74/2 593/75/2
f 626/76/2 593/75/2 594/77/2
f 625/78/2 626/76/2 594/77/2
f 625/78/2 594/77/2 595/79/2
f 624/80/2 625/78/2 595/79/2
f 623/81/2 624/80/2 595/79/2
f 622/82/2 623/81/2 595/79/2
f 622/82/2 595/79/2 596/83/2
f 621/84/2 622/82/2 596/83/2
f 621/84/2 596/83/2 597/85/2
f 620/86/2 621/84/2 597/85/2
f 620/86/2 597/85/2 598/87/2
f 619/88/2 620/86/2 598/87/2
f 619/88/2 598/87/2 599/89/2
f 618/90/2 619/88/2 599/89/2
f 618/90/2 599/89/2 600/91/2
f 617/92/2 618/90/2 600/91/2
f 617/92/2 600/91/2 601/93/2
f 616/94/2 617/92/2 601/93/2
f 615/95/2 616/94/2 601/93/2
f 615/95/2 601/93/2 602/96/2
f 615/95/2 602/96/2 603/97/2
f 614/98/2 615/95/2 603/97/2
f 614/98/2 603/97/2 604/99/2
f 613/100/2 614/98/2 604/99/2
f 613/100/2 604/99/2 605/101/2
f 612/102/2 613/100/2 605/101/2
f 605/101/2 606/104/2 607/103/2
f 605/101/2 607/103/2 608/105/2
f 612/102/2 605/101/2 608/105/2
f 611/106/2 612/102/2 608/105/2
f 611/106/2 608/105/2 609/107/2
f 610/108/2 611/106/2 609/107/2
f 764/109/2 765/111/2 766/110/2
f 764/109/2 766/110/2 767/112/2
f 764/109/2 767/112/2 768/113/2
f 763/114/2 764/109/2 768/113/2
f 763/114/2 768/113/2 769/115/2
f 762/116/2 763/114/2 769/115/2
f 760/117/2 761/118/2 762/116/2
f 760/117/2 762/116/2 769/115/2
f 760/117/2 769/115/2 770/119/2
f 759/120/2 760/117/2 770/119/2
f 759/120/2 770/119/2 771/121/2
f 758/122/2 759/120/2 771/121/2
f 758/122/2 771/121/2 772/123/2
f 757/124/2 758/122/2 772/123/2
f 757/124/2 772/123/2 773/125/2
f 756/126/2 757/124/2 773/125/2
f 756/126/2 773/125/2 774/127/2
f 755/128/2 756/126/2 774/127/2
f 755/128/2 774/127/2 775/129/2
f 754/130/2 755/128/2 775/129/2
f 753/131/2 754/130/2 775/129/2
f 753/131/2 775/129/2 776/132/2
f 752/133/2 753/131/2 776/132/2
f 752/133/2 776/132/2 777/134/2
f 751/135/2 752/133/2 777/134/2
f 750/136/2 751/135/2 777/134/2
f 750/136/2 777/134/2 778/137/2
f 749/138/2 750/136/2 778/137/2
f 748/139/2 749/138/2 778/137/2
f 748/139/2 778/137/2 779/140/2
f 748/139/2 779/140/2 780/141/2
f 747/142/2 748/139/2 780/141/2
f 746/143/2 747/142/2 780/141/2
f 746/143/2 780/141/2 781/144/2
f 745/145/2 746/143/2 781/144/2
f 745/145/2 781/144/2 782/146/2
f 744/147/2 745/145/2 782/146/2
f 744/147/2 782/146/2 783/148/2
f 743/149/2 744/147/2 783/148/2
f 743/149/2 783/148/2 784/150/2
f 786/151/2 787/153/2 788/152/2
f 742/154/2 743/149/2 784/150/2
f 786/151/2 788/152/2 789/155/2
f 786/151/2 789/155/2 790/156/2
f 785/157/2 786/151/2 790/156/2
f 785/157/2 790/156/2 791/158/2
f 785/157/2 791/158/2 792/159/2
f 784/150/2 785/157/2 792/159/2
f 741/160/2 742/154/2 784/150/2
f 741/160/2 784/150/2 792/159/2
f 741/160/2 792/159/2 793/161/2
f 740/162/2 741/160/2 793/161/2
f 740/162/2 793/161/2 703/163/2
f 703/163/2 793/161/2 702/164/2
f 702/164/2 793/161/2 794/165/2
f 740/162/2 703/163/2 704/166/2
f 701/167/2 702/164/2 794/165/2
f 739/168/2 740/162/2 704/166/2
f 739/168/2 704/166/2 705/169/2
f 700/170/2 701/167/2 794/165/2
f 739/168/2 705/169/2 706/171/2
f 699/172/2 700/170/2 794/165/2
f 699/172/2 794/165/2 795/173/2
f 738/174/2 739/168/2 706/171/2
f 738/174/2 706/171/2 707/175/2
f 698/176/2 699/172/2 795/173/2
f 698/176/2 795/173/2 796/177/2
f 737/178/2 738/174/2 707/175/2
f 697/179/2 698/176/2 796/177/2
f 736/180/2 737/178/2 707/175/2
f 736/180/2 707/175/2 708/181/2
f 696/182/2 697/179/2 796/177/2
f 696/182/2 796/177/2 797/183/2
f 695/184/2 696/182/2 797/183/2
f 736/180/2 708/181/2 709/185/2
f 735/186/2 736/180/2 709/185/2
f 694/187/2 695/184/2 797/183/2
f 735/186/2 709/185/2 710/188/2
f 694/187/2 797/183/2 798/189/2
f 734/190/2 735/186/2 710/188/2
f 693/191/2 694/187/2 798/189/2
f 734/190/2 710/188/2 711/192/2
f 692/193/2 693/191/2 798/189/2
f 692/193/2 798/189/2 799/194/2
f 691/195/2 692/193/2 799/194/2
f 734/190/2 711/192/2 712/196/2
f 733/197/2 734/190/2 712/196/2
f 691/195/2 799/194/2 800/198/2
f 690/199/2 691/195/2 800/198/2
f 733/197/2 712/196/2 713/200/2
f 732/201/2 733/197/2 713/200/2
f 689/202/2 690/199/2 800/198/2
f 732/201/2 713/200/2 714/203/2
f 689/202/2 800/198/2 801/204/2
f 731/205/2 732/201/2 714/203/2
f 688/206/2 689/202/2 801/204/2
f 688/206/2 801/204/2 802/207/2
f 730/208/2 731/205/2 714/203/2
f 688/206/2 802/207/2 803/32/2
f 687/209/2 688/206/2 803/32/2
f 729/210/2 730/208/2 714/203/2
f 729/210/2 714/203/2 715/211/2
f 728/212/2 729/210/2 715/211/2
f 687/209/2 803/32/2 677/68/2
f 686/213/2 687/209/2 677/68/2
f 727/214/2 728/212/2 715/211/2
f 686/213/2 677/68/2 678/215/2
f 727/214/2 715/211/2 716/216/2
f 685/217/2 686/213/2 678/215/2
f 726/218/2 727/214/2 716/216/2
f 685/217/2 678/215/2 679/219/2
f 684/220/2 685/217/2 679/219/2
f 726/218/2 716/216/2 717/221/2
f 683/222/2 684/220/2 679/219/2
f 683/222/2 679/219/2 680/223/2
f 682/224/2 683/222/2 680/223/2
f 726/218/2 717/221/2 718/225/2
f 682/224/2 680/223/2 681/226/2
f 725/227/2 726/218/2 718/225/2
f 725/227/2 718/225/2 719/228/2
f 724/229/2 725/227/2 719/228/2
f 724/229/2 719/228/2 720/230/2
f 723/231/2 724/229/2 720/230/2
f 723/231/2 720/230/2 721/232/2
f 722/233/2 723/231/2 721/232/2
f 886/234/2 887/236/2 888/235/2
f 886/234/2 888/235/2 889/237/2
f 895/238/2 896/240/2 897/239/2
f 886/234/2 889/237/2 890/241/2
f 894/242/2 895/238/2 897/239/2
f 885/243/2 886/234/2 890/241/2
f 894/242/2 897/239/2 804/68/2
f 885/243/2 890/241/2 891/244/2
f 893/245/2 894/242/2 804/68/2
f 893/245/2 804/68/2 805/246/2
f 884/247/2 885/243/2 891/244/2
f 884/247/2 891/244/2 892/248/2
f 883/249/2 884/247/2 892/248/2
f 892/248/2 893/245/2 805/246/2
f 883/249/2 892/248/2 805/246/2
f 883/249/2 805/246/2 806/250/2
f 882/251/2 883/249/2 806/250/2
f 882/251/2 806/250/2 807/252/2
f 882/251/2 807/252/2 808/253/2
f 881/254/2 882/251/2 808/253/2
f 881/254/2 808/253/2 809/255/2
f 880/256/2 881/254/2 809/255/2
f 880/256/2 809/255/2 913/257/2
f 913/257/2 809/255/2 810/258/2
f 880/256/2 913/257/2 914/259/2
f 912/260/2 913/257/2 810/258/2
f 879/261/2 880/256/2 914/259/2
f 879/261/2 914/259/2 915/262/2
f 911/263/2 912/260/2 810/258/2
f 879/261/2 915/262/2 916/264/2
f 878/265/2 879/261/2 916/264/2
f 911/263/2 810/258/2 811/266/2
f 878/265/2 916/264/2 917/267/2
f 910/268/2 911/263/2 811/266/2
f 878/265/2 917/267/2 918/269/2
f 910/268/2 811/266/2 812/270/2
f 878/265/2 918/269/2 919/271/2
f 877/272/2 878/265/2 919/271/2
f 909/273/2 910/268/2 812/270/2
f 909/273/2 812/270/2 813/274/2
f 876/275/2 877/272/2 919/271/2
f 876/275/2 919/271/2 920/276/2
f 875/277/2 876/275/2 920/276/2
f 908/278/2 909/273/2 813/274/2
f 875/277/2 920/276/2 921/279/2
f 907/280/2 908/278/2 813/274/2
f 907/280/2 813/274/2 814/281/2
f 874/282/2 875/277/2 921/279/2
f 873/283/2 874/282/2 921/279/2
f 873/283/2 921/279/2 922/284/2
f 906/285/2 907/280/2 814/281/2
f 906/285/2 814/281/2 815/286/2
f 873/283/2 922/284/2 923/287/2
f 872/288/2 873/283/2 923/287/2
f 905/289/2 906/285/2 815/286/2
f 872/288/2 923/287/2 924/290/2
f 871/291/2 872/288/2 924/290/2
f 928/32/2 905/289/2 815/286/2
f 928/32/2 815/286/2 816/292/2
f 871/291/2 924/290/2 925/293/2
f 870/294/2 871/291/2 925/293/2
f 869/295/2 870/294/2 925/293/2
f 927/296/2 928/32/2 816/292/2
f 869/295/2 925/293/2 926/297/2
f 926/297/2 927/296/2 816/292/2
f 869/295/2 926/297/2 816/292/2
f 869/295/2 816/292/2 863/298/2
f 863/298/2 816/292/2 817/299/2
f 868/300/2 869/295/2 863/298/2
f 868/300/2 863/298/2 864/301/2
f 862/302/2 863/298/2 817/299/2
f 868/300/2 864/301/2 865/303/2
f 867/304/2 868/300/2 865/303/2
f 862/302/2 817/299/2 818/305/2
f 866/162/2 867/304/2 865/303/2
f 861/306/2 862/302/2 818/305/2
f 861/306/2 818/305/2 819/307/2
f 860/308/2 861/306/2 819/307/2
f 904/309/2 898/311/2 899/310/2
f 903/312/2 904/309/2 899/310/2
f 903/312/2 899/310/2 900/313/2
f 860/308/2 819/307/2 820/314/2
f 902/315/2 903/312/2 900/313/2
f 859/316/2 860/308/2 820/314/2
f 902/315/2 900/313/2 901/317/2
f 858/318/2 859/316/2 820/314/2
f 858/318/2 820/314/2 821/319/2
f 858/318/2 821/319/2 822/320/2
f 857/321/2 858/318/2 822/320/2
f 857/321/2 822/320/2 823/322/2
f 856/323/2 857/321/2 823/322/2
f 856/323/2 823/322/2 824/324/2
f 855/325/2 856/323/2 824/324/2
f 855/325/2 824/324/2 825/326/2
f 854/327/2 855/325/2 825/326/2
f 854/327/2 825/326/2 826/328/2
f 853/329/2 854/327/2 826/328/2
f 840/330/2 841/332/2 842/331/2
f 853/329/2 826/328/2 827/333/2
f 839/334/2 840/330/2 842/331/2
f 839/334/2 842/331/2 843/335/2
f 852/336/2 853/329/2 827/333/2
f 839/334/2 843/335/2 844/337/2
f 838/338/2 839/334/2 844/337/2
f 852/336/2 827/333/2 828/339/2
f 851/340/2 852/336/2 828/339/2
f 838/338/2 844/337/2 845/341/2
f 837/342/2 838/338/2 845/341/2
f 837/342/2 845/341/2 846/343/2
f 850/344/2 851/340/2 828/339/2
f 836/345/2 837/342/2 846/343/2
f 836/345/2 846/343/2 847/346/2
f 850/344/2 828/339/2 829/347/2
f 849/348/2 850/344/2 829/347/2
f 836/345/2 847/346/2 848/349/2
f 848/349/2 849/348/2 829/347/2
f 835/350/2 836/345/2 848/349/2
f 835/350/2 848/349/2 829/347/2
f 835/350/2 829/347/2 830/351/2
f 834/352/2 835/350/2 830/351/2
f 834/352/2 830/351/2 831/353/2
f 833/354/2 834/352/2 831/353/2
f 832/355/2 833/354/2 831/353/2
f 999/112/2 995/357/2 996/356/2
f 998/358/2 999/112/2 996/356/2
f 998/358/2 996/356/2 997/359/2
f 1026/360/2 1027/32/2 1000/361/2
f 1025/362/2 1026/360/2 1000/361/2
f 1025/362/2 1000/361/2 1001/363/2
f 1024/364/2 1025/362/2 1001/363/2
f 1023/365/2 1024/364/2 1001/363/2
f 1023/365/2 1001/363/2 1002/366/2
f 1022/367/2 1023/365/2 1002/366/2
f 1022/367/2 1002/366/2 1003/368/2
f 1021/369/2 1022/367/2 1003/368/2
f 1020/165/2 1021/369/2 1003/368/2
f 1020/165/2 1003/368/2 1004/370/2
f 1020/165/2 1004/370/2 1005/371/2
f 1019/372/2 1020/165/2 1005/371/2
f 1019/372/2 1005/371/2 1006/132/2
f 1018/373/2 1019/372/2 1006/132/2
f 1018/373/2 1006/132/2 1007/374/2
f 1017/375/2 1018/373/2 1007/374/2
f 1017/375/2 1007/374/2 1008/376/2
f 1016/377/2 1017/375/2 1008/376/2
f 1016/377/2 1008/376/2 1009/378/2
f 1015/379/2 1016/377/2 1009/378/2
f 1015/379/2 1009/378/2 1010/380/2
f 1014/381/2 1015/379/2 1010/380/2
f 1014/381/2 1010/380/2 1011/382/2
f 1013/157/2 1014/381/2 1011/382/2
f 1012/383/2 1013/157/2 1011/382/2
f 987/384/2 988/386/2 989/385/2
f 986/387/2 987/384/2 989/385/2
f 986/387/2 989/385/2 990/388/2
f 985/138/2 986/387/2 990/388/2
f 985/138/2 990/388/2 991/389/2
f 984/390/2 985/138/2 991/389/2
f 984/390/2 991/389/2 992/122/2
f 984/390/2 992/122/2 993/391/2
f 984/390/2 993/391/2 994/392/2
f 983/393/2 984/390/2 994/392/2
f 983/393/2 994/392/2 929/68/2
f 983/393/2 929/68/2 930/394/2
f 982/395/2 983/393/2 930/394/2
f 982/395/2 930/394/2 931/396/2
f 981/397/2 982/395/2 931/396/2
f 981/397/2 931/396/2 932/398/2
f 981/397/2 932/398/2 933/399/2
f 981/397/2 933/399/2 934/400/2
f 980/401/2 981/397/2 934/400/2
f 980/401/2 934/400/2 935/402/2
f 979/403/2 980/401/2 935/402/2
f 979/403/2 935/402/2 936/213/2
f 979/403/2 936/213/2 937/404/2
f 979/403/2 937/404/2 938/405/2
f 978/162/2 979/403/2 938/405/2
f 978/162/2 938/405/2 939/406/2
f 977/407/2 978/162/2 939/406/2
f 977/407/2 939/406/2 940/408/2
f 976/409/2 977/407/2 940/408/2
f 975/410/2 976/409/2 940/408/2
f 975/410/2 940/408/2 941/411/2
f 974/412/2 975/410/2 941/411/2
f 973/413/2 974/412/2 941/411/2
f 973/413/2 941/411/2 942/414/2
f 972/415/2 973/413/2 942/414/2
f 971/205/2 972/415/2 942/414/2
f 971/205/2 942/414/2 943/184/2
f 970/416/2 971/205/2 943/184/2
f 970/416/2 943/184/2 944/417/2
f 969/418/2 970/416/2 944/417/2
f 969/418/2 944/417/2 945/419/2
f 968/420/2 969/418/2 945/419/2
f 968/420/2 945/419/2 946/421/2
f 968/420/2 946/421/2 947/422/2
f 967/423/2 968/420/2 947/422/2
f 967/423/2 947/422/2 948/424/2
f 966/425/2 967/423/2 948/424/2
f 966/425/2 948/424/2 949/426/2
f 965/427/2 966/425/2 949/426/2
f 964/233/2 965/427/2 949/426/2
f 964/233/2 949/426/2 950/166/2
f 963/428/2 964/233/2 950/166/2
f 963/428/2 950/166/2 951/429/2
f 963/428/2 951/429/2 952/430/2
f 962/431/2 963/428/2 952/430/2
f 961/432/2 962/431/2 952/430/2
f 961/432/2 952/430/2 953/433/2
f 960/434/2 961/432/2 953/433/2
f 960/434/2 953/433/2 954/435/2
f 959/436/2 960/434/2 954/435/2
f 959/436/2 954/435/2 955/437/2
f 958/438/2 959/436/2 955/437/2
f 958/438/2 955/437/2 956/439/2
f 957/200/2 958/438/2 956/439/2
f 1126/440/2 1127/442/2 1128/441/2
f 1126/440/2 1128/441/2 1129/443/2
f 1125/444/2 1126/440/2 1129/443/2
f 1125/444/2 1129/443/2 1130/177/2
f 1124/155/2 1125/444/2 1130/177/2
f 1124/155/2 1130/177/2 1131/445/2
f 1124/155/2 1131/445/2 1132/446/2
f 1123/447/2 1124/155/2 1132/446/2
f 1123/447/2 1132/446/2 1133/448/2
f 1123/447/2 1133/448/2 1134/449/2
f 1123/447/2 1134/449/2 1135/450/2
f 1122/451/2 1123/447/2 1135/450/2
f 1121/452/2 1122/451/2 1135/450/2
f 1121/452/2 1135/450/2 1136/32/2
f 1121/452/2 1136/32/2 1028/68/2
f 1120/453/2 1121/452/2 1028/68/2
f 1120/453/2 1028/68/2 1029/454/2
f 1119/455/2 1120/453/2 1029/454/2
f 1118/146/2 1119/455/2 1029/454/2
f 1116/456/2 1117/457/2 1118/146/2
f 1116/456/2 1118/146/2 1029/454/2
f 1116/456/2 1029/454/2 1030/458/2
f 1115/459/2 1116/456/2 1030/458/2
f 1115/459/2 1030/458/2 1036/460/2
f 1036/460/2 1030/458/2 1035/461/2
f 1035/461/2 1030/458/2 1031/462/2
f 1115/459/2 1036/460/2 1037/463/2
f 1034/220/2 1035/461/2 1031/462/2
f 1115/459/2 1037/463/2 1038/464/2
f 1034/220/2 1031/462/2 1032/465/2
f 1114/466/2 1115/459/2 1038/464/2
f 1033/467/2 1034/220/2 1032/465/2
f 1114/466/2 1038/464/2 1039/468/2
f 1114/466/2 1039/468/2 1040/195/2
f 1114/466/2 1040/195/2 1041/469/2
f 1114/466/2 1041/469/2 1042/470/2
f 1113/471/2 1114/466/2 1042/470/2
f 1113/471/2 1042/470/2 1043/472/2
f 1112/129/2 1113/471/2 1043/472/2
f 1112/129/2 1043/472/2 1044/473/2
f 1111/474/2 1112/129/2 1044/473/2
f 1111/474/2 1044/473/2 1045/475/2
f 1111/474/2 1045/475/2 1046/176/2
f 1110/476/2 1111/474/2 1046/176/2
f 1110/476/2 1046/176/2 1047/477/2
f 1109/239/2 1110/476/2 1047/477/2
f 1109/239/2 1047/477/2 1048/478/2
f 1109/239/2 1048/478/2 1049/479/2
f 1108/480/2 1109/239/2 1049/479/2
f 1108/480/2 1049/479/2 1050/481/2
f 1108/480/2 1050/481/2 1051/482/2
f 1108/480/2 1051/482/2 1052/169/2
f 1107/483/2 1108/480/2 1052/169/2
f 1107/483/2 1052/169/2 1053/484/2
f 1106/113/2 1107/483/2 1053/484/2
f 1106/113/2 1053/484/2 1054/485/2
f 1106/113/2 1054/485/2 1055/350/2
f 1106/113/2 1055/350/2 1056/486/2
f 1056/486/2 1057/487/2 1058/196/2
f 1056/486/2 1058/196/2 1059/488/2
f 1106/113/2 1056/486/2 1059/488/2
f 1106/113/2 1059/488/2 1060/489/2
f 1106/113/2 1060/489/2 1061/490/2
f 1061/490/2 1062/492/2 1063/491/2
f 1106/113/2 1061/490/2 1070/218/2
f 1070/218/2 1061/490/2 1063/491/2
f 1070/218/2 1063/491/2 1064/228/2
f 1070/218/2 1064/228/2 1068/493/2
f 1068/493/2 1064/228/2 1067/494/2
f 1067/494/2 1064/228/2 1065/495/2
f 1070/218/2 1068/493/2 1069/496/2
f 1066/497/2 1067/494/2 1065/495/2
f 1106/113/2 1070/218/2 1071/498/2
f 1106/113/2 1071/498/2 1072/499/2
f 1105/500/2 1106/113/2 1072/499/2
f 1105/500/2 1072/499/2 1073/501/2
f 1105/500/2 1073/501/2 1074/502/2
f 1105/500/2 1074/502/2 1075/503/2
f 1104/504/2 1105/500/2 1075/503/2
f 1104/504/2 1075/503/2 1076/197/2
f 1103/505/2 1104/504/2 1076/197/2
f 1103/505/2 1076/197/2 1077/506/2
f 1102/507/2 1103/505/2 1077/506/2
f 1102/507/2 1077/506/2 1078/508/2
f 1101/509/2 1102/507/2 1078/508/2
f 1101/509/2 1078/508/2 1079/510/2
f 1100/118/2 1101/509/2 1079/510/2
f 1100/118/2 1079/510/2 1080/511/2
f 1099/512/2 1100/118/2 1080/511/2
f 1099/512/2 1080/511/2 1081/513/2
f 1098/514/2 1099/512/2 1081/513/2
f 1098/514/2 1081/513/2 1082/162/2
f 1097/515/2 1098/514/2 1082/162/2
f 1097/515/2 1082/162/2 1083/516/2
f 1096/517/2 1097/515/2 1083/516/2
f 1096/517/2 1083/516/2 1084/518/2
f 1095/519/2 1096/517/2 1084/518/2
f 1094/130/2 1095/519/2 1084/518/2
f 1094/130/2 1084/518/2 1085/520/2
f 1093/521/2 1094/130/2 1085/520/2
f 1093/521/2 1085/520/2 1086/522/2
f 1092/523/2 1093/521/2 1086/522/2
f 1092/523/2 1086/522/2 1087/524/2
f 1091/525/2 1092/523/2 1087/524/2
f 1091/525/2 1087/524/2 1088/142/2
f 1091/525/2 1088/142/2 1089/526/2
f 1090/527/2 1091/525/2 1089/526/2
s 1
f 1138/528/3 1144/529/4 1143/530/5 1137/68/6
f 1139/531/7 1145/532/8 1144/529/4 1138/528/3
f 1140/533/9 1146/534/10 1145/532/8 1139/531/7
f 1141/535/11 1147/536/12 1146/534/10 1140/533/9
f 1142/537/13 1148/538/14 1147/536/12 1141/535/11
f 1144/529/4 1150/539/15 1149/540/16 1143/530/5
f 1145/532/8 1151/541/17 1150/539/15 1144/529/4
f 1146/534/10 1152/542/18 1151/541/17 1145/532/8
f 1147/536/12 1153/543/19 1152/542/18 1146/534/10
f 1148/538/14 1154/544/20 1153/543/19 1147/536/12
f 1150/539/15 1156/545/21 1155/546/22 1149/540/16
f 1151/541/17 1157/547/23 1156/545/21 1150/539/15
f 1152/542/18 1158/548/24 1157/547/23 1151/541/17
f 1153/543/19 1159/549/25 1158/548/24 1152/542/18
f 1154/544/20 1160/550/26 1159/549/25 1153/543/19
f 1156/545/21 1162/551/27 1161/552/28 1155/546/22
f 1157/547/23 1163/553/29 1162/551/27 1156/545/21
f 1158/548/24 1164/554/30 1163/553/29 1157/547/23
f 1159/549/25 1165/555/31 1164/554/30 1158/548/24
f 1160/550/26 1166/556/32 1165/555/31 1159/549/25
f 1162/551/27 1168/557/33 1167/558/34 1161/552/28
f 1163/553/29 1169/559/35 1168/557/33 1162/551/27
f 1164/554/30 1170/560/36 1169/559/35 1163/553/29
f 1165/555/31 1171/561/37 1170/560/36 1164/554/30
f 1166/556/32 1172/562/38 1171/561/37 1165/555/31
f 1168/557/33 1174/563/39 1173/564/40 1167/558/34
f 1169/559/35 1175/565/41 1174/563/39 1168/557/33
f 1170/560/36 1176/566/42 1175/565/41 1169/559/35
f 1171/561/37 1177/567/43 1176/566/42 1170/560/36
f 1172/562/38 1178/568/44 1177/567/43 1171/561/37
f 1174/563/39 1180/569/45 1179/570/46 1173/564/40
f 1175/565/41 1181/571/47 1180/569/45 1174/563/39
f 1176/566/42 1182/572/48 1181/571/47 1175/565/41
f 1177/567/43 1183/573/49 1182/572/48 1176/566/42
f 1178/568/44 1184/574/50 1183/573/49 1177/567/43
f 1180/569/45 1186/575/51 1185/576/52 1179/570/46
f 1181/571/47 1187/577/53 1186/575/51 1180/569/45
f 1182/572/48 1188/578/54 1187/577/53 1181/571/47
f 1183/573/49 1189/579/55 1188/578/54 1182/572/48
f 1184/574/50 1190/580/56 1189/579/55 1183/573/49
f 1186/575/51 1192/581/57 1191/582/58 1185/576/52
f 1187/577/53 1193/583/59 1192/581/57 1186/575/51
f 1188/578/54 1194/584/60 1193/583/59 1187/577/53
f 1189/579/55 1195/585/61 1194/584/60 1188/578/54
f 1190/580/56 1196/586/62 1195/585/61 1189/579/55
f 1192/581/57 1198/587/63 1197/588/64 1191/582/58
f 1193/583/59 1199/589/65 1198/587/63 1192/581/57
f 1194/584/60 1200/590/66 1199/589/65 1193/583/59
f 1195/585/61 1201/591/67 1200/590/66 1194/584/60
f 1196/586/62 1202/592/68 1201/591/67 1195/585/61
f 1198/587/63 1204/593/69 1203/594/70 1197/588/64
f 1199/589/65 1205/595/71 1204/593/69 1198/587/63
f 1200/590/66 1206/596/72 1205/595/71 1199/589/65
f 1201/591/67 1207/597/73 1206/596/72 1200/590/66
f 1202/592/68 1208/598/74 1207/597/73 1201/591/67
f 1204/593/69 1210/599/75 1209/600/76 1203/594/70
f 1205/595/71 1211/601/77 1210/599/75 1204/593/69
f 1206/596/72 1212/602/78 1211/601/77 1205/595/71
f 1207/597/73 1213/603/79 1212/602/78 1206/596/72
f 1208/598/74 1214/604/80 1213/603/79 1207/597/73
f 1210/599/75 1216/605/81 1215/606/82 1209/600/76
f 1211/601/77 1217/607/83 1216/605/81 1210/599/75
f 1212/602/78 1218/608/84 1217/607/83 1211/601/77
f 1213/603/79 1219/609/85 1218/608/84 1212/602/78
f 1214/604/80 1220/610/86 1219/609/85 1213/603/79
f 1216/605/81 1222/611/87 1221/612/88 1215/606/82
f 1217/607/83 1223/613/89 1222/611/87 1216/605/81
f 1218/608/84 1224/614/90 1223/613/89 1217/607/83
f 1219/609/85 1225/615/91 1224/614/90 1218/608/84
f 1220/610/86 1226/616/92 1225/615/91 1219/609/85
f 1222/611/87 1228/617/93 1227/618/94 1221/612/88
f 1223/613/89 1229/619/95 1228/617/93 1222/611/87
f 1224/614/90 1230/620/96 1229/619/95 1223/613/89
f 1225/615/91 1231/621/97 1230/620/96 1224/614/90
f 1226/616/92 1232/622/98 1231/621/97 1225/615/91
f 1228/617/93 1234/623/99 1233/624/100 1227/618/94
f 1229/619/95 1235/625/101 1234/623/99 1228/617/93
f 1230/620/96 1236/626/102 1235/625/101 1229/619/95
f 1231/621/97 1237/627/103 1236/626/102 1230/620/96
f 1232/622/98 1238/628/104 1237/627/103 1231/621/97
f 1234/623/99 1240/629/105 1239/630/106 1233/624/100
f 1235/625/101 1241/631/107 1240/629/105 1234/623/99
f 1236/626/102 1242/632/108 1241/631/107 1235/625/101
f 1237/627/103 1243/633/109 1242/632/108 1236/626/102
f 1238/628/104 1244/634/110 1243/633/109 1237/627/103
f 1240/629/105 1246/635/111 1245/636/112 1239/630/106
f 1241/631/107 1247/637/113 1246/635/111 1240/629/105
f 1242/632/108 1248/638/114 1247/637/113 1241/631/107
f 1243/633/109 1249/639/115 1248/638/114 1242/632/108
f 1244/634/110 1250/640/116 1249/639/115 1243/633/109
f 1246/635/111 1252/641/117 1251/642/118 1245/636/112
f 1247/637/113 1253/643/119 1252/641/117 1246/635/111
f 1248/638/114 1254/644/120 1253/643/119 1247/637/113
f 1249/639/115 1255/645/121 1254/644/120 1248/638/114
f 1250/640/116 1256/646/122 1255/645/121 1249/639/115
f 1252/641/117 1258/647/123 1257/648/124 1251/642/118
f 1253/643/119 1259/649/125 1258/647/123 1252/641/117
f 1254/644/120 1260/650/126 1259/649/125 1253/643/119
f 1255/645/121 1261/651/127 1260/650/126 1254/644/120
f 1256/646/122 1262/652/128 1261/651/127 1255/645/121
f 1258/647/123 1264/653/129 1263/654/130 1257/648/124
f 1259/649/125 1265/655/131 1264/653/129 1258/647/123
f 1260/650/126 1266/656/132 1265/655/131 1259/649/125
f 1261/651/127 1267/657/133 1266/656/132 1260/650/126
f 1262/652/128 1268/658/134 1267/657/133 1261/651/127
f 1264/653/129 1270/659/135 1269/660/136 1263/654/130
f 1265/655/131 1271/661/137 1270/659/135 1264/653/129
f 1266/656/132 1272/662/138 1271/661/137 1265/655/131
f 1267/657/133 1273/663/139 1272/662/138 1266/656/132
f 1268/658/134 1274/664/140 1273/663/139 1267/657/133
f 1270/659/135 1276/665/141 1275/666/142 1269/660/136
f 1271/661/137 1277/667/143 1276/665/141 1270/659/135
f 1272/662/138 1278/668/144 1277/667/143 1271/661/137
f 1273/663/139 1279/669/145 1278/668/144 1272/662/138
f 1274/664/140 1280/670/146 1279/669/145 1273/663/139
f 1276/665/141 1282/671/147 1281/672/148 1275/666/142
f 1277/667/143 1283/673/149 1282/671/147 1276/665/141
f 1278/668/144 1284/674/150 1283/673/149 1277/667/143
f 1279/669/145 1285/675/151 1284/674/150 1278/668/144
f 1280/670/146 1286/676/152 1285/675/151 1279/669/145
f 1282/671/147 1288/677/153 1287/678/154 1281/672/148
f 1283/673/149 1289/679/155 1288/677/153 1282/671/147
f 1284/674/150 1290/680/156 1289/679/155 1283/673/149
f 1285/675/151 1291/681/157 1290/680/156 1284/674/150
f 1286/676/152 1292/682/158 1291/681/157 1285/675/151
f 1288/677/153 1294/683/159 1293/684/160 1287/678/154
f 1289/679/155 1295/685/161 1294/683/159 1288/677/153
f 1290/680/156 1296/686/162 1295/685/161 1289/679/155
f 1291/681/157 1297/687/163 1296/686/162 1290/680/156
f 1292/682/158 1298/688/164 1297/687/163 1291/681/157
f 1294/683/159 1300/689/165 1299/690/166 1293/684/160
f 1295/685/161 1301/691/167 1300/689/165 1294/683/159
f 1296/686/162 1302/692/168 1301/691/167 1295/685/161
f 1297/687/163 1303/693/169 1302/692/168 1296/686/162
f 1298/688/164 1304/694/170 1303/693/169 1297/687/163
f 1300/689/165 1306/695/171 1305/696/172 1299/690/166
f 1301/691/167 1307/697/173 1306/695/171 1300/689/165
f 1302/692/168 1308/698/174 1307/697/173 1301/691/167
f 1303/693/169 1309/699/175 1308/698/174 1302/692/168
f 1304/694/170 1310/700/176 1309/699/175 1303/693/169
f 1306/695/171 1312/701/177 1311/702/178 1305/696/172
f 1307/697/173 1313/703/179 1312/701/177 1306/695/171
f 1308/698/174 1314/704/180 1313/703/179 1307/697/173
f 1309/699/175 1315/705/181 1314/704/180 1308/698/174
f 1310/700/176 1316/706/182 1315/705/181 1309/699/175
f 1312/701/177 1318/707/183 1317/708/184 1311/702/178
f 1313/703/179 1319/709/185 1318/707/183 1312/701/177
f 1314/704/180 1320/710/186 1319/709/185 1313/703/179
f 1315/705/181 1321/711/187 1320/710/186 1314/704/180
f 1316/706/182 1322/712/188 1321/711/187 1315/705/181
f 1318/707/183 1324/713/189 1323/714/190 1317/708/184
f 1319/709/185 1325/715/191 1324/713/189 1318/707/183
f 1320/710/186 1326/716/192 1325/715/191 1319/709/185
f 1321/711/187 1327/717/193 1326/716/192 1320/710/186
f 1322/712/188 1328/718/194 1327/717/193 1321/711/187
f 1324/713/189 1330/719/195 1329/720/196 1323/714/190
f 1325/715/191 1331/721/197 1330/719/195 1324/713/189
f 1326/716/192 1332/722/198 1331/721/197 1325/715/191
f 1327/717/193 1333/723/199 1332/722/198 1326/716/192
f 1328/718/194 1334/724/200 1333/723/199 1327/717/193
f 1330/719/195 1336/725/201 1335/726/202 1329/720/196
f 1331/721/197 1337/727/203 1336/725/201 1330/719/195
f 1332/722/198 1338/728/204 1337/727/203 1331/721/197
f 1333/723/199 1339/729/205 1338/728/204 1332/722/198
f 1334/724/200 1340/730/206 1339/729/205 1333/723/199
f 1336/725/201 1342/731/207 1341/732/208 1335/726/202
f 1337/727/203 1343/733/209 1342/731/207 1336/725/201
f 1338/728/204 1344/734/210 1343/733/209 1337/727/203
f 1339/729/205 1345/735/211 1344/734/210 1338/728/204
f 1340/730/206 1346/736/212 1345/735/211 1339/729/205
f 1342/731/207 1348/737/213 1347/738/214 1341/732/208
f 1343/733/209 1349/739/215 1348/737/213 1342/731/207
f 1344/734/210 1350/740/216 1349/739/215 1343/733/209
f 1345/735/211 1351/741/217 1350/740/216 1344/734/210
f 1346/736/212 1352/742/218 1351/741/217 1345/735/211
f 1348/737/213 1354/743/219 1353/744/220 1347/738/214
f 1349/739/215 1355/745/221 1354/743/219 1348/737/213
f 1350/740/216 1356/746/222 1355/745/221 1349/739/215
f 1351/741/217 1357/747/223 1356/746/222 1350/740/216
f 1352/742/218 1358/748/224 1357/747/223 1351/741/217
f 1354/743/219 1360/749/225 1359/750/226 1353/744/220
f 1355/745/221 1361/751/227 1360/749/225 1354/743/219
f 1356/746/222 1362/752/228 1361/751/227 1355/745/221
f 1357/747/223 1363/753/229 1362/752/228 1356/746/222
f 1358/748/224 1364/754/230 1363/753/229 1357/747/223
f 1360/749/225 1366/755/231 1365/756/232 1359/750/226
f 1361/751/227 1367/757/233 1366/755/231 1360/749/225
f 1362/752/228 1368/758/234 1367/757/233 1361/751/227
f 1363/753/229 1369/759/235 1368/758/234 1362/752/228
f 1364/754/230 1370/760/236 1369/759/235 1363/753/229
f 1366/755/231 1372/761/237 1371/762/232 1365/756/232
f 1367/757/233 1373/763/238 1372/761/237 1366/755/231
f 1368/758/234 1374/764/239 1373/763/238 1367/757/233
f 1369/759/235 1375/765/240 1374/764/239 1368/758/234
f 1370/760/236 1376/766/236 1375/765/240 1369/759/235
f 1372/761/237 1378/767/241 1377/768/242 1371/762/232
f 1373/763/238 1379/769/243 1378/767/241 1372/761/237
f 1374/764/239 1380/770/244 1379/769/243 1373/763/238
f 1375/765/240 1381/771/245 1380/770/244 1374/764/239
f 1376/766/236 1382/772/246 1381/771/245 1375/765/240
f 1378/767/241 1384/773/247 1383/774/248 1377/768/242
f 1379/769/243 1385/775/249 1384/773/247 1378/767/241
f 1380/770/244 1386/776/250 1385/775/249 1379/769/243
f 1381/771/245 1387/777/251 1386/776/250 1380/770/244
f 1382/772/246 1388/778/252 1387/777/251 1381/771/245
f 1384/773/247 1390/779/253 1389/780/254 1383/774/248
f 1385/775/249 1391/781/255 1390/779/253 1384/773/247
f 1386/776/250 1392/782/256 1391/781/255 1385/775/249
f 1387/777/251 1393/783/257 1392/782/256 1386/776/250
f 1388/778/252 1394/784/258 1393/783/257 1387/777/251
f 1390/779/253 1396/785/259 1395/786/260 1389/780/254
f 1391/781/255 1397/787/261 1396/785/259 1390/779/253
f 1392/782/256 1398/788/262 1397/787/261 1391/781/255
f 1393/783/257 1399/789/263 1398/788/262 1392/782/256
f 1394/784/258 1400/790/264 1399/789/263 1393/783/257
f 1396/785/259 1402/791/265 1401/792/266 1395/786/260
f 1397/787/261 1403/793/267 1402/791/265 1396/785/259
f 1398/788/262 1404/794/268 1403/793/267 1397/787/261
f 1399/789/263 1405/795/269 1404/794/268 1398/788/262
f 1400/790/264 1406/796/270 1405/795/269 1399/789/263
f 1402/791/265 1408/797/271 1407/798/272 1401/792/266
f 1403/793/267 1409/799/273 1408/797/271 1402/791/265
f 1404/794/268 1410/800/274 1409/799/273 1403/793/267
f 1405/795/269 1411/801/275 1410/800/274 1404/794/268
f 1406/796/270 1412/802/276 1411/801/275 1405/795/269
f 1408/797/271 1414/803/277 1413/804/278 1407/798/272
f 1409/799/273 1415/805/279 1414/803/277 1408/797/271
f 1410/800/274 1416/806/280 1415/805/279 1409/799/273
f 1411/801/275 1417/807/281 1416/806/280 1410/800/274
f 1412/802/276 1418/808/282 1417/807/281 1411/801/275
f 1414/803/277 1420/809/283 1419/810/284 1413/804/278
f 1415/805/279 1421/811/285 1420/809/283 1414/803/277
f 1416/806/280 1422/812/286 1421/811/285 1415/805/279
f 1417/807/281 1423/813/287 1422/812/286 1416/806/280
f 1418/808/282 1424/814/288 1423/813/287 1417/807/281
f 1420/809/283 1426/815/289 1425/816/290 1419/810/284
f 1421/811/285 1427/817/291 1426/815/289 1420/809/283
f 1422/812/286 1428/818/292 1427/817/291 1421/811/285
f 1423/813/287 1429/819/293 1428/818/292 1422/812/286
f 1424/814/288 1430/820/294 1429/819/293 1423/813/287
f 1426/815/289 1432/821/295 1431/822/296 1425/816/290
f 1427/817/291 1433/823/297 1432/821/295 1426/815/289
f 1428/818/292 1434/824/298 1433/823/297 1427/817/291
f 1429/819/293 1435/825/299 1434/824/298 1428/818/292
f 1430/820/294 1436/826/300 1435/825/299 1429/819/293
f 1432/821/295 1438/827/301 1437/828/302 1431/822/296
f 1433/823/297 1439/829/303 1438/827/301 1432/821/295
f 1434/824/298 1440/830/304 1439/829/303 1433/823/297
f 1435/825/299 1441/831/305 1440/830/304 1434/824/298
f 1436/826/300 1442/832/306 1441/831/305 1435/825/299
f 1438/827/301 1444/833/307 1443/834/308 1437/828/302
f 1439/829/303 1445/835/309 1444/833/307 1438/827/301
f 1440/830/304 1446/836/310 1445/835/309 1439/829/303
f 1441/831/305 1447/837/311 1446/836/310 1440/830/304
f 1442/832/306 1448/838/312 1447/837/311 1441/831/305
f 1444/833/307 1450/839/313 1449/840/314 1443/834/308
f 1445/835/309 1451/841/315 1450/839/313 1444/833/307
f 1446/836/310 1452/842/316 1451/841/315 1445/835/309
f 1447/837/311 1453/843/317 1452/842/316 1446/836/310
f 1448/838/312 1454/844/318 1453/843/317 1447/837/311
f 1450/839/313 1456/845/319 1455/846/320 1449/840/314
f 1451/841/315 1457/847/321 1456/845/319 1450/839/313
f 1452/842/316 1458/848/322 1457/847/321 1451/841/315
f 1453/843/317 1459/849/323 1458/848/322 1452/842/316
f 1454/844/318 1460/850/324 1459/849/323 1453/843/317
f 1456/845/319 1462/851/325 1461/852/326 1455/846/320
f 1457/847/321 1463/853/327 1462/851/325 1456/845/319
f 1458/848/322 1464/854/328 1463/853/327 1457/847/321
f 1459/849/323 1465/855/329 1464/854/328 1458/848/322
f 1460/850/324 1466/856/330 1465/855/329 1459/849/323
f 1462/851/325 1468/857/331 1467/858/332 1461/852/326
f 1463/853/327 1469/859/333 1468/857/331 1462/851/325
f 1464/854/328 1470/860/334 1469/859/333 1463/853/327
f 1465/855/329 1471/861/335 1470/860/334 1464/854/328
f 1466/856/330 1472/862/336 1471/861/335 1465/855/329
f 1468/857/331 1474/863/337 1473/864/338 1467/858/332
f 1469/859/333 1475/865/339 1474/863/337 1468/857/331
f 1470/860/334 1476/866/340 1475/865/339 1469/859/333
f 1471/861/335 1477/867/341 1476/866/340 1470/860/334
f 1472/862/336 1478/868/342 1477/867/341 1471/861/335
f 1474/863/337 1480/869/343 1479/870/344 1473/864/338
f 1475/865/339 1481/871/345 1480/869/343 1474/863/337
f 1476/866/340 1482/872/346 1481/871/345 1475/865/339
f 1477/867/341 1483/873/347 1482/872/346 1476/866/340
f 1478/868/342 1484/874/348 1483/873/347 1477/867/341
f 1480/869/343 1486/875/349 1485/876/350 1479/870/344
f 1481/871/345 1487/877/351 1486/875/349 1480/869/343
f 1482/872/346 1488/878/352 1487/877/351 1481/871/345
f 1483/873/347 1489/879/353 1488/878/352 1482/872/346
f 1484/874/348 1490/880/354 1489/879/353 1483/873/347
f 1486/875/349 1492/881/355 1491/882/356 1485/876/350
f 1487/877/351 1493/883/357 1492/881/355 1486/875/349
f 1488/878/352 1494/884/358 1493/883/357 1487/877/351
f 1489/879/353 1495/885/359 1494/884/358 1488/878/352
f 1490/880/354 1496/886/360 1495/885/359 1489/879/353
f 1492/881/355 1498/887/361 1497/888/362 1491/882/356
f 1493/883/357 1499/889/363 1498/887/361 1492/881/355
f 1494/884/358 1500/890/364 1499/889/363 1493/883/357
f 1495/885/359 1501/891/365 1500/890/364 1494/884/358
f 1496/886/360 1502/892/366 1501/891/365 1495/885/359
f 1498/887/361 1504/893/367 1503/894/368 1497/888/362
f 1499/889/363 1505/895/369 1504/893/367 1498/887/361
f 1500/890/364 1506/896/370 1505/895/369 1499/889/363
f 1501/891/365 1507/897/371 1506/896/370 1500/890/364
f 1502/892/366 1508/898/372 1507/897/371 1501/891/365
f 1504/893/367 1510/899/373 1509/900/374 1503/894/368
f 1505/895/369 1511/901/375 1510/899/373 1504/893/367
f 1506/896/370 1512/902/376 1511/901/375 1505/895/369
f 1507/897/371 1513/903/377 1512/902/376 1506/896/370
f 1508/898/372 1514/904/378 1513/903/377 1507/897/371
f 1510/899/373 1516/905/379 1515/906/380 1509/900/374
f 1511/901/375 1517/907/381 1516/905/379 1510/899/373
f 1512/902/376 1518/908/382 1517/907/381 1511/901/375
f 1513/903/377 1519/909/383 1518/908/382 1512/902/376
f 1514/904/378 1520/910/384 1519/909/383 1513/903/377
f 1516/905/379 1522/911/385 1521/912/386 1515/906/380
f 1517/907/381 1523/913/387 1522/911/385 1516/905/379
f 1518/908/382 1524/914/388 1523/913/387 1517/907/381
f 1519/909/383 1525/915/389 1524/914/388 1518/908/382
f 1520/910/384 1526/916/390 1525/915/389 1519/909/383
f 1522/911/385 1528/917/391 1527/918/392 1521/912/386
f 1523/913/387 1529/919/393 1528/917/391 1522/911/385
f 1524/914/388 1530/920/394 1529/919/393 1523/913/387
f 1525/915/389 1531/921/395 1530/920/394 1524/914/388
f 1526/916/390 1532/922/396 1531/921/395 1525/915/389
f 1528/917/391 1534/923/397 1533/924/398 1527/918/392
f 1529/919/393 1535/925/399 1534/923/397 1528/917/391
f 1530/920/394 1536/926/400 1535/925/399 1529/919/393
f 1531/921/395 1537/927/401 1536/926/400 1530/920/394
f 1532/922/396 1538/928/402 1537/927/401 1531/921/395
f 1534/923/397 1540/929/403 1539/930/404 1533/924/398
f 1535/925/399 1541/931/405 1540/929/403 1534/923/397
f 1536/926/400 1542/932/406 1541/931/405 1535/925/399
f 1537/927/401 1543/933/407 1542/932/406 1536/926/400
f 1538/928/402 1544/934/408 1543/933/407 1537/927/401
f 1540/929/403 1546/935/409 1545/936/410 1539/930/404
f 1541/931/405 1547/937/411 1546/935/409 1540/929/403
f 1542/932/406 1548/938/412 1547/937/411 1541/931/405
f 1543/933/407 1549/939/413 1548/938/412 1542/932/406
f 1544/934/408 1550/940/414 1549/939/413 1543/933/407
f 1546/935/409 1552/941/415 1551/942/416 1545/936/410
f 1547/937/411 1553/943/417 1552/941/415 1546/935/409
f 1548/938/412 1554/944/418 1553/943/417 1547/937/411
f 1549/939/413 1555/945/419 1554/944/418 1548/938/412
f 1550/940/414 1556/946/420 1555/945/419 1549/939/413
f 1552/941/415 1558/947/421 1557/948/422 1551/942/416
f 1553/943/417 1559/949/423 1558/947/421 1552/941/415
f 1554/944/418 1560/950/424 1559/949/423 1553/943/417
f 1555/945/419 1561/951/425 1560/950/424 1554/944/418
f 1556/946/420 1562/952/426 1561/951/425 1555/945/419
f 1558/947/421 1564/953/427 1563/954/428 1557/948/422
f 1559/949/423 1565/955/429 1564/953/427 1558/947/421
f 1560/950/424 1566/956/430 1565/955/429 1559/949/423
f 1561/951/425 1567/957/431 1566/956/430 1560/950/424
f 1562/952/426 1568/958/432 1567/957/431 1561/951/425
f 1564/953/427 1570/959/433 1569/960/434 1563/954/428
f 1565/955/429 1571/961/435 1570/959/433 1564/953/427
f 1566/956/430 1572/962/436 1571/961/435 1565/955/429
f 1567/957/431 1573/963/437 1572/962/436 1566/956/430
f 1568/958/432 1574/964/438 1573/963/437 1567/957/431
f 1570/959/433 1576/965/439 1575/966/440 1569/960/434
f 1571/961/435 1577/967/441 1576/965/439 1570/959/433
f 1572/962/436 1578/968/442 1577/967/441 1571/961/435
f 1573/963/437 1579/969/443 1578/968/442 1572/962/436
f 1574/964/438 1580/970/444 1579/969/443 1573/963/437
f 1576/965/439 1582/971/445 1581/972/446 1575/966/440
f 1577/967/441 1583/973/447 1582/971/445 1576/965/439
f 1578/968/442 1584/974/448 1583/973/447 1577/967/441
f 1579/969/443 1585/975/449 1584/974/448 1578/968/442
f 1580/970/444 1586/976/450 1585/975/449 1579/969/443
f 1582/971/445 1588/977/451 1587/978/452 1581/972/446
f 1583/973/447 1589/979/453 1588/977/451 1582/971/445
f 1584/974/448 1590/980/454 1589/979/453 1583/973/447
f 1585/975/449 1591/981/455 1590/980/454 1584/974/448
f 1586/976/450 1592/982/456 1591/981/455 1585/975/449
f 1588/977/451 1594/983/457 1593/984/458 1587/978/452
f 1589/979/453 1595/985/459 1594/983/457 1588/977/451
f 1590/980/454 1596/986/460 1595/985/459 1589/979/453
f 1591/981/455 1597/987/461 1596/986/460 1590/980/454
f 1592/982/456 1598/988/462 1597/987/461 1591/981/455
f 1594/983/457 1600/989/463 1599/990/464 1593/984/458
f 1595/985/459 1601/991/465 1600/989/463 1594/983/457
f 1596/986/460 1602/992/466 1601/991/465 1595/985/459
f 1597/987/461 1603/993/467 1602/992/466 1596/986/460
f 1598/988/462 1604/994/468 1603/993/467 1597/987/461
f 1600/989/463 1606/995/469 1605/996/470 1599/990/464
f 1601/991/465 1607/997/471 1606/995/469 1600/989/463
f 1602/992/466 1608/998/472 1607/997/471 1601/991/465
f 1603/993/467 1609/999/473 1608/998/472 1602/992/466
f 1604/994/468 1610/1000/474 1609/999/473 1603/993/467
f 1606/995/469 1612/1001/475 1611/1002/476 1605/996/470
f 1607/997/471 1613/1003/477 1612/1001/475 1606/995/469
f 1608/998/472 1614/1004/478 1613/1003/477 1607/997/471
f 1609/999/473 1615/1005/479 1614/1004/478 1608/998/472
f 1610/1000/474 1616/1006/480 1615/1005/479 1609/999/473
f 1612/1001/475 1618/1007/481 1617/1008/482 1611/1002/476
f 1613/1003/477 1619/1009/483 1618/1007/481 1612/1001/475
f 1614/1004/478 1620/1010/484 1619/1009/483 1613/1003/477
f 1615/1005/479 1621/1011/485 1620/1010/484 1614/1004/478
f 1616/1006/480 1622/1012/486 1621/1011/485 1615/1005/479
f 1618/1007/481 1624/1013/487 1623/1014/488 1617/1008/482
f 1619/1009/483 1625/1015/489 1624/1013/487 1618/1007/481
f 1620/1010/484 1626/1016/490 1625/1015/489 1619/1009/483
f 1621/1011/485 1627/1017/491 1626/1016/490 1620/1010/484
f 1622/1012/486 1628/1018/492 1627/1017/491 1621/1011/485
f 1624/1013/487 1630/1019/493 1629/1020/494 1623/1014/488
f 1625/1015/489 1631/1021/495 1630/1019/493 1624/1013/487
f 1626/1016/490 1632/1022/496 1631/1021/495 1625/1015/489
f 1627/1017/491 1633/1023/497 1632/1022/496 1626/1016/490
f 1628/1018/492 1634/1024/498 1633/1023/497 1627/1017/491
f 1630/1019/493 1636/1025/499 1635/1026/500 1629/1020/494
f 1631/1021/495 1637/1027/501 1636/1025/499 1630/1019/493
f 1632/1022/496 1638/1028/502 1637/1027/501 1631/1021/495
f 1633/1023/497 1639/1029/503 1638/1028/502 1632/1022/496
f 1634/1024/498 1640/1030/504 1639/1029/503 1633/1023/497
f 1636/1025/499 1642/1031/505 1641/1032/506 1635/1026/500
f 1637/1027/501 1643/1033/507 1642/1031/505 1636/1025/499
f 1638/1028/502 1644/1034/508 1643/1033/507 1637/1027/501
f 1639/1029/503 1645/1035/509 1644/1034/508 1638/1028/502
f 1640/1030/504 1646/1036/510 1645/1035/509 1639/1029/503
f 1642/1031/505 1648/1037/511 1647/1038/512 1641/1032/506
f 1643/1033/507 1649/1039/513 1648/1037/511 1642/1031/505
f 1644/1034/508 1650/1040/514 1649/1039/513 1643/1033/507
f 1645/1035/509 1651/1041/515 1650/1040/514 1644/1034/508
f 1646/1036/510 1652/1042/516 1651/1041/515 1645/1035/509
f 1648/1037/511 1654/1043/517 1653/1044/518 1647/1038/512
f 1649/1039/513 1655/1045/519 1654/1043/517 1648/1037/511
f 1650/1040/514 1656/1046/520 1655/1045/519 1649/1039/513
f 1651/1041/515 1657/1047/521 1656/1046/520 1650/1040/514
f 1652/1042/516 1658/1048/522 1657/1047/521 1651/1041/515
f 1654/1043/517 1660/1049/523 1659/1050/524 1653/1044/518
f 1655/1045/519 1661/1051/525 1660/1049/523 1654/1043/517
f 1656/1046/520 1662/1052/526 1661/1051/525 1655/1045/519
f 1657/1047/521 1663/1053/527 1662/1052/526 1656/1046/520
f 1658/1048/522 1664/1054/528 1663/1053/527 1657/1047/521
f 1660/1049/523 1666/1055/529 1665/1056/530 1659/1050/524
f 1661/1051/525 1667/1057/531 1666/1055/529 1660/1049/523
f 1662/1052/526 1668/1058/532 1667/1057/531 1661/1051/525
f 1663/1053/527 1669/1059/533 1668/1058/532 1662/1052/526
f 1664/1054/528 1670/1060/534 1669/1059/533 1663/1053/527
f 1666/1055/529 1672/1061/535 1671/1062/536 1665/1056/530
f 1667/1057/531 1673/1063/537 1672/1061/535 1666/1055/529
f 1668/1058/532 1674/1064/538 1673/1063/537 1667/1057/531
f 1669/1059/533 1675/1065/539 1674/1064/538 1668/1058/532
f 1670/1060/534 1676/1066/540 1675/1065/539 1669/1059/533
f 1672/1061/535 1678/1067/541 1677/1068/542 1671/1062/536
f 1673/1063/537 1679/1069/543 1678/1067/541 1672/1061/535
f 1674/1064/538 1680/1070/544 1679/1069/543 1673/1063/537
f 1675/1065/539 1681/1071/545 1680/1070/544 1674/1064/538
f 1676/1066/540 1682/1072/546 1681/1071/545 1675/1065/539
f 1678/1067/541 1684/1073/547 1683/1074/548 1677/1068/542
f 1679/1069/543 1685/1075/549 1684/1073/547 1678/1067/541
f 1680/1070/544 1686/1076/550 1685/1075/549 1679/1069/543
f 1681/1071/545 1687/1077/551 1686/1076/550 1680/1070/544
f 1682/1072/546 1688/1078/552 1687/1077/551 1681/1071/545
f 1684/1073/547 1690/1079/553 1689/1080/554 1683/1074/548
f 1685/1075/549 1691/1081/555 1690/1079/553 1684/1073/547
f 1686/1076/550 1692/1082/556 1691/1081/555 1685/1075/549
f 1687/1077/551 1693/1083/557 1692/1082/556 1686/1076/550
f 1688/1078/552 1694/1084/558 1693/1083/557 1687/1077/551
f 1690/1079/553 1696/1085/559 1695/1086/560 1689/1080/554
f 1691/1081/555 1697/1087/561 1696/1085/559 1690/1079/553
f 1692/1082/556 1698/1088/562 1697/1087/561 1691/1081/555
f 1693/1083/557 1699/1089/563 1698/1088/562 1692/1082/556
f 1694/1084/558 1700/1090/564 1699/1089/563 1693/1083/557
f 1696/1085/559 1702/1091/565 1701/1092/566 1695/1086/560
f 1697/1087/561 1703/1093/567 1702/1091/565 1696/1085/559
f 1698/1088/562 1704/1094/568 1703/1093/567 1697/1087/561
f 1699/1089/563 1705/1095/569 1704/1094/568 1698/1088/562
f 1700/1090/564 1706/1096/570 1705/1095/569 1699/1089/563
f 1702/1091/565 1708/1097/571 1707/1098/572 1701/1092/566
f 1703/1093/567 1709/1099/573 1708/1097/571 1702/1091/565
f 1704/1094/568 1710/1100/574 1709/1099/573 1703/1093/567
f 1705/1095/569 1711/1101/575 1710/1100/574 1704/1094/568
f 1706/1096/570 1712/1102/576 1711/1101/575 1705/1095/569
f 1708/1097/571 1714/1103/577 1713/1104/578 1707/1098/572
f 1709/1099/573 1715/1105/579 1714/1103/577 1708/1097/571
f 1710/1100/574 1716/1106/580 1715/1105/579 1709/1099/573
f 1711/1101/575 1717/1107/581 1716/1106/580 1710/1100/574
f 1712/1102/576 1718/1108/582 1717/1107/581 1711/1101/575
f 1714/1103/577 1720/1109/583 1719/1110/584 1713/1104/578
f 1715/1105/579 1721/1111/585 1720/1109/583 1714/1103/577
f 1716/1106/580 1722/1112/586 1721/1111/585 1715/1105/579
f 1717/1107/581 1723/1113/587 1722/1112/586 1716/1106/580
f 1718/1108/582 1724/1114/588 1723/1113/587 1717/1107/581
f 1720/1109/583 1726/1115/589 1725/1116/590 1719/1110/584
f 1721/1111/585 1727/1117/591 1726/1115/589 1720/1109/583
f 1722/1112/586 1728/1118/592 1727/1117/591 1721/1111/585
f 1723/1113/587 1729/1119/593 1728/1118/592 1722/1112/586
f 1724/1114/588 1730/1120/594 1729/1119/593 1723/1113/587
f 1726/1115/589 1732/1121/595 1731/1122/596 1725/1116/590
f 1727/1117/591 1733/1123/597 1732/1121/595 1726/1115/589
f 1728/1118/592 1734/1124/598 1733/1123/597 1727/1117/591
f 1729/1119/593 1735/1125/599 1734/1124/598 1728/1118/592
f 1730/1120/594 1736/1126/600 1735/1125/599 1729/1119/593
f 1732/1121/595 1738/1127/601 1737/1128/602 1731/1122/596
f 1733/1123/597 1739/1129/603 1738/1127/601 1732/1121/595
f 1734/1124/598 1740/1130/604 1739/1129/603 1733/1123/597
f 1735/1125/599 1741/1131/605 1740/1130/604 1734/1124/598
f 1736/1126/600 1742/1132/606 1741/1131/605 1735/1125/599
f 1738/1127/601 1744/1133/607 1743/1134/608 1737/1128/602
f 1739/1129/603 1745/1135/609 1744/1133/607 1738/1127/601
f 1740/1130/604 1746/1136/610 1745/1135/609 1739/1129/603
f 1741/1131/605 1747/1137/611 1746/1136/610 1740/1130/604
f 1742/1132/606 1748/1138/612 1747/1137/611 1741/1131/605
f 1744/1133/607 1750/1139/613 1749/1140/614 1743/1134/608
f 1745/1135/609 1751/1141/615 1750/1139/613 1744/1133/607
f 1746/1136/610 1752/1142/616 1751/1141/615 1745/1135/609
f 1747/1137/611 1753/1143/617 1752/1142/616 1746/1136/610
f 1748/1138/612 1754/1144/618 1753/1143/617 1747/1137/611
f 1750/1139/613 1756/1145/619 1755/1146/620 1749/1140/614
f 1751/1141/615 1757/1147/621 1756/1145/619 1750/1139/613
f 1752/1142/616 1758/1148/622 1757/1147/621 1751/1141/615
f 1753/1143/617 1759/1149/623 1758/1148/622 1752/1142/616
f 1754/1144/618 1760/1150/624 1759/1149/623 1753/1143/617
f 1756/1145/619 1762/1151/625 1761/1152/626 1755/1146/620
f 1757/1147/621 1763/1153/627 1762/1151/625 1756/1145/619
f 1758/1148/622 1764/1154/628 1763/1153/627 1757/1147/621
f 1759/1149/623 1765/1155/629 1764/1154/628 1758/1148/622
f 1760/1150/624 1766/1156/630 1765/1155/629 1759/1149/623
f 1762/1151/625 1768/1157/631 1767/1158/632 1761/1152/626
f 1763/1153/627 1769/1159/633 1768/1157/631 1762/1151/625
f 1764/1154/628 1770/1160/634 1769/1159/633 1763/1153/627
f 1765/1155/629 1771/1161/635 1770/1160/634 1764/1154/628
f 1766/1156/630 1772/1162/636 1771/1161/635 1765/1155/629
f 1768/1157/631 1774/1163/637 1773/1164/638 1767/1158/632
f 1769/1159/633 1775/1165/639 1774/1163/637 1768/1157/631
f 1770/1160/634 1776/1166/640 1775/1165/639 1769/1159/633
f 1771/1161/635 1777/1167/641 1776/1166/640 1770/1160/634
f 1772/1162/636 1778/1168/642 1777/1167/641 1771/1161/635
f 1774/1163/637 1780/1169/643 1779/1170/644 1773/1164/638
f 1775/1165/639 1781/1171/645 1780/1169/643 1774/1163/637
f 1776/1166/640 1782/1172/646 1781/1171/645 1775/1165/639
f 1777/1167/641 1783/1173/647 1782/1172/646 1776/1166/640
f 1778/1168/642 1784/1174/648 1783/1173/647 1777/1167/641
f 1780/1169/643 1786/1175/649 1785/1176/650 1779/1170/644
f 1781/1171/645 1787/1177/651 1786/1175/649 1780/1169/643
f 1782/1172/646 1788/1178/652 1787/1177/651 1781/1171/645
f 1783/1173/647 1789/1179/653 1788/1178/652 1782/1172/646
f 1784/1174/648 1790/1180/654 1789/1179/653 1783/1173/647
f 1786/1175/649 1138/1181/3 1137/32/6 1785/1176/650
f 1787/1177/651 1139/1182/7 1138/1181/3 1786/1175/649
f 1788/1178/652 1140/1183/9 1139/1182/7 1787/1177/651
f 1789/1179/653 1141/1184/11 1140/1183/9 1788/1178/652
f 1790/1180/654 1142/1185/13 1141/1184/11 1789/1179/653
f 1792/528/655 1798/1186/656 1797/1187/657 1791/68/658
f 1793/531/659 1799/1188/660 1798/1186/656 1792/528/655
f 1794/533/661 1800/1189/662 1799/1188/660 1793/531/659
f 1795/535/663 1801/1190/664 1800/1189/662 1794/533/661
f 1796/537/665 1802/1191/666 1801/1190/664 1795/535/663
f 1798/1186/656 1804/1192/667 1803/1193/668 1797/1187/657
f 1799/1188/660 1805/1194/669 1804/1192/667 1798/1186/656
f 1800/1189/662 1806/1195/670 1805/1194/669 1799/1188/660
f 1801/1190/664 1807/1196/671 1806/1195/670 1800/1189/662
f 1802/1191/666 1808/1197/672 1807/1196/671 1801/1190/664
f 1804/1192/667 1810/1198/673 1809/1199/674 1803/1193/668
f 1805/1194/669 1811/1200/675 1810/1198/673 1804/1192/667
f 1806/1195/670 1812/1201/676 1811/1200/675 1805/1194/669
f 1807/1196/671 1813/1202/677 1812/1201/676 1806/1195/670
f 1808/1197/672 1814/1203/678 1813/1202/677 1807/1196/671
f 1810/1198/673 1816/1204/679 1815/1205/680 1809/1199/674
f 1811/1200/675 1817/1206/681 1816/1204/679 1810/1198/673
f 1812/1201/676 1818/1207/682 1817/1206/681 1811/1200/675
f 1813/1202/677 1819/1208/683 1818/1207/682 1812/1201/676
f 1814/1203/678 1820/1209/684 1819/1208/683 1813/1202/677
f 1816/1204/679 1792/1181/655 1791/32/658 1815/1205/680
f 1817/1206/681 1793/1182/659 1792/1181/655 1816/1204/679
f 1818/1207/682 1794/1183/661 1793/1182/659 1817/1206/681
f 1819/1208/683 1795/1184/663 1794/1183/661 1818/1207/682
f 1820/1209/684 1796/1185/665 1795/1184/663 1819/1208/683
f 1822/528/685 1828/1210/686 1827/1211/687 1821/68/688
f 1823/531/689 1829/1212/690 1828/1210/686 1822/528/685
f 1824/533/691 1830/1213/692 1829/1212/690 1823/531/689
f 1825/535/693 1831/1214/694 1830/1213/692 1824/533/691
f 1826/537/695 1832/1215/696 1831/1214/694 1825/535/693
f 1828/1210/686 1834/1216/697 1833/213/698 1827/1211/687
f 1829/1212/690 1835/1217/699 1834/1216/697 1828/1210/686
f 1830/1213/692 1836/1218/700 1835/1217/699 1829/1212/690
f 1831/1214/694 1837/1219/701 1836/1218/700 1830/1213/692
f 1832/1215/696 1838/1220/702 1837/1219/701 1831/1214/694
f 1834/1216/697 1840/1221/703 1839/1222/704 1833/213/698
f 1835/1217/699 1841/1223/705 1840/1221/703 1834/1216/697
f 1836/1218/700 1842/1224/706 1841/1223/705 1835/1217/699
f 1837/1219/701 1843/1225/707 1842/1224/706 1836/1218/700
f 1838/1220/702 1844/1226/708 1843/1225/707 1837/1219/701
f 1840/1221/703 1846/1227/709 1845/184/710 1839/1222/704
f 1841/1223/705 1847/1228/711 1846/1227/709 1840/1221/703
f 1842/1224/706 1848/1229/712 1847/1228/711 1841/1223/705
f 1843/1225/707 1849/1230/713 1848/1229/712 1842/1224/706
f 1844/1226/708 1850/1231/714 1849/1230/713 1843/1225/707
f 1846/1227/709 1852/1232/715 1851/1233/716 1845/184/710
f 1847/1228/711 1853/1234/717 1852/1232/715 1846/1227/709
f 1848/1229/712 1854/1235/718 1853/1234/717 1847/1228/711
f 1849/1230/713 1855/1236/719 1854/1235/718 1848/1229/712
f 1850/1231/714 1856/1237/720 1855/1236/719 1849/1230/713
f 1852/1232/715 1858/1238/721 1857/166/722 1851/1233/716
f 1853/1234/717 1859/1239/723 1858/1238/721 1852/1232/715
f 1854/1235/718 1860/1240/724 1859/1239/723 1853/1234/717
f 1855/1236/719 1861/1241/725 1860/1240/724 1854/1235/718
f 1856/1237/720 1862/1242/726 1861/1241/725 1855/1236/719
f 1858/1238/721 1864/1243/727 1863/350/728 1857/166/722
f 1859/1239/723 1865/1244/729 1864/1243/727 1858/1238/721
f 1860/1240/724 1866/1245/730 1865/1244/729 1859/1239/723
f 1861/1241/725 1867/1246/731 1866/1245/730 1860/1240/724
f 1862/1242/726 1868/1247/732 1867/1246/731 1861/1241/725
f 1864/1243/727 1870/1248/733 1869/200/734 1863/350/728
f 1865/1244/729 1871/1249/735 1870/1248/733 1864/1243/727
f 1866/1245/730 1872/1250/736 1871/1249/735 1865/1244/729
f 1867/1246/731 1873/1251/737 1872/1250/736 1866/1245/730
f 1868/1247/732 1874/1252/738 1873/1251/737 1867/1246/731
f 1870/1248/733 1876/1253/739 1875/1254/740 1869/200/734
f 1871/1249/735 1877/1255/741 1876/1253/739 1870/1248/733
f 1872/1250/736 1878/1256/742 1877/1255/741 1871/1249/735
f 1873/1251/737 1879/1257/743 1878/1256/742 1872/1250/736
f 1874/1252/738 1880/1258/744 1879/1257/743 1873/1251/737
f 1876/1253/739 1882/1259/745 1881/233/746 1875/1254/740
f 1877/1255/741 1883/1260/747 1882/1259/745 1876/1253/739
f 1878/1256/742 1884/1261/748 1883/1260/747 1877/1255/741
f 1879/1257/743 1885/1262/749 1884/1261/748 1878/1256/742
f 1880/1258/744 1886/1263/750 1885/1262/749 1879/1257/743
f 1882/1259/745 1888/1264/751 1887/1265/752 1881/233/746
f 1883/1260/747 1889/1266/753 1888/1264/751 1882/1259/745
f 1884/1261/748 1890/1267/754 1889/1266/753 1883/1260/747
f 1885/1262/749 1891/1268/755 1890/1267/754 1884/1261/748
f 1886/1263/750 1892/1269/756 1891/1268/755 1885/1262/749
f 1888/1264/751 1894/1270/757 1893/205/758 1887/1265/752
f 1889/1266/753 1895/1271/759 1894/1270/757 1888/1264/751
f 1890/1267/754 1896/1272/760 1895/1271/759 1889/1266/753
f 1891/1268/755 1897/1273/761 1896/1272/760 1890/1267/754
f 1892/1269/756 1898/1274/762 1897/1273/761 1891/1268/755
f 1894/1270/757 1900/1275/763 1899/1276/764 1893/205/758
f 1895/1271/759 1901/1277/765 1900/1275/763 1894/1270/757
f 1896/1272/760 1902/1278/766 1901/1277/765 1895/1271/759
f 1897/1273/761 1903/1279/767 1902/1278/766 1896/1272/760
f 1898/1274/762 1904/1280/768 1903/1279/767 1897/1273/761
f 1900/1275/763 1906/1281/769 1905/162/770 1899/1276/764
f 1901/1277/765 1907/1282/771 1906/1281/769 1900/1275/763
f 1902/1278/766 1908/1283/772 1907/1282/771 1901/1277/765
f 1903/1279/767 1909/1284/773 1908/1283/772 1902/1278/766
f 1904/1280/768 1910/1285/774 1909/1284/773 1903/1279/767
f 1906/1281/769 1912/1286/775 1911/1287/776 1905/162/770
f 1907/1282/771 1913/1288/777 1912/1286/775 1906/1281/769
f 1908/1283/772 1914/1289/778 1913/1288/777 1907/1282/771
f 1909/1284/773 1915/1290/779 1914/1289/778 1908/1283/772
f 1910/1285/774 1916/1291/780 1915/1290/779 1909/1284/773
f 1912/1286/775 1918/1292/781 1917/138/782 1911/1287/776
f 1913/1288/777 1919/1293/783 1918/1292/781 1912/1286/775
f 1914/1289/778 1920/1294/784 1919/1293/783 1913/1288/777
f 1915/1290/779 1921/1295/785 1920/1294/784 1914/1289/778
f 1916/1291/780 1922/1296/786 1921/1295/785 1915/1290/779
f 1918/1292/781 1924/1297/787 1923/1298/788 1917/138/782
f 1919/1293/783 1925/1299/789 1924/1297/787 1918/1292/781
f 1920/1294/784 1926/1300/790 1925/1299/789 1919/1293/783
f 1921/1295/785 1927/1301/791 1926/1300/790 1920/1294/784
f 1922/1296/786 1928/1302/792 1927/1301/791 1921/1295/785
f 1924/1297/787 1930/1303/793 1929/122/794 1923/1298/788
f 1925/1299/789 1931/1304/795 1930/1303/793 1924/1297/787
f 1926/1300/790 1932/1305/796 1931/1304/795 1925/1299/789
f 1927/1301/791 1933/1306/797 1932/1305/796 1926/1300/790
f 1928/1302/792 1934/1307/798 1933/1306/797 1927/1301/791
f 1930/1303/793 1936/1308/799 1935/1309/800 1929/122/794
f 1931/1304/795 1937/1310/801 1936/1308/799 1930/1303/793
f 1932/1305/796 1938/1311/802 1937/1310/801 1931/1304/795
f 1933/1306/797 1939/1312/803 1938/1311/802 1932/1305/796
f 1934/1307/798 1940/1313/804 1939/1312/803 1933/1306/797
f 1936/1308/799 1942/1314/805 1941/112/806 1935/1309/800
f 1937/1310/801 1943/1315/807 1942/1314/805 1936/1308/799
f 1938/1311/802 1944/1316/808 1943/1315/807 1937/1310/801
f 1939/1312/803 1945/1317/809 1944/1316/808 1938/1311/802
f 1940/1313/804 1946/1318/810 1945/1317/809 1939/1312/803
f 1942/1314/805 1948/1319/811 1947/239/812 1941/112/806
f 1943/1315/807 1949/1320/813 1948/1319/811 1942/1314/805
f 1944/1316/808 1950/1321/814 1949/1320/813 1943/1315/807
f 1945/1317/809 1951/1322/815 1950/1321/814 1944/1316/808
f 1946/1318/810 1952/1323/816 1951/1322/815 1945/1317/809
f 1948/1319/811 1954/1324/817 1953/132/818 1947/239/812
f 1949/1320/813 1955/1325/819 1954/1324/817 1948/1319/811
f 1950/1321/814 1956/1326/820 1955/1325/819 1949/1320/813
f 1951/1322/815 1957/1327/821 1956/1326/820 1950/1321/814
f 1952/1323/816 1958/1328/822 1957/1327/821 1951/1322/815
f 1954/1324/817 1960/1329/823 1959/1330/824 1953/132/818
f 1955/1325/819 1961/1331/825 1960/1329/823 1954/1324/817
f 1956/1326/820 1962/1332/826 1961/1331/825 1955/1325/819
f 1957/1327/821 1963/1333/827 1962/1332/826 1956/1326/820
f 1958/1328/822 1964/1334/828 1963/1333/827 1957/1327/821
f 1960/1329/823 1966/1335/829 1965/157/830 1959/1330/824
f 1961/1331/825 1967/1336/831 1966/1335/829 1960/1329/823
f 1962/1332/826 1968/1337/832 1967/1336/831 1961/1331/825
f 1963/1333/827 1969/1338/833 1968/1337/832 1962/1332/826
f 1964/1334/828 1970/1339/834 1969/1338/833 1963/1333/827
f 1966/1335/829 1972/1340/835 1971/1341/836 1965/157/830
f 1967/1336/831 1973/1342/837 1972/1340/835 1966/1335/829
f 1968/1337/832 1974/1343/838 1973/1342/837 1967/1336/831
f 1969/1338/833 1975/1344/839 1974/1343/838 1968/1337/832
f 1970/1339/834 1976/1345/840 1975/1344/839 1969/1338/833
f 1972/1340/835 1978/1346/841 1977/165/842 1971/1341/836
f 1973/1342/837 1979/1347/843 1978/1346/841 1972/1340/835
f 1974/1343/838 1980/1348/844 1979/1347/843 1973/1342/837
f 1975/1344/839 1981/1349/845 1980/1348/844 1974/1343/838
f 1976/1345/840 1982/1350/846 1981/1349/845 1975/1344/839
f 1978/1346/841 1984/1351/847 1983/1352/848 1977/165/842
f 1979/1347/843 1985/1353/849 1984/1351/847 1978/1346/841
f 1980/1348/844 1986/1354/850 1985/1353/849 1979/1347/843
f 1981/1349/845 1987/1355/851 1986/1354/850 1980/1348/844
f 1982/1350/846 1988/1356/852 1987/1355/851 1981/1349/845
f 1984/1351/847 1822/1181/685 1821/32/688 1983/1352/848
f 1985/1353/849 1823/1182/689 1822/1181/685 1984/1351/847
f 1986/1354/850 1824/1183/691 1823/1182/689 1985/1353/849
f 1987/1355/851 1825/1184/693 1824/1183/691 1986/1354/850
f 1988/1356/852 1826/1185/695 1825/1184/693 1987/1355/851
f 1990/528/853 1996/1357/854 1995/1358/855 1989/68/856
f 1991/531/857 1997/1359/858 1996/1357/854 1990/528/853
f 1992/533/859 1998/1360/860 1997/1359/858 1991/531/857
f 1993/535/861 1999/1361/862 1998/1360/860 1992/533/859
f 1994/537/863 2000/1362/864 1999/1361/862 1993/535/861
f 1996/1357/854 2002/1363/865 2001/1364/866 1995/1358/855
f 1997/1359/858 2003/1365/867 2002/1363/865 1996/1357/854
f 1998/1360/860 2004/1366/868 2003/1365/867 1997/1359/858
f 1999/1361/862 2005/1367/869 2004/1366/868 1998/1360/860
f 2000/1362/864 2006/1368/870 2005/1367/869 1999/1361/862
f 2002/1363/865 2008/1369/871 2007/1370/872 2001/1364/866
f 2003/1365/867 2009/1371/873 2008/1369/871 2002/1363/865
f 2004/1366/868 2010/1372/874 2009/1371/873 2003/1365/867
f 2005/1367/869 2011/1373/875 2010/1372/874 2004/1366/868
f 2006/1368/870 2012/1374/876 2011/1373/875 2005/1367/869
f 2008/1369/871 2014/1375/877 2013/1376/878 2007/1370/872
f 2009/1371/873 2015/1377/879 2014/1375/877 2008/1369/871
f 2010/1372/874 2016/1378/880 2015/1377/879 2009/1371/873
f 2011/1373/875 2017/1379/881 2016/1378/880 2010/1372/874
f 2012/1374/876 2018/1380/882 2017/1379/881 2011/1373/875
f 2014/1375/877 2020/1381/883 2019/1382/884 2013/1376/878
f 2015/1377/879 2021/1383/885 2020/1381/883 2014/1375/877
f 2016/1378/880 2022/1384/886 2021/1383/885 2015/1377/879
f 2017/1379/881 2023/1385/887 2022/1384/886 2016/1378/880
f 2018/1380/882 2024/1386/888 2023/1385/887 2017/1379/881
f 2020/1381/883 2026/1387/889 2025/1388/890 2019/1382/884
f 2021/1383/885 2027/1389/891 2026/1387/889 2020/1381/883
f 2022/1384/886 2028/1390/892 2027/1389/891 2021/1383/885
f 2023/1385/887 2029/1391/893 2028/1390/892 2022/1384/886
f 2024/1386/888 2030/1392/894 2029/1391/893 2023/1385/887
f 2026/1387/889 2032/1393/895 2031/1394/896 2025/1388/890
f 2027/1389/891 2033/1395/897 2032/1393/895 2026/1387/889
f 2028/1390/892 2034/1396/898 2033/1395/897 2027/1389/891
f 2029/1391/893 2035/1397/899 2034/1396/898 2028/1390/892
f 2030/1392/894 2036/1398/900 2035/1397/899 2029/1391/893
f 2032/1393/895 2038/1399/901 2037/1400/902 2031/1394/896
f 2033/1395/897 2039/1401/903 2038/1399/901 2032/1393/895
f 2034/1396/898 2040/1402/904 2039/1401/903 2033/1395/897
f 2035/1397/899 2041/1403/905 2040/1402/904 2034/1396/898
f 2036/1398/900 2042/1404/906 2041/1403/905 2035/1397/899
f 2038/1399/901 2044/1405/907 2043/1406/908 2037/1400/902
f 2039/1401/903 2045/1407/909 2044/1405/907 2038/1399/901
f 2040/1402/904 2046/1408/910 2045/1407/909 2039/1401/903
f 2041/1403/905 2047/1409/911 2046/1408/910 2040/1402/904
f 2042/1404/906 2048/1410/912 2047/1409/911 2041/1403/905
f 2044/1405/907 2050/1411/913 2049/1412/914 2043/1406/908
f 2045/1407/909 2051/1413/915 2050/1411/913 2044/1405/907
f 2046/1408/910 2052/1414/916 2051/1413/915 2045/1407/909
f 2047/1409/911 2053/1415/917 2052/1414/916 2046/1408/910
f 2048/1410/912 2054/1416/918 2053/1415/917 2047/1409/911
f 2050/1411/913 2056/1417/919 2055/176/920 2049/1412/914
f 2051/1413/915 2057/1418/921 2056/1417/919 2050/1411/913
f 2052/1414/916 2058/1419/922 2057/1418/921 2051/1413/915
f 2053/1415/917 2059/1420/923 2058/1419/922 2052/1414/916
f 2054/1416/918 2060/1421/924 2059/1420/923 2053/1415/917
f 2056/1417/919 2062/1422/925 2061/1423/926 2055/176/920
f 2057/1418/921 2063/1424/927 2062/1422/925 2056/1417/919
f 2058/1419/922 2064/1425/928 2063/1424/927 2057/1418/921
f 2059/1420/923 2065/1426/929 2064/1425/928 2058/1419/922
f 2060/1421/924 2066/1427/930 2065/1426/929 2059/1420/923
f 2062/1422/925 2068/1428/931 2067/1429/932 2061/1423/926
f 2063/1424/927 2069/1430/933 2068/1428/931 2062/1422/925
f 2064/1425/928 2070/1431/934 2069/1430/933 2063/1424/927
f 2065/1426/929 2071/1432/935 2070/1431/934 2064/1425/928
f 2066/1427/930 2072/1433/936 2071/1432/935 2065/1426/929
f 2068/1428/931 2074/1434/937 2073/1435/938 2067/1429/932
f 2069/1430/933 2075/1436/939 2074/1434/937 2068/1428/931
f 2070/1431/934 2076/1437/940 2075/1436/939 2069/1430/933
f 2071/1432/935 2077/1438/941 2076/1437/940 2070/1431/934
f 2072/1433/936 2078/1439/942 2077/1438/941 2071/1432/935
f 2074/1434/937 2080/1440/943 2079/1441/944 2073/1435/938
f 2075/1436/939 2081/1442/945 2080/1440/943 2074/1434/937
f 2076/1437/940 2082/1443/946 2081/1442/945 2075/1436/939
f 2077/1438/941 2083/1444/947 2082/1443/946 2076/1437/940
f 2078/1439/942 2084/1445/948 2083/1444/947 2077/1438/941
f 2080/1440/943 2086/1446/949 2085/1447/950 2079/1441/944
f 2081/1442/945 2087/1448/951 2086/1446/949 2080/1440/943
f 2082/1443/946 2088/1449/952 2087/1448/951 2081/1442/945
f 2083/1444/947 2089/1450/953 2088/1449/952 2082/1443/946
f 2084/1445/948 2090/1451/954 2089/1450/953 2083/1444/947
f 2086/1446/949 2092/1452/955 2091/1453/956 2085/1447/950
f 2087/1448/951 2093/1454/957 2092/1452/955 2086/1446/949
f 2088/1449/952 2094/1455/958 2093/1454/957 2087/1448/951
f 2089/1450/953 2095/1456/959 2094/1455/958 2088/1449/952
f 2090/1451/954 2096/1457/960 2095/1456/959 2089/1450/953
f 2092/1452/955 2098/1458/961 2097/1459/962 2091/1453/956
f 2093/1454/957 2099/1460/963 2098/1458/961 2092/1452/955
f 2094/1455/958 2100/1461/964 2099/1460/963 2093/1454/957
f 2095/1456/959 2101/1462/965 2100/1461/964 2094/1455/958
f 2096/1457/960 2102/1463/966 2101/1462/965 2095/1456/959
f 2098/1458/961 2104/1464/967 2103/1465/968 2097/1459/962
f 2099/1460/963 2105/1466/969 2104/1464/967 2098/1458/961
f 2100/1461/964 2106/1467/970 2105/1466/969 2099/1460/963
f 2101/1462/965 2107/1468/971 2106/1467/970 2100/1461/964
f 2102/1463/966 2108/1469/972 2107/1468/971 2101/1462/965
f 2104/1464/967 2110/1470/973 2109/1471/974 2103/1465/968
f 2105/1466/969 2111/1472/975 2110/1470/973 2104/1464/967
f 2106/1467/970 2112/1473/976 2111/1472/975 2105/1466/969
f 2107/1468/971 2113/1474/977 2112/1473/976 2106/1467/970
f 2108/1469/972 2114/1475/978 2113/1474/977 2107/1468/971
f 2110/1470/973 2116/1476/979 2115/1477/980 2109/1471/974
f 2111/1472/975 2117/1478/981 2116/1476/979 2110/1470/973
f 2112/1473/976 2118/1479/982 2117/1478/981 2111/1472/975
f 2113/1474/977 2119/1480/983 2118/1479/982 2112/1473/976
f 2114/1475/978 2120/1481/984 2119/1480/983 2113/1474/977
f 2116/1476/979 2122/1482/985 2121/228/986 2115/1477/980
f 2117/1478/981 2123/1483/987 2122/1482/985 2116/1476/979
f 2118/1479/982 2124/1484/988 2123/1483/987 2117/1478/981
f 2119/1480/983 2125/1485/989 2124/1484/988 2118/1479/982
f 2120/1481/984 2126/1486/990 2125/1485/989 2119/1480/983
f 2122/1482/985 2128/1487/991 2127/1488/992 2121/228/986
f 2123/1483/987 2129/1489/993 2128/1487/991 2122/1482/985
f 2124/1484/988 2130/1490/994 2129/1489/993 2123/1483/987
f 2125/1485/989 2131/1491/995 2130/1490/994 2124/1484/988
f 2126/1486/990 2132/1492/996 2131/1491/995 2125/1485/989
f 2128/1487/991 2134/1493/997 2133/1494/998 2127/1488/992
f 2129/1489/993 2135/1495/999 2134/1493/997 2128/1487/991
f 2130/1490/994 2136/1496/1000 2135/1495/999 2129/1489/993
f 2131/1491/995 2137/1497/1001 2136/1496/1000 2130/1490/994
f 2132/1492/996 2138/1498/1002 2137/1497/1001 2131/1491/995
f 2134/1493/997 2140/1499/1003 2139/1500/1004 2133/1494/998
f 2135/1495/999 2141/1501/1005 2140/1499/1003 2134/1493/997
f 2136/1496/1000 2142/1502/1006 2141/1501/1005 2135/1495/999
f 2137/1497/1001 2143/1503/1007 2142/1502/1006 2136/1496/1000
f 2138/1498/1002 2144/1504/1008 2143/1503/1007 2137/1497/1001
f 2140/1499/1003 2146/1505/1009 2145/1506/1010 2139/1500/1004
f 2141/1501/1005 2147/1507/1011 2146/1505/1009 2140/1499/1003
f 2142/1502/1006 2148/1508/1012 2147/1507/1011 2141/1501/1005
f 2143/1503/1007 2149/1509/1013 2148/1508/1012 2142/1502/1006
f 2144/1504/1008 2150/1510/1014 2149/1509/1013 2143/1503/1007
f 2146/1505/1009 2152/1511/1015 2151/1512/1016 2145/1506/1010
f 2147/1507/1011 2153/1513/1017 2152/1511/1015 2146/1505/1009
f 2148/1508/1012 2154/1514/1018 2153/1513/1017 2147/1507/1011
f 2149/1509/1013 2155/1515/1019 2154/1514/1018 2148/1508/1012
f 2150/1510/1014 2156/1516/1020 2155/1515/1019 2149/1509/1013
f 2152/1511/1015 2158/1517/1021 2157/1518/1022 2151/1512/1016
f 2153/1513/1017 2159/1519/1023 2158/1517/1021 2152/1511/1015
f 2154/1514/1018 2160/1520/1024 2159/1519/1023 2153/1513/1017
f 2155/1515/1019 2161/1521/1025 2160/1520/1024 2154/1514/1018
f 2156/1516/1020 2162/1522/1026 2161/1521/1025 2155/1515/1019
f 2158/1517/1021 2164/1523/1027 2163/1524/1028 2157/1518/1022
f 2159/1519/1023 2165/1525/1029 2164/1523/1027 2158/1517/1021
f 2160/1520/1024 2166/1526/1030 2165/1525/1029 2159/1519/1023
f 2161/1521/1025 2167/1527/1031 2166/1526/1030 2160/1520/1024
f 2162/1522/1026 2168/1528/1032 2167/1527/1031 2161/1521/1025
f 2164/1523/1027 2170/1529/1033 2169/1530/1034 2163/1524/1028
f 2165/1525/1029 2171/1531/1035 2170/1529/1033 2164/1523/1027
f 2166/1526/1030 2172/1532/1036 2171/1531/1035 2165/1525/1029
f 2167/1527/1031 2173/1533/1037 2172/1532/1036 2166/1526/1030
f 2168/1528/1032 2174/1534/1038 2173/1533/1037 2167/1527/1031
f 2170/1529/1033 2176/1535/1039 2175/1536/1040 2169/1530/1034
f 2171/1531/1035 2177/1537/1041 2176/1535/1039 2170/1529/1033
f 2172/1532/1036 2178/1538/1042 2177/1537/1041 2171/1531/1035
f 2173/1533/1037 2179/1539/1043 2178/1538/1042 2172/1532/1036
f 2174/1534/1038 2180/1540/1044 2179/1539/1043 2173/1533/1037
f 2176/1535/1039 2182/1541/1045 2181/1542/1046 2175/1536/1040
f 2177/1537/1041 2183/1543/1047 2182/1541/1045 2176/1535/1039
f 2178/1538/1042 2184/1544/1048 2183/1543/1047 2177/1537/1041
f 2179/1539/1043 2185/1545/1049 2184/1544/1048 2178/1538/1042
f 2180/1540/1044 2186/1546/1050 2185/1545/1049 2179/1539/1043
f 2182/1541/1045 2188/1281/1051 2187/162/1052 2181/1542/1046
f 2183/1543/1047 2189/1282/1053 2188/1281/1051 2182/1541/1045
f 2184/1544/1048 2190/1283/1054 2189/1282/1053 2183/1543/1047
f 2185/1545/1049 2191/1284/1055 2190/1283/1054 2184/1544/1048
f 2186/1546/1050 2192/1285/1056 2191/1284/1055 2185/1545/1049
f 2188/1281/1051 2194/1547/1057 2193/1548/1058 2187/162/1052
f 2189/1282/1053 2195/1549/1059 2194/1547/1057 2188/1281/1051
f 2190/1283/1054 2196/1550/1060 2195/1549/1059 2189/1282/1053
f 2191/1284/1055 2197/1551/1061 2196/1550/1060 2190/1283/1054
f 2192/1285/1056 2198/1552/1062 2197/1551/1061 2191/1284/1055
f 2194/1547/1057 2200/1553/1063 2199/1554/1058 2193/1548/1058
f 2195/1549/1059 2201/1555/1064 2200/1553/1063 2194/1547/1057
f 2196/1550/1060 2202/1556/1065 2201/1555/1064 2195/1549/1059
f 2197/1551/1061 2203/1557/1066 2202/1556/1065 2196/1550/1060
f 2198/1552/1062 2204/1558/1062 2203/1557/1066 2197/1551/1061
f 2200/1553/1063 2206/1559/1067 2205/1560/1068 2199/1554/1058
f 2201/1555/1064 2207/1561/1069 2206/1559/1067 2200/1553/1063
f 2202/1556/1065 2208/1562/1070 2207/1561/1069 2201/1555/1064
f 2203/1557/1066 2209/1563/1071 2208/1562/1070 2202/1556/1065
f 2204/1558/1062 2210/1564/1072 2209/1563/1071 2203/1557/1066
f 2206/1559/1067 2212/1565/1073 2211/1566/1068 2205/1560/1068
f 2207/1561/1069 2213/1567/1074 2212/1565/1073 2206/1559/1067
f 2208/1562/1070 2214/1568/1075 2213/1567/1074 2207/1561/1069
f 2209/1563/1071 2215/1569/1076 2214/1568/1075 2208/1562/1070
f 2210/1564/1072 2216/1570/1072 2215/1569/1076 2209/1563/1071
f 2212/1565/1073 2218/1571/1077 2217/1572/1078 2211/1566/1068
f 2213/1567/1074 2219/1573/1079 2218/1571/1077 2212/1565/1073
f 2214/1568/1075 2220/1574/1080 2219/1573/1079 2213/1567/1074
f 2215/1569/1076 2221/1575/1081 2220/1574/1080 2214/1568/1075
f 2216/1570/1072 2222/1576/1082 2221/1575/1081 2215/1569/1076
f 2218/1571/1077 2224/1577/1083 2223/1578/1084 2217/1572/1078
f 2219/1573/1079 2225/1579/1085 2224/1577/1083 2218/1571/1077
f 2220/1574/1080 2226/1580/1086 2225/1579/1085 2219/1573/1079
f 2221/1575/1081 2227/1581/1087 2226/1580/1086 2220/1574/1080
f 2222/1576/1082 2228/1582/1088 2227/1581/1087 2221/1575/1081
f 2224/1577/1083 2230/1583/1089 2229/1584/1090 2223/1578/1084
f 2225/1579/1085 2231/1585/1091 2230/1583/1089 2224/1577/1083
f 2226/1580/1086 2232/1586/1092 2231/1585/1091 2225/1579/1085
f 2227/1581/1087 2233/1587/1093 2232/1586/1092 2226/1580/1086
f 2228/1582/1088 2234/1588/1094 2233/1587/1093 2227/1581/1087
f 2230/1583/1089 2236/1589/1095 2235/1590/1096 2229/1584/1090
f 2231/1585/1091 2237/1591/1097 2236/1589/1095 2230/1583/1089
f 2232/1586/1092 2238/1592/1098 2237/1591/1097 2231/1585/1091
f 2233/1587/1093 2239/1593/1099 2238/1592/1098 2232/1586/1092
f 2234/1588/1094 2240/1594/1100 2239/1593/1099 2233/1587/1093
f 2236/1589/1095 2242/1595/1101 2241/1596/1102 2235/1590/1096
f 2237/1591/1097 2243/1597/1103 2242/1595/1101 2236/1589/1095
f 2238/1592/1098 2244/1598/1104 2243/1597/1103 2237/1591/1097
f 2239/1593/1099 2245/1599/1105 2244/1598/1104 2238/1592/1098
f 2240/1594/1100 2246/1600/1106 2245/1599/1105 2239/1593/1099
f 2242/1595/1101 2248/1601/1107 2247/1602/1108 2241/1596/1102
f 2243/1597/1103 2249/1603/1109 2248/1601/1107 2242/1595/1101
f 2244/1598/1104 2250/1604/1110 2249/1603/1109 2243/1597/1103
f 2245/1599/1105 2251/1605/1111 2250/1604/1110 2244/1598/1104
f 2246/1600/1106 2252/1606/1112 2251/1605/1111 2245/1599/1105
f 2248/1601/1107 2254/1607/1113 2253/118/1114 2247/1602/1108
f 2249/1603/1109 2255/1608/1115 2254/1607/1113 2248/1601/1107
f 2250/1604/1110 2256/1609/1116 2255/1608/1115 2249/1603/1109
f 2251/1605/1111 2257/1610/1117 2256/1609/1116 2250/1604/1110
f 2252/1606/1112 2258/1611/1118 2257/1610/1117 2251/1605/1111
f 2254/1607/1113 2260/1612/1119 2259/1613/1052 2253/118/1114
f 2255/1608/1115 2261/1614/1120 2260/1612/1119 2254/1607/1113
f 2256/1609/1116 2262/1615/1121 2261/1614/1120 2255/1608/1115
f 2257/1610/1117 2263/1616/1122 2262/1615/1121 2256/1609/1116
f 2258/1611/1118 2264/1617/1056 2263/1616/1122 2257/1610/1117
f 2260/1612/1119 2266/1618/1123 2265/1619/1124 2259/1613/1052
f 2261/1614/1120 2267/1620/1125 2266/1618/1123 2260/1612/1119
f 2262/1615/1121 2268/1621/1126 2267/1620/1125 2261/1614/1120
f 2263/1616/1122 2269/1622/1127 2268/1621/1126 2262/1615/1121
f 2264/1617/1056 2270/1623/1128 2269/1622/1127 2263/1616/1122
f 2266/1618/1123 2272/1624/1129 2271/1625/1130 2265/1619/1124
f 2267/1620/1125 2273/1626/1131 2272/1624/1129 2266/1618/1123
f 2268/1621/1126 2274/1627/1132 2273/1626/1131 2267/1620/1125
f 2269/1622/1127 2275/1628/1133 2274/1627/1132 2268/1621/1126
f 2270/1623/1128 2276/1629/1134 2275/1628/1133 2269/1622/1127
f 2272/1624/1129 2278/1630/1135 2277/1631/1136 2271/1625/1130
f 2273/1626/1131 2279/1632/1137 2278/1630/1135 2272/1624/1129
f 2274/1627/1132 2280/1633/1138 2279/1632/1137 2273/1626/1131
f 2275/1628/1133 2281/1634/1139 2280/1633/1138 2274/1627/1132
f 2276/1629/1134 2282/1635/1140 2281/1634/1139 2275/1628/1133
f 2278/1630/1135 2284/1636/1141 2283/1637/1142 2277/1631/1136
f 2279/1632/1137 2285/1638/1143 2284/1636/1141 2278/1630/1135
f 2280/1633/1138 2286/1639/1144 2285/1638/1143 2279/1632/1137
f 2281/1634/1139 2287/1640/1145 2286/1639/1144 2280/1633/1138
f 2282/1635/1140 2288/1641/1146 2287/1640/1145 2281/1634/1139
f 2284/1636/1141 2290/1642/1147 2289/1643/1148 2283/1637/1142
f 2285/1638/1143 2291/1644/1149 2290/1642/1147 2284/1636/1141
f 2286/1639/1144 2292/1645/1150 2291/1644/1149 2285/1638/1143
f 2287/1640/1145 2293/1646/1151 2292/1645/1150 2286/1639/1144
f 2288/1641/1146 2294/1647/1152 2293/1646/1151 2287/1640/1145
f 2290/1642/1147 2296/1648/1153 2295/1649/1154 2289/1643/1148
f 2291/1644/1149 2297/1650/1155 2296/1648/1153 2290/1642/1147
f 2292/1645/1150 2298/1651/1156 2297/1650/1155 2291/1644/1149
f 2293/1646/1151 2299/1652/1157 2298/1651/1156 2292/1645/1150
f 2294/1647/1152 2300/1653/1158 2299/1652/1157 2293/1646/1151
f 2296/1648/1153 2302/1654/1159 2301/1655/1160 2295/1649/1154
f 2297/1650/1155 2303/1656/1161 2302/1654/1159 2296/1648/1153
f 2298/1651/1156 2304/1657/1162 2303/1656/1161 2297/1650/1155
f 2299/1652/1157 2305/1658/1163 2304/1657/1162 2298/1651/1156
f 2300/1653/1158 2306/1659/1164 2305/1658/1163 2299/1652/1157
f 2302/1654/1159 2308/1660/1165 2307/1661/1166 2301/1655/1160
f 2303/1656/1161 2309/1662/1167 2308/1660/1165 2302/1654/1159
f 2304/1657/1162 2310/1663/1168 2309/1662/1167 2303/1656/1161
f 2305/1658/1163 2311/1664/1169 2310/1663/1168 2304/1657/1162
f 2306/1659/1164 2312/1665/1170 2311/1664/1169 2305/1658/1163
f 2308/1660/1165 2314/1666/1171 2313/1667/1172 2307/1661/1166
f 2309/1662/1167 2315/1668/1173 2314/1666/1171 2308/1660/1165
f 2310/1663/1168 2316/1669/1174 2315/1668/1173 2309/1662/1167
f 2311/1664/1169 2317/1670/1175 2316/1669/1174 2310/1663/1168
f 2312/1665/1170 2318/1671/1176 2317/1670/1175 2311/1664/1169
f 2314/1666/1171 2320/1672/1177 2319/146/1178 2313/1667/1172
f 2315/1668/1173 2321/1673/1179 2320/1672/1177 2314/1666/1171
f 2316/1669/1174 2322/1674/1180 2321/1673/1179 2315/1668/1173
f 2317/1670/1175 2323/1675/1181 2322/1674/1180 2316/1669/1174
f 2318/1671/1176 2324/1676/1182 2323/1675/1181 2317/1670/1175
f 2320/1672/1177 2326/1677/1183 2325/1678/1184 2319/146/1178
f 2321/1673/1179 2327/1679/1185 2326/1677/1183 2320/1672/1177
f 2322/1674/1180 2328/1680/1186 2327/1679/1185 2321/1673/1179
f 2323/1675/1181 2329/1681/1187 2328/1680/1186 2322/1674/1180
f 2324/1676/1182 2330/1682/1188 2329/1681/1187 2323/1675/1181
f 2326/1677/1183 2332/1683/1189 2331/1684/1190 2325/1678/1184
f 2327/1679/1185 2333/1685/1191 2332/1683/1189 2326/1677/1183
f 2328/1680/1186 2334/1686/1192 2333/1685/1191 2327/1679/1185
f 2329/1681/1187 2335/1687/1193 2334/1686/1192 2328/1680/1186
f 2330/1682/1188 2336/1688/1194 2335/1687/1193 2329/1681/1187
f 2332/1683/1189 2338/1689/1195 2337/1690/1196 2331/1684/1190
f 2333/1685/1191 2339/1691/1197 2338/1689/1195 2332/1683/1189
f 2334/1686/1192 2340/1692/1198 2339/1691/1197 2333/1685/1191
f 2335/1687/1193 2341/1693/1199 2340/1692/1198 2334/1686/1192
f 2336/1688/1194 2342/1694/1200 2341/1693/1199 2335/1687/1193
f 2338/1689/1195 2344/1695/1201 2343/1696/1202 2337/1690/1196
f 2339/1691/1197 2345/1697/1203 2344/1695/1201 2338/1689/1195
f 2340/1692/1198 2346/1698/1204 2345/1697/1203 2339/1691/1197
f 2341/1693/1199 2347/1699/1205 2346/1698/1204 2340/1692/1198
f 2342/1694/1200 2348/1700/1206 2347/1699/1205 2341/1693/1199
f 2344/1695/1201 2350/1701/1207 2349/1702/1208 2343/1696/1202
f 2345/1697/1203 2351/1703/1209 2350/1701/1207 2344/1695/1201
f 2346/1698/1204 2352/1704/1210 2351/1703/1209 2345/1697/1203
f 2347/1699/1205 2353/1705/1211 2352/1704/1210 2346/1698/1204
f 2348/1700/1206 2354/1706/1212 2353/1705/1211 2347/1699/1205
f 2350/1701/1207 2356/1707/1213 2355/1708/1214 2349/1702/1208
f 2351/1703/1209 2357/1709/1215 2356/1707/1213 2350/1701/1207
f 2352/1704/1210 2358/1710/1216 2357/1709/1215 2351/1703/1209
f 2353/1705/1211 2359/1711/1217 2358/1710/1216 2352/1704/1210
f 2354/1706/1212 2360/1712/1218 2359/1711/1217 2353/1705/1211
f 2356/1707/1213 2362/1713/1219 2361/1714/1220 2355/1708/1214
f 2357/1709/1215 2363/1715/1221 2362/1713/1219 2356/1707/1213
f 2358/1710/1216 2364/1716/1222 2363/1715/1221 2357/1709/1215
f 2359/1711/1217 2365/1717/1223 2364/1716/1222 2358/1710/1216
f 2360/1712/1218 2366/1718/1224 2365/1717/1223 2359/1711/1217
f 2362/1713/1219 2368/1719/1225 2367/1720/1226 2361/1714/1220
f 2363/1715/1221 2369/1721/1227 2368/1719/1225 2362/1713/1219
f 2364/1716/1222 2370/1722/1228 2369/1721/1227 2363/1715/1221
f 2365/1717/1223 2371/1723/1229 2370/1722/1228 2364/1716/1222
f 2366/1718/1224 2372/1724/1230 2371/1723/1229 2365/1717/1223
f 2368/1719/1225 2374/1725/1231 2373/1726/1232 2367/1720/1226
f 2369/1721/1227 2375/1727/1233 2374/1725/1231 2368/1719/1225
f 2370/1722/1228 2376/1728/1234 2375/1727/1233 2369/1721/1227
f 2371/1723/1229 2377/1729/1235 2376/1728/1234 2370/1722/1228
f 2372/1724/1230 2378/1730/1236 2377/1729/1235 2371/1723/1229
f 2374/1725/1231 2380/1731/1237 2379/1732/1238 2373/1726/1232
f 2375/1727/1233 2381/1733/1239 2380/1731/1237 2374/1725/1231
f 2376/1728/1234 2382/1734/1240 2381/1733/1239 2375/1727/1233
f 2377/1729/1235 2383/1735/1241 2382/1734/1240 2376/1728/1234
f 2378/1730/1236 2384/1736/1242 2383/1735/1241 2377/1729/1235
f 2380/1731/1237 1990/1181/853 1989/32/856 2379/1732/1238
f 2381/1733/1239 1991/1182/857 1990/1181/853 2380/1731/1237
f 2382/1734/1240 1992/1183/859 1991/1182/857 2381/1733/1239
f 2383/1735/1241 1993/1184/861 1992/1183/859 2382/1734/1240
f 2384/1736/1242 1994/1185/863 1993/1184/861 2383/1735/1241
f 2386/528/1243 2392/1737/1244 2391/1738/1245 2385/68/1246
f 2387/531/1247 2393/1739/1248 2392/1737/1244 2386/528/1243
f 2388/533/1249 2394/1740/1250 2393/1739/1248 2387/531/1247
f 2389/535/1251 2395/1741/1252 2394/1740/1250 2388/533/1249
f 2390/537/1253 2396/1742/1254 2395/1741/1252 2389/535/1251
f 2392/1737/1244 2398/1743/1255 2397/1744/1256 2391/1738/1245
f 2393/1739/1248 2399/1745/1257 2398/1743/1255 2392/1737/1244
f 2394/1740/1250 2400/1746/1258 2399/1745/1257 2393/1739/1248
f 2395/1741/1252 2401/1747/1259 2400/1746/1258 2394/1740/1250
f 2396/1742/1254 2402/1748/1260 2401/1747/1259 2395/1741/1252
f 2398/1743/1255 2404/1749/1261 2403/1750/1262 2397/1744/1256
f 2399/1745/1257 2405/1751/1263 2404/1749/1261 2398/1743/1255
f 2400/1746/1258 2406/1752/1264 2405/1751/1263 2399/1745/1257
f 2401/1747/1259 2407/1753/1265 2406/1752/1264 2400/1746/1258
f 2402/1748/1260 2408/1754/1266 2407/1753/1265 2401/1747/1259
f 2404/1749/1261 2410/1755/1267 2409/1756/1268 2403/1750/1262
f 2405/1751/1263 2411/1757/1269 2410/1755/1267 2404/1749/1261
f 2406/1752/1264 2412/1758/1270 2411/1757/1269 2405/1751/1263
f 2407/1753/1265 2413/1759/1271 2412/1758/1270 2406/1752/1264
f 2408/1754/1266 2414/1760/1272 2413/1759/1271 2407/1753/1265
f 2410/1755/1267 2416/1761/1273 2415/1762/1274 2409/1756/1268
f 2411/1757/1269 2417/1763/1275 2416/1761/1273 2410/1755/1267
f 2412/1758/1270 2418/1764/1276 2417/1763/1275 2411/1757/1269
f 2413/1759/1271 2419/1765/1277 2418/1764/1276 2412/1758/1270
f 2414/1760/1272 2420/1766/1278 2419/1765/1277 2413/1759/1271
f 2416/1761/1273 2422/1767/1279 2421/1768/1280 2415/1762/1274
f 2417/1763/1275 2423/1769/1281 2422/1767/1279 2416/1761/1273
f 2418/1764/1276 2424/1770/1282 2423/1769/1281 2417/1763/1275
f 2419/1765/1277 2425/1771/1283 2424/1770/1282 2418/1764/1276
f 2420/1766/1278 2426/1772/1284 2425/1771/1283 2419/1765/1277
f 2422/1767/1279 2428/1773/1285 2427/1774/1280 2421/1768/1280
f 2423/1769/1281 2429/1775/1286 2428/1773/1285 2422/1767/1279
f 2424/1770/1282 2430/1776/1287 2429/1775/1286 2423/1769/1281
f 2425/1771/1283 2431/1777/1288 2430/1776/1287 2424/1770/1282
f 2426/1772/1284 2432/1778/1284 2431/1777/1288 2425/1771/1283
f 2428/1773/1285 2434/1779/1289 2433/1780/1290 2427/1774/1280
f 2429/1775/1286 2435/1781/1291 2434/1779/1289 2428/1773/1285
f 2430/1776/1287 2436/1782/1292 2435/1781/1291 2429/1775/1286
f 2431/1777/1288 2437/1783/1293 2436/1782/1292 2430/1776/1287
f 2432/1778/1284 2438/1784/1294 2437/1783/1293 2431/1777/1288
f 2434/1779/1289 2440/1785/1295 2439/1786/1296 2433/1780/1290
f 2435/1781/1291 2441/1787/1297 2440/1785/1295 2434/1779/1289
f 2436/1782/1292 2442/1788/1298 2441/1787/1297 2435/1781/1291
f 2437/1783/1293 2443/1789/1299 2442/1788/1298 2436/1782/1292
f 2438/1784/1294 2444/1790/1300 2443/1789/1299 2437/1783/1293
f 2440/1785/1295 2446/1791/1301 2445/1792/1302 2439/1786/1296
f 2441/1787/1297 2447/1793/1303 2446/1791/1301 2440/1785/1295
f 2442/1788/1298 2448/1794/1304 2447/1793/1303 2441/1787/1297
f 2443/1789/1299 2449/1795/1305 2448/1794/1304 2442/1788/1298
f 2444/1790/1300 2450/1796/1306 2449/1795/1305 2443/1789/1299
f 2446/1791/1301 2452/1797/1307 2451/1798/1308 2445/1792/1302
f 2447/1793/1303 2453/1799/1309 2452/1797/1307 2446/1791/1301
f 2448/1794/1304 2454/1800/1310 2453/1799/1309 2447/1793/1303
f 2449/1795/1305 2455/1801/1311 2454/1800/1310 2448/1794/1304
f 2450/1796/1306 2456/1802/1312 2455/1801/1311 2449/1795/1305
f 2452/1797/1307 2458/1803/1313 2457/1804/1314 2451/1798/1308
f 2453/1799/1309 2459/1805/1315 2458/1803/1313 2452/1797/1307
f 2454/1800/1310 2460/1806/1316 2459/1805/1315 2453/1799/1309
f 2455/1801/1311 2461/1807/1317 2460/1806/1316 2454/1800/1310
f 2456/1802/1312 2462/1808/1318 2461/1807/1317 2455/1801/1311
f 2458/1803/1313 2464/1809/1319 2463/1810/1320 2457/1804/1314
f 2459/1805/1315 2465/1811/1321 2464/1809/1319 2458/1803/1313
f 2460/1806/1316 2466/1812/1322 2465/1811/1321 2459/1805/1315
f 2461/1807/1317 2467/1813/1323 2466/1812/1322 2460/1806/1316
f 2462/1808/1318 2468/1814/1324 2467/1813/1323 2461/1807/1317
f 2464/1809/1319 2470/1815/1325 2469/1816/1326 2463/1810/1320
f 2465/1811/1321 2471/1817/1327 2470/1815/1325 2464/1809/1319
f 2466/1812/1322 2472/1818/1328 2471/1817/1327 2465/1811/1321
f 2467/1813/1323 2473/1819/1329 2472/1818/1328 2466/1812/1322
f 2468/1814/1324 2474/1820/1330 2473/1819/1329 2467/1813/1323
f 2470/1815/1325 2476/1821/1331 2475/1822/1332 2469/1816/1326
f 2471/1817/1327 2477/1823/1333 2476/1821/1331 2470/1815/1325
f 2472/1818/1328 2478/1824/1334 2477/1823/1333 2471/1817/1327
f 2473/1819/1329 2479/1825/1335 2478/1824/1334 2472/1818/1328
f 2474/1820/1330 2480/1826/1336 2479/1825/1335 2473/1819/1329
f 2476/1821/1331 2482/1827/1337 2481/1828/1338 2475/1822/1332
f 2477/1823/1333 2483/1829/1339 2482/1827/1337 2476/1821/1331
f 2478/1824/1334 2484/1830/1340 2483/1829/1339 2477/1823/1333
f 2479/1825/1335 2485/1831/1341 2484/1830/1340 2478/1824/1334
f 2480/1826/1336 2486/1832/1342 2485/1831/1341 2479/1825/1335
f 2482/1827/1337 2488/1833/1343 2487/1834/1344 2481/1828/1338
f 2483/1829/1339 2489/1835/1345 2488/1833/1343 2482/1827/1337
f 2484/1830/1340 2490/1836/1346 2489/1835/1345 2483/1829/1339
f 2485/1831/1341 2491/1837/1347 2490/1836/1346 2484/1830/1340
f 2486/1832/1342 2492/1838/1348 2491/1837/1347 2485/1831/1341
f 2488/1833/1343 2494/1839/1349 2493/1840/1350 2487/1834/1344
f 2489/1835/1345 2495/1841/1351 2494/1839/1349 2488/1833/1343
f 2490/1836/1346 2496/1842/1352 2495/1841/1351 2489/1835/1345
f 2491/1837/1347 2497/1843/1353 2496/1842/1352 2490/1836/1346
f 2492/1838/1348 2498/1844/1354 2497/1843/1353 2491/1837/1347
f 2494/1839/1349 2500/1845/1355 2499/1846/1356 2493/1840/1350
f 2495/1841/1351 2501/1847/1357 2500/1845/1355 2494/1839/1349
f 2496/1842/1352 2502/1848/1358 2501/1847/1357 2495/1841/1351
f 2497/1843/1353 2503/1849/1359 2502/1848/1358 2496/1842/1352
f 2498/1844/1354 2504/1850/1360 2503/1849/1359 2497/1843/1353
f 2500/1845/1355 2506/1851/1361 2505/1852/1362 2499/1846/1356
f 2501/1847/1357 2507/1853/1363 2506/1851/1361 2500/1845/1355
f 2502/1848/1358 2508/1854/1364 2507/1853/1363 2501/1847/1357
f 2503/1849/1359 2509/1855/1365 2508/1854/1364 2502/1848/1358
f 2504/1850/1360 2510/1856/1366 2509/1855/1365 2503/1849/1359
f 2506/1851/1361 2512/1857/1367 2511/1858/1368 2505/1852/1362
f 2507/1853/1363 2513/1859/1369 2512/1857/1367 2506/1851/1361
f 2508/1854/1364 2514/1860/1370 2513/1859/1369 2507/1853/1363
f 2509/1855/1365 2515/1861/1371 2514/1860/1370 2508/1854/1364
f 2510/1856/1366 2516/1862/1372 2515/1861/1371 2509/1855/1365
f 2512/1857/1367 2518/1863/1373 2517/1864/1374 2511/1858/1368
f 2513/1859/1369 2519/1865/1375 2518/1863/1373 2512/1857/1367
f 2514/1860/1370 2520/1866/1376 2519/1865/1375 2513/1859/1369
f 2515/1861/1371 2521/1867/1377 2520/1866/1376 2514/1860/1370
f 2516/1862/1372 2522/1868/1378 2521/1867/1377 2515/1861/1371
f 2518/1863/1373 2524/1869/1379 2523/1870/1380 2517/1864/1374
f 2519/1865/1375 2525/1871/1381 2524/1869/1379 2518/1863/1373
f 2520/1866/1376 2526/1872/1382 2525/1871/1381 2519/1865/1375
f 2521/1867/1377 2527/1873/1383 2526/1872/1382 2520/1866/1376
f 2522/1868/1378 2528/1874/1384 2527/1873/1383 2521/1867/1377
f 2524/1869/1379 2530/1875/1385 2529/1876/1386 2523/1870/1380
f 2525/1871/1381 2531/1877/1387 2530/1875/1385 2524/1869/1379
f 2526/1872/1382 2532/1878/1388 2531/1877/1387 2525/1871/1381
f 2527/1873/1383 2533/1879/1389 2532/1878/1388 2526/1872/1382
f 2528/1874/1384 2534/1880/1390 2533/1879/1389 2527/1873/1383
f 2530/1875/1385 2536/1881/1391 2535/1882/1392 2529/1876/1386
f 2531/1877/1387 2537/1883/1393 2536/1881/1391 2530/1875/1385
f 2532/1878/1388 2538/1884/1394 2537/1883/1393 2531/1877/1387
f 2533/1879/1389 2539/1885/1395 2538/1884/1394 2532/1878/1388
f 2534/1880/1390 2540/1886/1396 2539/1885/1395 2533/1879/1389
f 2536/1881/1391 2542/1887/1397 2541/1888/1398 2535/1882/1392
f 2537/1883/1393 2543/1889/1399 2542/1887/1397 2536/1881/1391
f 2538/1884/1394 2544/1890/1400 2543/1889/1399 2537/1883/1393
f 2539/1885/1395 2545/1891/1401 2544/1890/1400 2538/1884/1394
f 2540/1886/1396 2546/1892/1402 2545/1891/1401 2539/1885/1395
f 2542/1887/1397 2548/1893/1403 2547/1894/1404 2541/1888/1398
f 2543/1889/1399 2549/1895/1405 2548/1893/1403 2542/1887/1397
f 2544/1890/1400 2550/1896/1406 2549/1895/1405 2543/1889/1399
f 2545/1891/1401 2551/1897/1407 2550/1896/1406 2544/1890/1400
f 2546/1892/1402 2552/1898/1408 2551/1897/1407 2545/1891/1401
f 2548/1893/1403 2554/1899/1409 2553/1900/1410 2547/1894/1404
f 2549/1895/1405 2555/1901/1411 2554/1899/1409 2548/1893/1403
f 2550/1896/1406 2556/1902/1412 2555/1901/1411 2549/1895/1405
f 2551/1897/1407 2557/1903/1413 2556/1902/1412 2550/1896/1406
f 2552/1898/1408 2558/1904/1414 2557/1903/1413 2551/1897/1407
f 2554/1899/1409 2560/1905/1415 2559/1906/1416 2553/1900/1410
f 2555/1901/1411 2561/1907/1417 2560/1905/1415 2554/1899/1409
f 2556/1902/1412 2562/1908/1418 2561/1907/1417 2555/1901/1411
f 2557/1903/1413 2563/1909/1419 2562/1908/1418 2556/1902/1412
f 2558/1904/1414 2564/1910/1420 2563/1909/1419 2557/1903/1413
f 2560/1905/1415 2566/1911/1421 2565/1912/1422 2559/1906/1416
f 2561/1907/1417 2567/1913/1423 2566/1911/1421 2560/1905/1415
f 2562/1908/1418 2568/1914/1424 2567/1913/1423 2561/1907/1417
f 2563/1909/1419 2569/1915/1425 2568/1914/1424 2562/1908/1418
f 2564/1910/1420 2570/1916/1426 2569/1915/1425 2563/1909/1419
f 2566/1911/1421 2572/1917/1427 2571/1918/1428 2565/1912/1422
f 2567/1913/1423 2573/1919/1429 2572/1917/1427 2566/1911/1421
f 2568/1914/1424 2574/1920/1430 2573/1919/1429 2567/1913/1423
f 2569/1915/1425 2575/1921/1431 2574/1920/1430 2568/1914/1424
f 2570/1916/1426 2576/1922/1432 2575/1921/1431 2569/1915/1425
f 2572/1917/1427 2578/1923/1433 2577/1924/1434 2571/1918/1428
f 2573/1919/1429 2579/1925/1435 2578/1923/1433 2572/1917/1427
f 2574/1920/1430 2580/1926/1436 2579/1925/1435 2573/1919/1429
f 2575/1921/1431 2581/1927/1437 2580/1926/1436 2574/1920/1430
f 2576/1922/1432 2582/1928/1438 2581/1927/1437 2575/1921/1431
f 2578/1923/1433 2584/1929/1439 2583/1930/1440 2577/1924/1434
f 2579/1925/1435 2585/1931/1441 2584/1929/1439 2578/1923/1433
f 2580/1926/1436 2586/1932/1442 2585/1931/1441 2579/1925/1435
f 2581/1927/1437 2587/1933/1443 2586/1932/1442 2580/1926/1436
f 2582/1928/1438 2588/1934/1444 2587/1933/1443 2581/1927/1437
f 2584/1929/1439 2590/1935/1445 2589/1936/1446 2583/1930/1440
f 2585/1931/1441 2591/1937/1447 2590/1935/1445 2584/1929/1439
f 2586/1932/1442 2592/1938/1448 2591/1937/1447 2585/1931/1441
f 2587/1933/1443 2593/1939/1449 2592/1938/1448 2586/1932/1442
f 2588/1934/1444 2594/1940/1450 2593/1939/1449 2587/1933/1443
f 2590/1935/1445 2596/1941/1451 2595/1942/1452 2589/1936/1446
f 2591/1937/1447 2597/1943/1453 2596/1941/1451 2590/1935/1445
f 2592/1938/1448 2598/1944/1454 2597/1943/1453 2591/1937/1447
f 2593/1939/1449 2599/1945/1455 2598/1944/1454 2592/1938/1448
f 2594/1940/1450 2600/1946/1456 2599/1945/1455 2593/1939/1449
f 2596/1941/1451 2602/1947/1457 2601/1948/1458 2595/1942/1452
f 2597/1943/1453 2603/1949/1459 2602/1947/1457 2596/1941/1451
f 2598/1944/1454 2604/1950/1460 2603/1949/1459 2597/1943/1453
f 2599/1945/1455 2605/1951/1461 2604/1950/1460 2598/1944/1454
f 2600/1946/1456 2606/1952/1462 2605/1951/1461 2599/1945/1455
f 2602/1947/1457 2608/1953/1463 2607/1954/1464 2601/1948/1458
f 2603/1949/1459 2609/1955/1465 2608/1953/1463 2602/1947/1457
f 2604/1950/1460 2610/1956/1466 2609/1955/1465 2603/1949/1459
f 2605/1951/1461 2611/1957/1467 2610/1956/1466 2604/1950/1460
f 2606/1952/1462 2612/1958/1468 2611/1957/1467 2605/1951/1461
f 2608/1953/1463 2614/1959/1469 2613/1960/1470 2607/1954/1464
f 2609/1955/1465 2615/1961/1471 2614/1959/1469 2608/1953/1463
f 2610/1956/1466 2616/1962/1472 2615/1961/1471 2609/1955/1465
f 2611/1957/1467 2617/1963/1473 2616/1962/1472 2610/1956/1466
f 2612/1958/1468 2618/1964/1474 2617/1963/1473 2611/1957/1467
f 2614/1959/1469 2620/1965/1475 2619/1966/1476 2613/1960/1470
f 2615/1961/1471 2621/1967/1477 2620/1965/1475 2614/1959/1469
f 2616/1962/1472 2622/1968/1478 2621/1967/1477 2615/1961/1471
f 2617/1963/1473 2623/1969/1479 2622/1968/1478 2616/1962/1472
f 2618/1964/1474 2624/1970/1480 2623/1969/1479 2617/1963/1473
f 2620/1965/1475 2626/1971/1481 2625/1972/1482 2619/1966/1476
f 2621/1967/1477 2627/1973/1483 2626/1971/1481 2620/1965/1475
f 2622/1968/1478 2628/1974/1484 2627/1973/1483 2621/1967/1477
f 2623/1969/1479 2629/1975/1485 2628/1974/1484 2622/1968/1478
f 2624/1970/1480 2630/1976/1486 2629/1975/1485 2623/1969/1479
f 2626/1971/1481 2632/1977/1487 2631/1978/1488 2625/1972/1482
f 2627/1973/1483 2633/1979/1489 2632/1977/1487 2626/1971/1481
f 2628/1974/1484 2634/1980/1490 2633/1979/1489 2627/1973/1483
f 2629/1975/1485 2635/1981/1491 2634/1980/1490 2628/1974/1484
f 2630/1976/1486 2636/1982/1492 2635/1981/1491 2629/1975/1485
f 2632/1977/1487 2638/1983/1493 2637/1984/1494 2631/1978/1488
f 2633/1979/1489 2639/1985/1495 2638/1983/1493 2632/1977/1487
f 2634/1980/1490 2640/1986/1496 2639/1985/1495 2633/1979/1489
f 2635/1981/1491 2641/1987/1497 2640/1986/1496 2634/1980/1490
f 2636/1982/1492 2642/1988/1498 2641/1987/1497 2635/1981/1491
f 2638/1983/1493 2644/1989/1499 2643/1990/1500 2637/1984/1494
f 2639/1985/1495 2645/1991/1501 2644/1989/1499 2638/1983/1493
f 2640/1986/1496 2646/1992/1502 2645/1991/1501 2639/1985/1495
f 2641/1987/1497 2647/1993/1503 2646/1992/1502 2640/1986/1496
f 2642/1988/1498 2648/1994/1504 2647/1993/1503 2641/1987/1497
f 2644/1989/1499 2650/1995/1505 2649/1996/1506 2643/1990/1500
f 2645/1991/1501 2651/1997/1507 2650/1995/1505 2644/1989/1499
f 2646/1992/1502 2652/1998/1508 2651/1997/1507 2645/1991/1501
f 2647/1993/1503 2653/1999/1509 2652/1998/1508 2646/1992/1502
f 2648/1994/1504 2654/2000/1510 2653/1999/1509 2647/1993/1503
f 2650/1995/1505 2656/2001/1511 2655/2002/1512 2649/1996/1506
f 2651/1997/1507 2657/2003/1513 2656/2001/1511 2650/1995/1505
f 2652/1998/1508 2658/2004/1514 2657/2003/1513 2651/1997/1507
f 2653/1999/1509 2659/2005/1515 2658/2004/1514 2652/1998/1508
f 2654/2000/1510 2660/2006/1516 2659/2005/1515 2653/1999/1509
f 2656/2001/1511 2662/2007/1517 2661/2008/1518 2655/2002/1512
f 2657/2003/1513 2663/2009/1519 2662/2007/1517 2656/2001/1511
f 2658/2004/1514 2664/2010/1520 2663/2009/1519 2657/2003/1513
f 2659/2005/1515 2665/2011/1521 2664/2010/1520 2658/2004/1514
f 2660/2006/1516 2666/2012/1522 2665/2011/1521 2659/2005/1515
f 2662/2007/1517 2668/1281/1523 2667/162/1524 2661/2008/1518
f 2663/2009/1519 2669/1282/1525 2668/1281/1523 2662/2007/1517
f 2664/2010/1520 2670/1283/1526 2669/1282/1525 2663/2009/1519
f 2665/2011/1521 2671/1284/1527 2670/1283/1526 2664/2010/1520
f 2666/2012/1522 2672/1285/1528 2671/1284/1527 2665/2011/1521
f 2668/1281/1523 2674/2013/1529 2673/2014/1530 2667/162/1524
f 2669/1282/1525 2675/2015/1531 2674/2013/1529 2668/1281/1523
f 2670/1283/1526 2676/2016/1532 2675/2015/1531 2669/1282/1525
f 2671/1284/1527 2677/2017/1533 2676/2016/1532 2670/1283/1526
f 2672/1285/1528 2678/2018/1534 2677/2017/1533 2671/1284/1527
f 2674/2013/1529 2680/2019/1535 2679/2020/1536 2673/2014/1530
f 2675/2015/1531 2681/2021/1537 2680/2019/1535 2674/2013/1529
f 2676/2016/1532 2682/2022/1538 2681/2021/1537 2675/2015/1531
f 2677/2017/1533 2683/2023/1539 2682/2022/1538 2676/2016/1532
f 2678/2018/1534 2684/2024/1540 2683/2023/1539 2677/2017/1533
f 2680/2019/1535 2686/2025/1541 2685/2026/1542 2679/2020/1536
f 2681/2021/1537 2687/2027/1543 2686/2025/1541 2680/2019/1535
f 2682/2022/1538 2688/2028/1544 2687/2027/1543 2681/2021/1537
f 2683/2023/1539 2689/2029/1545 2688/2028/1544 2682/2022/1538
f 2684/2024/1540 2690/2030/1546 2689/2029/1545 2683/2023/1539
f 2686/2025/1541 2692/2031/1547 2691/2032/1548 2685/2026/1542
f 2687/2027/1543 2693/2033/1549 2692/2031/1547 2686/2025/1541
f 2688/2028/1544 2694/2034/1550 2693/2033/1549 2687/2027/1543
f 2689/2029/1545 2695/2035/1551 2694/2034/1550 2688/2028/1544
f 2690/2030/1546 2696/2036/1552 2695/2035/1551 2689/2029/1545
f 2692/2031/1547 2698/2037/1553 2697/2038/1554 2691/2032/1548
f 2693/2033/1549 2699/2039/1555 2698/2037/1553 2692/2031/1547
f 2694/2034/1550 2700/2040/1556 2699/2039/1555 2693/2033/1549
f 2695/2035/1551 2701/2041/1557 2700/2040/1556 2694/2034/1550
f 2696/2036/1552 2702/2042/1558 2701/2041/1557 2695/2035/1551
f 2698/2037/1553 2704/2043/1559 2703/2044/1560 2697/2038/1554
f 2699/2039/1555 2705/2045/1561 2704/2043/1559 2698/2037/1553
f 2700/2040/1556 2706/2046/1562 2705/2045/1561 2699/2039/1555
f 2701/2041/1557 2707/2047/1563 2706/2046/1562 2700/2040/1556
f 2702/2042/1558 2708/2048/1564 2707/2047/1563 2701/2041/1557
f 2704/2043/1559 2710/2049/1565 2709/2050/1566 2703/2044/1560
f 2705/2045/1561 2711/2051/1567 2710/2049/1565 2704/2043/1559
f 2706/2046/1562 2712/2052/1568 2711/2051/1567 2705/2045/1561
f 2707/2047/1563 2713/2053/1569 2712/2052/1568 2706/2046/1562
f 2708/2048/1564 2714/2054/1570 2713/2053/1569 2707/2047/1563
f 2710/2049/1565 2716/2055/1571 2715/2056/1572 2709/2050/1566
f 2711/2051/1567 2717/2057/1573 2716/2055/1571 2710/2049/1565
f 2712/2052/1568 2718/2058/1574 2717/2057/1573 2711/2051/1567
f 2713/2053/1569 2719/2059/1575 2718/2058/1574 2712/2052/1568
f 2714/2054/1570 2720/2060/1576 2719/2059/1575 2713/2053/1569
f 2716/2055/1571 2722/2061/1577 2721/2062/1578 2715/2056/1572
f 2717/2057/1573 2723/2063/1579 2722/2061/1577 2716/2055/1571
f 2718/2058/1574 2724/2064/1580 2723/2063/1579 2717/2057/1573
f 2719/2059/1575 2725/2065/1581 2724/2064/1580 2718/2058/1574
f 2720/2060/1576 2726/2066/1582 2725/2065/1581 2719/2059/1575
f 2722/2061/1577 2728/2067/1583 2727/2068/1584 2721/2062/1578
f 2723/2063/1579 2729/2069/1585 2728/2067/1583 2722/2061/1577
f 2724/2064/1580 2730/2070/1586 2729/2069/1585 2723/2063/1579
f 2725/2065/1581 2731/2071/1587 2730/2070/1586 2724/2064/1580
f 2726/2066/1582 2732/2072/1588 2731/2071/1587 2725/2065/1581
f 2728/2067/1583 2734/2073/1589 2733/2074/1590 2727/2068/1584
f 2729/2069/1585 2735/2075/1591 2734/2073/1589 2728/2067/1583
f 2730/2070/1586 2736/2076/1592 2735/2075/1591 2729/2069/1585
f 2731/2071/1587 2737/2077/1593 2736/2076/1592 2730/2070/1586
f 2732/2072/1588 2738/2078/1594 2737/2077/1593 2731/2071/1587
f 2734/2073/1589 2740/2079/1595 2739/2080/1596 2733/2074/1590
f 2735/2075/1591 2741/2081/1597 2740/2079/1595 2734/2073/1589
f 2736/2076/1592 2742/2082/1598 2741/2081/1597 2735/2075/1591
f 2737/2077/1593 2743/2083/1599 2742/2082/1598 2736/2076/1592
f 2738/2078/1594 2744/2084/1600 2743/2083/1599 2737/2077/1593
f 2740/2079/1595 2746/2085/1601 2745/2086/1602 2739/2080/1596
f 2741/2081/1597 2747/2087/1603 2746/2085/1601 2740/2079/1595
f 2742/2082/1598 2748/2088/1604 2747/2087/1603 2741/2081/1597
f 2743/2083/1599 2749/2089/1605 2748/2088/1604 2742/2082/1598
f 2744/2084/1600 2750/2090/1606 2749/2089/1605 2743/2083/1599
f 2746/2085/1601 2752/2091/1607 2751/2092/1608 2745/2086/1602
f 2747/2087/1603 2753/2093/1609 2752/2091/1607 2746/2085/1601
f 2748/2088/1604 2754/2094/1610 2753/2093/1609 2747/2087/1603
f 2749/2089/1605 2755/2095/1611 2754/2094/1610 2748/2088/1604
f 2750/2090/1606 2756/2096/1612 2755/2095/1611 2749/2089/1605
f 2752/2091/1607 2758/2097/1613 2757/2098/1614 2751/2092/1608
f 2753/2093/1609 2759/2099/1615 2758/2097/1613 2752/2091/1607
f 2754/2094/1610 2760/2100/1616 2759/2099/1615 2753/2093/1609
f 2755/2095/1611 2761/2101/1617 2760/2100/1616 2754/2094/1610
f 2756/2096/1612 2762/2102/1618 2761/2101/1617 2755/2095/1611
f 2758/2097/1613 2764/2103/1619 2763/2104/1620 2757/2098/1614
f 2759/2099/1615 2765/2105/1621 2764/2103/1619 2758/2097/1613
f 2760/2100/1616 2766/2106/1622 2765/2105/1621 2759/2099/1615
f 2761/2101/1617 2767/2107/1623 2766/2106/1622 2760/2100/1616
f 2762/2102/1618 2768/2108/1624 2767/2107/1623 2761/2101/1617
f 2764/2103/1619 2770/2109/1625 2769/2110/1626 2763/2104/1620
f 2765/2105/1621 2771/2111/1627 2770/2109/1625 2764/2103/1619
f 2766/2106/1622 2772/2112/1628 2771/2111/1627 2765/2105/1621
f 2767/2107/1623 2773/2113/1629 2772/2112/1628 2766/2106/1622
f 2768/2108/1624 2774/2114/1630 2773/2113/1629 2767/2107/1623
f 2770/2109/1625 2776/2115/1631 2775/2116/1632 2769/2110/1626
f 2771/2111/1627 2777/2117/1633 2776/2115/1631 2770/2109/1625
f 2772/2112/1628 2778/2118/1634 2777/2117/1633 2771/2111/1627
f 2773/2113/1629 2779/2119/1635 2778/2118/1634 2772/2112/1628
f 2774/2114/1630 2780/2120/1636 2779/2119/1635 2773/2113/1629
f 2776/2115/1631 2782/2121/1637 2781/2122/1638 2775/2116/1632
f 2777/2117/1633 2783/2123/1639 2782/2121/1637 2776/2115/1631
f 2778/2118/1634 2784/2124/1640 2783/2123/1639 2777/2117/1633
f 2779/2119/1635 2785/2125/1641 2784/2124/1640 2778/2118/1634
f 2780/2120/1636 2786/2126/1642 2785/2125/1641 2779/2119/1635
f 2782/2121/1637 2788/2127/1643 2787/2128/1644 2781/2122/1638
f 2783/2123/1639 2789/2129/1645 2788/2127/1643 2782/2121/1637
f 2784/2124/1640 2790/2130/1646 2789/2129/1645 2783/2123/1639
f 2785/2125/1641 2791/2131/1647 2790/2130/1646 2784/2124/1640
f 2786/2126/1642 2792/2132/1648 2791/2131/1647 2785/2125/1641
f 2788/2127/1643 2794/2133/1649 2793/2134/1650 2787/2128/1644
f 2789/2129/1645 2795/2135/1651 2794/2133/1649 2788/2127/1643
f 2790/2130/1646 2796/2136/1652 2795/2135/1651 2789/2129/1645
f 2791/2131/1647 2797/2137/1653 2796/2136/1652 2790/2130/1646
f 2792/2132/1648 2798/2138/1654 2797/2137/1653 2791/2131/1647
f 2794/2133/1649 2800/2139/1655 2799/2140/1656 2793/2134/1650
f 2795/2135/1651 2801/2141/1657 2800/2139/1655 2794/2133/1649
f 2796/2136/1652 2802/2142/1658 2801/2141/1657 2795/2135/1651
f 2797/2137/1653 2803/2143/1659 2802/2142/1658 2796/2136/1652
f 2798/2138/1654 2804/2144/1660 2803/2143/1659 2797/2137/1653
f 2800/2139/1655 2806/2145/1661 2805/2146/1662 2799/2140/1656
f 2801/2141/1657 2807/2147/1663 2806/2145/1661 2800/2139/1655
f 2802/2142/1658 2808/2148/1664 2807/2147/1663 2801/2141/1657
f 2803/2143/1659 2809/2149/1665 2808/2148/1664 2802/2142/1658
f 2804/2144/1660 2810/2150/1666 2809/2149/1665 2803/2143/1659
f 2806/2145/1661 2812/2151/1667 2811/2152/1668 2805/2146/1662
f 2807/2147/1663 2813/2153/1669 2812/2151/1667 2806/2145/1661
f 2808/2148/1664 2814/2154/1670 2813/2153/1669 2807/2147/1663
f 2809/2149/1665 2815/2155/1671 2814/2154/1670 2808/2148/1664
f 2810/2150/1666 2816/2156/1672 2815/2155/1671 2809/2149/1665
f 2812/2151/1667 2818/2157/1673 2817/2158/1674 2811/2152/1668
f 2813/2153/1669 2819/2159/1675 2818/2157/1673 2812/2151/1667
f 2814/2154/1670 2820/2160/1676 2819/2159/1675 2813/2153/1669
f 2815/2155/1671 2821/2161/1677 2820/2160/1676 2814/2154/1670
f 2816/2156/1672 2822/2162/1678 2821/2161/1677 2815/2155/1671
f 2818/2157/1673 2824/2163/1679 2823/2164/1680 2817/2158/1674
f 2819/2159/1675 2825/2165/1681 2824/2163/1679 2818/2157/1673
f 2820/2160/1676 2826/2166/1682 2825/2165/1681 2819/2159/1675
f 2821/2161/1677 2827/2167/1683 2826/2166/1682 2820/2160/1676
f 2822/2162/1678 2828/2168/1684 2827/2167/1683 2821/2161/1677
f 2824/2163/1679 2830/2169/1685 2829/2170/1686 2823/2164/1680
f 2825/2165/1681 2831/2171/1687 2830/2169/1685 2824/2163/1679
f 2826/2166/1682 2832/2172/1688 2831/2171/1687 2825/2165/1681
f 2827/2167/1683 2833/2173/1689 2832/2172/1688 2826/2166/1682
f 2828/2168/1684 2834/2174/1690 2833/2173/1689 2827/2167/1683
f 2830/2169/1685 2836/2175/1691 2835/2176/1692 2829/2170/1686
f 2831/2171/1687 2837/2177/1693 2836/2175/1691 2830/2169/1685
f 2832/2172/1688 2838/2178/1694 2837/2177/1693 2831/2171/1687
f 2833/2173/1689 2839/2179/1695 2838/2178/1694 2832/2172/1688
f 2834/2174/1690 2840/2180/1696 2839/2179/1695 2833/2173/1689
f 2836/2175/1691 2842/2181/1697 2841/2182/1698 2835/2176/1692
f 2837/2177/1693 2843/2183/1699 2842/2181/1697 2836/2175/1691
f 2838/2178/1694 2844/2184/1700 2843/2183/1699 2837/2177/1693
f 2839/2179/1695 2845/2185/1701 2844/2184/1700 2838/2178/1694
f 2840/2180/1696 2846/2186/1702 2845/2185/1701 2839/2179/1695
f 2842/2181/1697 2848/2187/1703 2847/2188/1704 2841/2182/1698
f 2843/2183/1699 2849/2189/1705 2848/2187/1703 2842/2181/1697
f 2844/2184/1700 2850/2190/1706 2849/2189/1705 2843/2183/1699
f 2845/2185/1701 2851/2191/1707 2850/2190/1706 2844/2184/1700
f 2846/2186/1702 2852/2192/1708 2851/2191/1707 2845/2185/1701
f 2848/2187/1703 2854/2193/1709 2853/2194/1710 2847/2188/1704
f 2849/2189/1705 2855/2195/1711 2854/2193/1709 2848/2187/1703
f 2850/2190/1706 2856/2196/1712 2855/2195/1711 2849/2189/1705
f 2851/2191/1707 2857/2197/1713 2856/2196/1712 2850/2190/1706
f 2852/2192/1708 2858/2198/1714 2857/2197/1713 2851/2191/1707
f 2854/2193/1709 2860/2199/1715 2859/2200/1716 2853/2194/1710
f 2855/2195/1711 2861/2201/1717 2860/2199/1715 2854/2193/1709
f 2856/2196/1712 2862/2202/1718 2861/2201/1717 2855/2195/1711
f 2857/2197/1713 2863/2203/1719 2862/2202/1718 2856/2196/1712
f 2858/2198/1714 2864/2204/1720 2863/2203/1719 2857/2197/1713
f 2860/2199/1715 2866/2205/1721 2865/2206/1722 2859/2200/1716
f 2861/2201/1717 2867/2207/1723 2866/2205/1721 2860/2199/1715
f 2862/2202/1718 2868/2208/1724 2867/2207/1723 2861/2201/1717
f 2863/2203/1719 2869/2209/1725 2868/2208/1724 2862/2202/1718
f 2864/2204/1720 2870/2210/1726 2869/2209/1725 2863/2203/1719
f 2866/2205/1721 2872/2211/1727 2871/2212/1728 2865/2206/1722
f 2867/2207/1723 2873/2213/1729 2872/2211/1727 2866/2205/1721
f 2868/2208/1724 2874/2214/1730 2873/2213/1729 2867/2207/1723
f 2869/2209/1725 2875/2215/1731 2874/2214/1730 2868/2208/1724
f 2870/2210/1726 2876/2216/1732 2875/2215/1731 2869/2209/1725
f 2872/2211/1727 2878/2217/1733 2877/2218/1734 2871/2212/1728
f 2873/2213/1729 2879/2219/1735 2878/2217/1733 2872/2211/1727
f 2874/2214/1730 2880/2220/1736 2879/2219/1735 2873/2213/1729
f 2875/2215/1731 2881/2221/1737 2880/2220/1736 2874/2214/1730
f 2876/2216/1732 2882/2222/1738 2881/2221/1737 2875/2215/1731
f 2878/2217/1733 2884/2223/1739 2883/2224/1740 2877/2218/1734
f 2879/2219/1735 2885/2225/1741 2884/2223/1739 2878/2217/1733
f 2880/2220/1736 2886/2226/1742 2885/2225/1741 2879/2219/1735
f 2881/2221/1737 2887/2227/1743 2886/2226/1742 2880/2220/1736
f 2882/2222/1738 2888/2228/1744 2887/2227/1743 2881/2221/1737
f 2884/2223/1739 2890/2229/1745 2889/2230/1746 2883/2224/1740
f 2885/2225/1741 2891/2231/1747 2890/2229/1745 2884/2223/1739
f 2886/2226/1742 2892/2232/1748 2891/2231/1747 2885/2225/1741
f 2887/2227/1743 2893/2233/1749 2892/2232/1748 2886/2226/1742
f 2888/2228/1744 2894/2234/1750 2893/2233/1749 2887/2227/1743
f 2890/2229/1745 2896/2235/1751 2895/2236/1752 2889/2230/1746
f 2891/2231/1747 2897/2237/1753 2896/2235/1751 2890/2229/1745
f 2892/2232/1748 2898/2238/1754 2897/2237/1753 2891/2231/1747
f 2893/2233/1749 2899/2239/1755 2898/2238/1754 2892/2232/1748
f 2894/2234/1750 2900/2240/1756 2899/2239/1755 2893/2233/1749
f 2896/2235/1751 2902/2241/1757 2901/2242/1758 2895/2236/1752
f 2897/2237/1753 2903/2243/1759 2902/2241/1757 2896/2235/1751
f 2898/2238/1754 2904/2244/1760 2903/2243/1759 2897/2237/1753
f 2899/2239/1755 2905/2245/1761 2904/2244/1760 2898/2238/1754
f 2900/2240/1756 2906/2246/1762 2905/2245/1761 2899/2239/1755
f 2902/2241/1757 2908/2247/1763 2907/2248/1764 2901/2242/1758
f 2903/2243/1759 2909/2249/1765 2908/2247/1763 2902/2241/1757
f 2904/2244/1760 2910/2250/1766 2909/2249/1765 2903/2243/1759
f 2905/2245/1761 2911/2251/1767 2910/2250/1766 2904/2244/1760
f 2906/2246/1762 2912/2252/1768 2911/2251/1767 2905/2245/1761
f 2908/2247/1763 2914/2253/1769 2913/2254/1770 2907/2248/1764
f 2909/2249/1765 2915/2255/1771 2914/2253/1769 2908/2247/1763
f 2910/2250/1766 2916/2256/1772 2915/2255/1771 2909/2249/1765
f 2911/2251/1767 2917/2257/1773 2916/2256/1772 2910/2250/1766
f 2912/2252/1768 2918/2258/1774 2917/2257/1773 2911/2251/1767
f 2914/2253/1769 2920/2259/1775 2919/2260/1776 2913/2254/1770
f 2915/2255/1771 2921/2261/1777 2920/2259/1775 2914/2253/1769
f 2916/2256/1772 2922/2262/1778 2921/2261/1777 2915/2255/1771
f 2917/2257/1773 2923/2263/1779 2922/2262/1778 2916/2256/1772
f 2918/2258/1774 2924/2264/1780 2923/2263/1779 2917/2257/1773
f 2920/2259/1775 2926/2265/1781 2925/2266/1782 2919/2260/1776
f 2921/2261/1777 2927/2267/1783 2926/2265/1781 2920/2259/1775
f 2922/2262/1778 2928/2268/1784 2927/2267/1783 2921/2261/1777
f 2923/2263/1779 2929/2269/1785 2928/2268/1784 2922/2262/1778
f 2924/2264/1780 2930/2270/1786 2929/2269/1785 2923/2263/1779
f 2926/2265/1781 2932/2271/1787 2931/2272/1788 2925/2266/1782
f 2927/2267/1783 2933/2273/1789 2932/2271/1787 2926/2265/1781
f 2928/2268/1784 2934/2274/1790 2933/2273/1789 2927/2267/1783
f 2929/2269/1785 2935/2275/1791 2934/2274/1790 2928/2268/1784
f 2930/2270/1786 2936/2276/1792 2935/2275/1791 2929/2269/1785
f 2932/2271/1787 2938/2277/1793 2937/2278/1794 2931/2272/1788
f 2933/2273/1789 2939/2279/1795 2938/2277/1793 2932/2271/1787
f 2934/2274/1790 2940/2280/1796 2939/2279/1795 2933/2273/1789
f 2935/2275/1791 2941/2281/1797 2940/2280/1796 2934/2274/1790
f 2936/2276/1792 2942/2282/1798 2941/2281/1797 2935/2275/1791
f 2938/2277/1793 2944/2283/1799 2943/2284/1800 2937/2278/1794
f 2939/2279/1795 2945/2285/1801 2944/2283/1799 2938/2277/1793
f 2940/2280/1796 2946/2286/1802 2945/2285/1801 2939/2279/1795
f 2941/2281/1797 2947/2287/1803 2946/2286/1802 2940/2280/1796
f 2942/2282/1798 2948/2288/1804 2947/2287/1803 2941/2281/1797
f 2944/2283/1799 2386/1181/1243 2385/32/1246 2943/2284/1800
f 2945/2285/1801 2387/1182/1247 2386/1181/1243 2944/2283/1799
f 2946/2286/1802 2388/1183/1249 2387/1182/1247 2945/2285/1801
f 2947/2287/1803 2389/1184/1251 2388/1183/1249 2946/2286/1802
f 2948/2288/1804 2390/1185/1253 2389/1184/1251 2947/2287/1803
f 2950/528/1805 2956/1227/1806 2955/184/1807 2949/68/1808
f 2951/531/1809 2957/1228/1810 2956/1227/1806 2950/528/1805
f 2952/533/1811 2958/1229/1812 2957/1228/1810 2951/531/1809
f 2953/535/1813 2959/1230/1814 2958/1229/1812 2952/533/1811
f 2954/537/1815 2960/1231/1816 2959/1230/1814 2953/535/1813
f 2956/1227/1806 2962/1248/1817 2961/200/1818 2955/184/1807
f 2957/1228/1810 2963/1249/1819 2962/1248/1817 2956/1227/1806
f 2958/1229/1812 2964/1250/1820 2963/1249/1819 2957/1228/1810
f 2959/1230/1814 2965/1251/1821 2964/1250/1820 2958/1229/1812
f 2960/1231/1816 2966/1252/1822 2965/1251/1821 2959/1230/1814
f 2962/1248/1817 2968/1270/1823 2967/205/1824 2961/200/1818
f 2963/1249/1819 2969/1271/1825 2968/1270/1823 2962/1248/1817
f 2964/1250/1820 2970/1272/1826 2969/1271/1825 2963/1249/1819
f 2965/1251/1821 2971/1273/1827 2970/1272/1826 2964/1250/1820
f 2966/1252/1822 2972/1274/1828 2971/1273/1827 2965/1251/1821
f 2968/1270/1823 2974/1292/1829 2973/138/1830 2967/205/1824
f 2969/1271/1825 2975/1293/1831 2974/1292/1829 2968/1270/1823
f 2970/1272/1826 2976/1294/1832 2975/1293/1831 2969/1271/1825
f 2971/1273/1827 2977/1295/1833 2976/1294/1832 2970/1272/1826
f 2972/1274/1828 2978/1296/1834 2977/1295/1833 2971/1273/1827
f 2974/1292/1829 2980/1314/1835 2979/112/1836 2973/138/1830
f 2975/1293/1831 2981/1315/1837 2980/1314/1835 2974/1292/1829
f 2976/1294/1832 2982/1316/1838 2981/1315/1837 2975/1293/1831
f 2977/1295/1833 2983/1317/1839 2982/1316/1838 2976/1294/1832
f 2978/1296/1834 2984/1318/1840 2983/1317/1839 2977/1295/1833
f 2980/1314/1835 2986/1335/1841 2985/157/1842 2979/112/1836
f 2981/1315/1837 2987/1336/1843 2986/1335/1841 2980/1314/1835
f 2982/1316/1838 2988/1337/1844 2987/1336/1843 2981/1315/1837
f 2983/1317/1839 2989/1338/1845 2988/1337/1844 2982/1316/1838
f 2984/1318/1840 2990/1339/1846 2989/1338/1845 2983/1317/1839
f 2986/1335/1841 2950/1181/1805 2949/32/1808 2985/157/1842
f 2987/1336/1843 2951/1182/1809 2950/1181/1805 2986/1335/1841
f 2988/1337/1844 2952/1183/1811 2951/1182/1809 2987/1336/1843
f 2989/1338/1845 2953/1184/1813 2952/1183/1811 2988/1337/1844
f 2990/1339/1846 2954/1185/1815 2953/1184/1813 2989/1338/1845
f 2992/528/1847 2998/2289/1848 2997/2290/1849 2991/68/1850
f 2993/531/1851 2999/2291/1852 2998/2289/1848 2992/528/1847
f 2994/533/1853 3000/2292/1854 2999/2291/1852 2993/531/1851
f 2995/535/1855 3001/2293/1856 3000/2292/1854 2994/533/1853
f 2996/537/1857 3002/2294/1858 3001/2293/1856 2995/535/1855
f 2998/2289/1848 3004/2295/1859 3003/463/1860 2997/2290/1849
f 2999/2291/1852 3005/2296/1861 3004/2295/1859 2998/2289/1848
f 3000/2292/1854 3006/2297/1862 3005/2296/1861 2999/2291/1852
f 3001/2293/1856 3007/2298/1863 3006/2297/1862 3000/2292/1854
f 3002/2294/1858 3008/2299/1864 3007/2298/1863 3001/2293/1856
f 3004/2295/1859 3010/2300/1865 3009/2301/1866 3003/463/1860
f 3005/2296/1861 3011/2302/1867 3010/2300/1865 3004/2295/1859
f 3006/2297/1862 3012/2303/1868 3011/2302/1867 3005/2296/1861
f 3007/2298/1863 3013/2304/1869 3012/2303/1868 3006/2297/1862
f 3008/2299/1864 3014/2305/1870 3013/2304/1869 3007/2298/1863
f 3010/2300/1865 3016/1417/1871 3015/176/1872 3009/2301/1866
f 3011/2302/1867 3017/1418/1873 3016/1417/1871 3010/2300/1865
f 3012/2303/1868 3018/1419/1874 3017/1418/1873 3011/2302/1867
f 3013/2304/1869 3019/1420/1875 3018/1419/1874 3012/2303/1868
f 3014/2305/1870 3020/1421/1876 3019/1420/1875 3013/2304/1869
f 3016/1417/1871 3022/2306/1877 3021/2307/1878 3015/176/1872
f 3017/1418/1873 3023/2308/1879 3022/2306/1877 3016/1417/1871
f 3018/1419/1874 3024/2309/1880 3023/2308/1879 3017/1418/1873
f 3019/1420/1875 3025/2310/1881 3024/2309/1880 3018/1419/1874
f 3020/1421/1876 3026/2311/1882 3025/2310/1881 3019/1420/1875
f 3022/2306/1877 3028/1243/1883 3027/350/1884 3021/2307/1878
f 3023/2308/1879 3029/1244/1885 3028/1243/1883 3022/2306/1877
f 3024/2309/1880 3030/1245/1886 3029/1244/1885 3023/2308/1879
f 3025/2310/1881 3031/1246/1887 3030/1245/1886 3024/2309/1880
f 3026/2311/1882 3032/1247/1888 3031/1246/1887 3025/2310/1881
f 3028/1243/1883 3034/2312/1889 3033/2313/1890 3027/350/1884
f 3029/1244/1885 3035/2314/1891 3034/2312/1889 3028/1243/1883
f 3030/1245/1886 3036/2315/1892 3035/2314/1891 3029/1244/1885
f 3031/1246/1887 3037/2316/1893 3036/2315/1892 3030/1245/1886
f 3032/1247/1888 3038/2317/1894 3037/2316/1893 3031/1246/1887
f 3034/2312/1889 3040/1482/1895 3039/228/1896 3033/2313/1890
f 3035/2314/1891 3041/1483/1897 3040/1482/1895 3034/2312/1889
f 3036/2315/1892 3042/1484/1898 3041/1483/1897 3035/2314/1891
f 3037/2316/1893 3043/1485/1899 3042/1484/1898 3036/2315/1892
f 3038/2317/1894 3044/1486/1900 3043/1485/1899 3037/2316/1893
f 3040/1482/1895 3046/2318/1901 3045/2319/1902 3039/228/1896
f 3041/1483/1897 3047/2320/1903 3046/2318/1901 3040/1482/1895
f 3042/1484/1898 3048/2321/1904 3047/2320/1903 3041/1483/1897
f 3043/1485/1899 3049/2322/1905 3048/2321/1904 3042/1484/1898
f 3044/1486/1900 3050/2323/1906 3049/2322/1905 3043/1485/1899
f 3046/2318/1901 3052/2324/1907 3051/501/1908 3045/2319/1902
f 3047/2320/1903 3053/2325/1909 3052/2324/1907 3046/2318/1901
f 3048/2321/1904 3054/2326/1910 3053/2325/1909 3047/2320/1903
f 3049/2322/1905 3055/2327/1911 3054/2326/1910 3048/2321/1904
f 3050/2323/1906 3056/2328/1912 3055/2327/1911 3049/2322/1905
f 3052/2324/1907 3058/2329/1913 3057/2330/1914 3051/501/1908
f 3053/2325/1909 3059/2331/1915 3058/2329/1913 3052/2324/1907
f 3054/2326/1910 3060/2332/1916 3059/2331/1915 3053/2325/1909
f 3055/2327/1911 3061/2333/1917 3060/2332/1916 3054/2326/1910
f 3056/2328/1912 3062/2334/1918 3061/2333/1917 3055/2327/1911
f 3058/2329/1913 3064/1281/1919 3063/162/1920 3057/2330/1914
f 3059/2331/1915 3065/1282/1921 3064/1281/1919 3058/2329/1913
f 3060/2332/1916 3066/1283/1922 3065/1282/1921 3059/2331/1915
f 3061/2333/1917 3067/1284/1923 3066/1283/1922 3060/2332/1916
f 3062/2334/1918 3068/1285/1924 3067/1284/1923 3061/2333/1917
f 3064/1281/1919 3070/2335/1925 3069/2336/1926 3063/162/1920
f 3065/1282/1921 3071/2337/1927 3070/2335/1925 3064/1281/1919
f 3066/1283/1922 3072/2338/1928 3071/2337/1927 3065/1282/1921
f 3067/1284/1923 3073/2339/1929 3072/2338/1928 3066/1283/1922
f 3068/1285/1924 3074/2340/1930 3073/2339/1929 3067/1284/1923
f 3070/2335/1925 3076/2341/1931 3075/525/1932 3069/2336/1926
f 3071/2337/1927 3077/2342/1933 3076/2341/1931 3070/2335/1925
f 3072/2338/1928 3078/2343/1934 3077/2342/1933 3071/2337/1927
f 3073/2339/1929 3079/2344/1935 3078/2343/1934 3072/2338/1928
f 3074/2340/1930 3080/2345/1936 3079/2344/1935 3073/2339/1929
f 3076/2341/1931 3082/2346/1937 3081/2347/1938 3075/525/1932
f 3077/2342/1933 3083/2348/1939 3082/2346/1937 3076/2341/1931
f 3078/2343/1934 3084/2349/1940 3083/2348/1939 3077/2342/1933
f 3079/2344/1935 3085/2350/1941 3084/2349/1940 3078/2343/1934
f 3080/2345/1936 3086/2351/1942 3085/2350/1941 3079/2344/1935
f 3082/2346/1937 3088/1607/1943 3087/118/1944 3081/2347/1938
f 3083/2348/1939 3089/1608/1945 3088/1607/1943 3082/2346/1937
f 3084/2349/1940 3090/1609/1946 3089/1608/1945 3083/2348/1939
f 3085/2350/1941 3091/1610/1947 3090/1609/1946 3084/2349/1940
f 3086/2351/1942 3092/1611/1948 3091/1610/1947 3085/2350/1941
f 3088/1607/1943 3094/2352/1949 3093/2353/1950 3087/118/1944
f 3089/1608/1945 3095/2354/1951 3094/2352/1949 3088/1607/1943
f 3090/1609/1946 3096/2355/1952 3095/2354/1951 3089/1608/1945
f 3091/1610/1947 3097/2356/1953 3096/2355/1952 3090/1609/1946
f 3092/1611/1948 3098/2357/1954 3097/2356/1953 3091/1610/1947
f 3094/2352/1949 3100/1319/1955 3099/239/1956 3093/2353/1950
f 3095/2354/1951 3101/1320/1957 3100/1319/1955 3094/2352/1949
f 3096/2355/1952 3102/1321/1958 3101/1320/1957 3095/2354/1951
f 3097/2356/1953 3103/1322/1959 3102/1321/1958 3096/2355/1952
f 3098/2357/1954 3104/1323/1960 3103/1322/1959 3097/2356/1953
f 3100/1319/1955 3106/2358/1961 3105/2359/1962 3099/239/1956
f 3101/1320/1957 3107/2360/1963 3106/2358/1961 3100/1319/1955
f 3102/1321/1958 3108/2361/1964 3107/2360/1963 3101/1320/1957
f 3103/1322/1959 3109/2362/1965 3108/2361/1964 3102/1321/1958
f 3104/1323/1960 3110/2363/1966 3109/2362/1965 3103/1322/1959
f 3106/2358/1961 3112/1672/1967 3111/146/1968 3105/2359/1962
f 3107/2360/1963 3113/1673/1969 3112/1672/1967 3106/2358/1961
f 3108/2361/1964 3114/1674/1970 3113/1673/1969 3107/2360/1963
f 3109/2362/1965 3115/1675/1971 3114/1674/1970 3108/2361/1964
f 3110/2363/1966 3116/1676/1972 3115/1675/1971 3109/2362/1965
f 3112/1672/1967 3118/2364/1973 3117/2365/1974 3111/146/1968
f 3113/1673/1969 3119/2366/1975 3118/2364/1973 3112/1672/1967
f 3114/1674/1970 3120/2367/1976 3119/2366/1975 3113/1673/1969
f 3115/1675/1971 3121/2368/1977 3120/2367/1976 3114/1674/1970
f 3116/1676/1972 3122/2369/1978 3121/2368/1977 3115/1675/1971
f 3118/2364/1973 3124/2370/1979 3123/442/1980 3117/2365/1974
f 3119/2366/1975 3125/2371/1981 3124/2370/1979 3118/2364/1973
f 3120/2367/1976 3126/2372/1982 3125/2371/1981 3119/2366/1975
f 3121/2368/1977 3127/2373/1983 3126/2372/1982 3120/2367/1976
f 3122/2369/1978 3128/2374/1984 3127/2373/1983 3121/2368/1977
f 3124/2370/1979 3130/2375/1985 3129/2376/1986 3123/442/1980
f 3125/2371/1981 3131/2377/1987 3130/2375/1985 3124/2370/1979
f 3126/2372/1982 3132/2378/1988 3131/2377/1987 3125/2371/1981
f 3127/2373/1983 3133/2379/1989 3132/2378/1988 3126/2372/1982
f 3128/2374/1984 3134/2380/1990 3133/2379/1989 3127/2373/1983
f 3130/2375/1985 2992/1181/1847 2991/32/1850 3129/2376/1986
f 3131/2377/1987 2993/1182/1851 2992/1181/1847 3130/2375/1985
f 3132/2378/1988 2994/1183/1853 2993/1182/1851 3131/2377/1987
f 3133/2379/1989 2995/1184/1855 2994/1183/1853 3132/2378/1988
f 3134/2380/1990 2996/1185/1857 2995/1184/1855 3133/2379/1989
f 3136/528/1991 3142/2381/1992 3141/2382/1993 3135/68/1994
f 3137/531/1995 3143/2383/1996 3142/2381/1992 3136/528/1991
f 3138/533/1997 3144/2384/1998 3143/2383/1996 3137/531/1995
f 3139/535/1999 3145/2385/2000 3144/2384/1998 3138/533/1997
f 3140/537/2001 3146/2386/2002 3145/2385/2000 3139/535/1999
f 3142/2381/1992 3148/2387/2003 3147/2388/2004 3141/2382/1993
f 3143/2383/1996 3149/2389/2005 3148/2387/2003 3142/2381/1992
f 3144/2384/1998 3150/2390/2006 3149/2389/2005 3143/2383/1996
f 3145/2385/2000 3151/2391/2007 3150/2390/2006 3144/2384/1998
f 3146/2386/2002 3152/2392/2008 3151/2391/2007 3145/2385/2000
f 3148/2387/2003 3154/2393/2009 3153/2394/2010 3147/2388/2004
f 3149/2389/2005 3155/2395/2011 3154/2393/2009 3148/2387/2003
f 3150/2390/2006 3156/2396/2012 3155/2395/2011 3149/2389/2005
f 3151/2391/2007 3157/2397/2013 3156/2396/2012 3150/2390/2006
f 3152/2392/2008 3158/2398/2014 3157/2397/2013 3151/2391/2007
f 3154/2393/2009 3160/2399/2015 3159/2400/2016 3153/2394/2010
f 3155/2395/2011 3161/2401/2017 3160/2399/2015 3154/2393/2009
f 3156/2396/2012 3162/2402/2018 3161/2401/2017 3155/2395/2011
f 3157/2397/2013 3163/2403/2019 3162/2402/2018 3156/2396/2012
f 3158/2398/2014 3164/2404/2020 3163/2403/2019 3157/2397/2013
f 3160/2399/2015 3166/2405/2021 3165/2406/2022 3159/2400/2016
f 3161/2401/2017 3167/2407/2023 3166/2405/2021 3160/2399/2015
f 3162/2402/2018 3168/2408/2024 3167/2407/2023 3161/2401/2017
f 3163/2403/2019 3169/2409/2025 3168/2408/2024 3162/2402/2018
f 3164/2404/2020 3170/2410/2026 3169/2409/2025 3163/2403/2019
f 3166/2405/2021 3172/2411/2027 3171/2412/2028 3165/2406/2022
f 3167/2407/2023 3173/2413/2029 3172/2411/2027 3166/2405/2021
f 3168/2408/2024 3174/2414/2030 3173/2413/2029 3167/2407/2023
f 3169/2409/2025 3175/2415/2031 3174/2414/2030 3168/2408/2024
f 3170/2410/2026 3176/2416/2032 3175/2415/2031 3169/2409/2025
f 3172/2411/2027 3178/2417/2033 3177/2418/2034 3171/2412/2028
f 3173/2413/2029 3179/2419/2035 3178/2417/2033 3172/2411/2027
f 3174/2414/2030 3180/2420/2036 3179/2419/2035 3173/2413/2029
f 3175/2415/2031 3181/2421/2037 3180/2420/2036 3174/2414/2030
f 3176/2416/2032 3182/2422/2038 3181/2421/2037 3175/2415/2031
f 3178/2417/2033 3184/2423/2039 3183/2424/2040 3177/2418/2034
f 3179/2419/2035 3185/2425/2041 3184/2423/2039 3178/2417/2033
f 3180/2420/2036 3186/2426/2042 3185/2425/2041 3179/2419/2035
f 3181/2421/2037 3187/2427/2043 3186/2426/2042 3180/2420/2036
f 3182/2422/2038 3188/2428/2044 3187/2427/2043 3181/2421/2037
f 3184/2423/2039 3190/2429/2045 3189/2430/2046 3183/2424/2040
f 3185/2425/2041 3191/2431/2047 3190/2429/2045 3184/2423/2039
f 3186/2426/2042 3192/2432/2048 3191/2431/2047 3185/2425/2041
f 3187/2427/2043 3193/2433/2049 3192/2432/2048 3186/2426/2042
f 3188/2428/2044 3194/2434/2050 3193/2433/2049 3187/2427/2043
f 3190/2429/2045 3196/2435/2051 3195/2436/2052 3189/2430/2046
f 3191/2431/2047 3197/2437/2053 3196/2435/2051 3190/2429/2045
f 3192/2432/2048 3198/2438/2054 3197/2437/2053 3191/2431/2047
f 3193/2433/2049 3199/2439/2055 3198/2438/2054 3192/2432/2048
f 3194/2434/2050 3200/2440/2056 3199/2439/2055 3193/2433/2049
f 3196/2435/2051 3202/2441/2057 3201/2442/2058 3195/2436/2052
f 3197/2437/2053 3203/2443/2059 3202/2441/2057 3196/2435/2051
f 3198/2438/2054 3204/2444/2060 3203/2443/2059 3197/2437/2053
f 3199/2439/2055 3205/2445/2061 3204/2444/2060 3198/2438/2054
f 3200/2440/2056 3206/2446/2062 3205/2445/2061 3199/2439/2055
f 3202/2441/2057 3208/2447/2063 3207/2448/2064 3201/2442/2058
f 3203/2443/2059 3209/2449/2065 3208/2447/2063 3202/2441/2057
f 3204/2444/2060 3210/2450/2066 3209/2449/2065 3203/2443/2059
f 3205/2445/2061 3211/2451/2067 3210/2450/2066 3204/2444/2060
f 3206/2446/2062 3212/2452/2068 3211/2451/2067 3205/2445/2061
f 3208/2447/2063 3214/2453/2069 3213/2454/2070 3207/2448/2064
f 3209/2449/2065 3215/2455/2071 3214/2453/2069 3208/2447/2063
f 3210/2450/2066 3216/2456/2072 3215/2455/2071 3209/2449/2065
f 3211/2451/2067 3217/2457/2073 3216/2456/2072 3210/2450/2066
f 3212/2452/2068 3218/2458/2074 3217/2457/2073 3211/2451/2067
f 3214/2453/2069 3220/2459/2075 3219/2460/2076 3213/2454/2070
f 3215/2455/2071 3221/2461/2077 3220/2459/2075 3214/2453/2069
f 3216/2456/2072 3222/2462/2078 3221/2461/2077 3215/2455/2071
f 3217/2457/2073 3223/2463/2079 3222/2462/2078 3216/2456/2072
f 3218/2458/2074 3224/2464/2080 3223/2463/2079 3217/2457/2073
f 3220/2459/2075 3226/2465/2081 3225/2466/2082 3219/2460/2076
f 3221/2461/2077 3227/2467/2083 3226/2465/2081 3220/2459/2075
f 3222/2462/2078 3228/2468/2084 3227/2467/2083 3221/2461/2077
f 3223/2463/2079 3229/2469/2085 3228/2468/2084 3222/2462/2078
f 3224/2464/2080 3230/2470/2086 3229/2469/2085 3223/2463/2079
f 3226/2465/2081 3232/2471/2087 3231/2472/2088 3225/2466/2082
f 3227/2467/2083 3233/2473/2089 3232/2471/2087 3226/2465/2081
f 3228/2468/2084 3234/2474/2090 3233/2473/2089 3227/2467/2083
f 3229/2469/2085 3235/2475/2091 3234/2474/2090 3228/2468/2084
f 3230/2470/2086 3236/2476/2092 3235/2475/2091 3229/2469/2085
f 3232/2471/2087 3238/2477/2093 3237/2478/2094 3231/2472/2088
f 3233/2473/2089 3239/2479/2095 3238/2477/2093 3232/2471/2087
f 3234/2474/2090 3240/2480/2096 3239/2479/2095 3233/2473/2089
f 3235/2475/2091 3241/2481/2097 3240/2480/2096 3234/2474/2090
f 3236/2476/2092 3242/2482/2098 3241/2481/2097 3235/2475/2091
f 3238/2477/2093 3244/2483/2099 3243/2484/2100 3237/2478/2094
f 3239/2479/2095 3245/2485/2101 3244/2483/2099 3238/2477/2093
f 3240/2480/2096 3246/2486/2102 3245/2485/2101 3239/2479/2095
f 3241/2481/2097 3247/2487/2103 3246/2486/2102 3240/2480/2096
f 3242/2482/2098 3248/2488/2104 3247/2487/2103 3241/2481/2097
f 3244/2483/2099 3250/2489/2105 3249/2490/2106 3243/2484/2100
f 3245/2485/2101 3251/2491/2107 3250/2489/2105 3244/2483/2099
f 3246/2486/2102 3252/2492/2108 3251/2491/2107 3245/2485/2101
f 3247/2487/2103 3253/2493/2109 3252/2492/2108 3246/2486/2102
f 3248/2488/2104 3254/2494/2110 3253/2493/2109 3247/2487/2103
f 3250/2489/2105 3256/2495/2111 3255/2496/2112 3249/2490/2106
f 3251/2491/2107 3257/2497/2113 3256/2495/2111 3250/2489/2105
f 3252/2492/2108 3258/2498/2114 3257/2497/2113 3251/2491/2107
f 3253/2493/2109 3259/2499/2115 3258/2498/2114 3252/2492/2108
f 3254/2494/2110 3260/2500/2116 3259/2499/2115 3253/2493/2109
f 3256/2495/2111 3262/2501/2117 3261/2502/2118 3255/2496/2112
f 3257/2497/2113 3263/2503/2119 3262/2501/2117 3256/2495/2111
f 3258/2498/2114 3264/2504/2120 3263/2503/2119 3257/2497/2113
f 3259/2499/2115 3265/2505/2121 3264/2504/2120 3258/2498/2114
f 3260/2500/2116 3266/2506/2122 3265/2505/2121 3259/2499/2115
f 3262/2501/2117 3268/2507/2123 3267/2508/2124 3261/2502/2118
f 3263/2503/2119 3269/2509/2125 3268/2507/2123 3262/2501/2117
f 3264/2504/2120 3270/2510/2126 3269/2509/2125 3263/2503/2119
f 3265/2505/2121 3271/2511/2127 3270/2510/2126 3264/2504/2120
f 3266/2506/2122 3272/2512/2128 3271/2511/2127 3265/2505/2121
f 3268/2507/2123 3274/2513/2129 3273/2514/2130 3267/2508/2124
f 3269/2509/2125 3275/2515/2131 3274/2513/2129 3268/2507/2123
f 3270/2510/2126 3276/2516/2132 3275/2515/2131 3269/2509/2125
f 3271/2511/2127 3277/2517/2133 3276/2516/2132 3270/2510/2126
f 3272/2512/2128 3278/2518/2134 3277/2517/2133 3271/2511/2127
f 3274/2513/2129 3280/2519/2135 3279/2520/2136 3273/2514/2130
f 3275/2515/2131 3281/2521/2137 3280/2519/2135 3274/2513/2129
f 3276/2516/2132 3282/2522/2138 3281/2521/2137 3275/2515/2131
f 3277/2517/2133 3283/2523/2139 3282/2522/2138 3276/2516/2132
f 3278/2518/2134 3284/2524/2140 3283/2523/2139 3277/2517/2133
f 3280/2519/2135 3286/2525/2141 3285/2526/2142 3279/2520/2136
f 3281/2521/2137 3287/2527/2143 3286/2525/2141 3280/2519/2135
f 3282/2522/2138 3288/2528/2144 3287/2527/2143 3281/2521/2137
f 3283/2523/2139 3289/2529/2145 3288/2528/2144 3282/2522/2138
f 3284/2524/2140 3290/2530/2146 3289/2529/2145 3283/2523/2139
f 3286/2525/2141 3292/2531/2147 3291/2532/2148 3285/2526/2142
f 3287/2527/2143 3293/2533/2149 3292/2531/2147 3286/2525/2141
f 3288/2528/2144 3294/2534/2150 3293/2533/2149 3287/2527/2143
f 3289/2529/2145 3295/2535/2151 3294/2534/2150 3288/2528/2144
f 3290/2530/2146 3296/2536/2152 3295/2535/2151 3289/2529/2145
f 3292/2531/2147 3298/2537/2153 3297/2538/2154 3291/2532/2148
f 3293/2533/2149 3299/2539/2155 3298/2537/2153 3292/2531/2147
f 3294/2534/2150 3300/2540/2156 3299/2539/2155 3293/2533/2149
f 3295/2535/2151 3301/2541/2157 3300/2540/2156 3294/2534/2150
f 3296/2536/2152 3302/2542/2158 3301/2541/2157 3295/2535/2151
f 3298/2537/2153 3304/2543/2159 3303/2544/2160 3297/2538/2154
f 3299/2539/2155 3305/2545/2161 3304/2543/2159 3298/2537/2153
f 3300/2540/2156 3306/2546/2162 3305/2545/2161 3299/2539/2155
f 3301/2541/2157 3307/2547/2163 3306/2546/2162 3300/2540/2156
f 3302/2542/2158 3308/2548/2164 3307/2547/2163 3301/2541/2157
f 3304/2543/2159 3310/2549/2165 3309/2550/2166 3303/2544/2160
f 3305/2545/2161 3311/2551/2167 3310/2549/2165 3304/2543/2159
f 3306/2546/2162 3312/2552/2168 3311/2551/2167 3305/2545/2161
f 3307/2547/2163 3313/2553/2169 3312/2552/2168 3306/2546/2162
f 3308/2548/2164 3314/2554/2170 3313/2553/2169 3307/2547/2163
f 3310/2549/2165 3316/2555/2171 3315/2556/2172 3309/2550/2166
f 3311/2551/2167 3317/2557/2173 3316/2555/2171 3310/2549/2165
f 3312/2552/2168 3318/2558/2174 3317/2557/2173 3311/2551/2167
f 3313/2553/2169 3319/2559/2175 3318/2558/2174 3312/2552/2168
f 3314/2554/2170 3320/2560/2176 3319/2559/2175 3313/2553/2169
f 3316/2555/2171 3322/2561/2177 3321/2562/2178 3315/2556/2172
f 3317/2557/2173 3323/2563/2179 3322/2561/2177 3316/2555/2171
f 3318/2558/2174 3324/2564/2180 3323/2563/2179 3317/2557/2173
f 3319/2559/2175 3325/2565/2181 3324/2564/2180 3318/2558/2174
f 3320/2560/2176 3326/2566/2182 3325/2565/2181 3319/2559/2175
f 3322/2561/2177 3328/2567/2183 3327/2568/2184 3321/2562/2178
f 3323/2563/2179 3329/2569/2185 3328/2567/2183 3322/2561/2177
f 3324/2564/2180 3330/2570/2186 3329/2569/2185 3323/2563/2179
f 3325/2565/2181 3331/2571/2187 3330/2570/2186 3324/2564/2180
f 3326/2566/2182 3332/2572/2188 3331/2571/2187 3325/2565/2181
f 3328/2567/2183 3334/2573/2189 3333/2574/2190 3327/2568/2184
f 3329/2569/2185 3335/2575/2191 3334/2573/2189 3328/2567/2183
f 3330/2570/2186 3336/2576/2192 3335/2575/2191 3329/2569/2185
f 3331/2571/2187 3337/2577/2193 3336/2576/2192 3330/2570/2186
f 3332/2572/2188 3338/2578/2194 3337/2577/2193 3331/2571/2187
f 3334/2573/2189 3340/2579/2195 3339/2580/2196 3333/2574/2190
f 3335/2575/2191 3341/2581/2197 3340/2579/2195 3334/2573/2189
f 3336/2576/2192 3342/2582/2198 3341/2581/2197 3335/2575/2191
f 3337/2577/2193 3343/2583/2199 3342/2582/2198 3336/2576/2192
f 3338/2578/2194 3344/2584/2200 3343/2583/2199 3337/2577/2193
f 3340/2579/2195 3346/2585/2201 3345/2586/920 3339/2580/2196
f 3341/2581/2197 3347/2587/2202 3346/2585/2201 3340/2579/2195
f 3342/2582/2198 3348/2588/2203 3347/2587/2202 3341/2581/2197
f 3343/2583/2199 3349/2589/2204 3348/2588/2203 3342/2582/2198
f 3344/2584/2200 3350/2590/924 3349/2589/2204 3343/2583/2199
f 3346/2585/2201 3352/2591/919 3351/2592/2205 3345/2586/920
f 3347/2587/2202 3353/2593/921 3352/2591/919 3346/2585/2201
f 3348/2588/2203 3354/2594/922 3353/2593/921 3347/2587/2202
f 3349/2589/2204 3355/2595/923 3354/2594/922 3348/2588/2203
f 3350/2590/924 3356/2596/924 3355/2595/923 3349/2589/2204
f 3352/2591/919 3358/2597/2206 3357/2598/2207 3351/2592/2205
f 3353/2593/921 3359/2599/2208 3358/2597/2206 3352/2591/919
f 3354/2594/922 3360/2600/2209 3359/2599/2208 3353/2593/921
f 3355/2595/923 3361/2601/2210 3360/2600/2209 3354/2594/922
f 3356/2596/924 3362/2602/2211 3361/2601/2210 3355/2595/923
f 3358/2597/2206 3364/2603/2212 3363/2604/2213 3357/2598/2207
f 3359/2599/2208 3365/2605/2214 3364/2603/2212 3358/2597/2206
f 3360/2600/2209 3366/2606/2215 3365/2605/2214 3359/2599/2208
f 3361/2601/2210 3367/2607/2216 3366/2606/2215 3360/2600/2209
f 3362/2602/2211 3368/2608/2217 3367/2607/2216 3361/2601/2210
f 3364/2603/2212 3370/2609/2218 3369/2610/2219 3363/2604/2213
f 3365/2605/2214 3371/2611/2220 3370/2609/2218 3364/2603/2212
f 3366/2606/2215 3372/2612/2221 3371/2611/2220 3365/2605/2214
f 3367/2607/2216 3373/2613/2222 3372/2612/2221 3366/2606/2215
f 3368/2608/2217 3374/2614/2223 3373/2613/2222 3367/2607/2216
f 3370/2609/2218 3376/2615/2224 3375/2616/2225 3369/2610/2219
f 3371/2611/2220 3377/2617/2226 3376/2615/2224 3370/2609/2218
f 3372/2612/2221 3378/2618/2227 3377/2617/2226 3371/2611/2220
f 3373/2613/2222 3379/2619/2228 3378/2618/2227 3372/2612/2221
f 3374/2614/2223 3380/2620/2229 3379/2619/2228 3373/2613/2222
f 3376/2615/2224 3382/2621/2230 3381/2622/2231 3375/2616/2225
f 3377/2617/2226 3383/2623/2232 3382/2621/2230 3376/2615/2224
f 3378/2618/2227 3384/2624/2233 3383/2623/2232 3377/2617/2226
f 3379/2619/2228 3385/2625/2234 3384/2624/2233 3378/2618/2227
f 3380/2620/2229 3386/2626/2235 3385/2625/2234 3379/2619/2228
f 3382/2621/2230 3388/2627/2236 3387/2628/2237 3381/2622/2231
f 3383/2623/2232 3389/2629/2238 3388/2627/2236 3382/2621/2230
f 3384/2624/2233 3390/2630/2239 3389/2629/2238 3383/2623/2232
f 3385/2625/2234 3391/2631/2240 3390/2630/2239 3384/2624/2233
f 3386/2626/2235 3392/2632/2241 3391/2631/2240 3385/2625/2234
f 3388/2627/2236 3394/2633/2242 3393/2634/2243 3387/2628/2237
f 3389/2629/2238 3395/2635/2244 3394/2633/2242 3388/2627/2236
f 3390/2630/2239 3396/2636/2245 3395/2635/2244 3389/2629/2238
f 3391/2631/2240 3397/2637/2246 3396/2636/2245 3390/2630/2239
f 3392/2632/2241 3398/2638/2247 3397/2637/2246 3391/2631/2240
f 3394/2633/2242 3400/2639/2248 3399/2640/2249 3393/2634/2243
f 3395/2635/2244 3401/2641/2250 3400/2639/2248 3394/2633/2242
f 3396/2636/2245 3402/2642/2251 3401/2641/2250 3395/2635/2244
f 3397/2637/2246 3403/2643/2252 3402/2642/2251 3396/2636/2245
f 3398/2638/2247 3404/2644/2253 3403/2643/2252 3397/2637/2246
f 3400/2639/2248 3406/2645/2254 3405/2646/2255 3399/2640/2249
f 3401/2641/2250 3407/2647/2256 3406/2645/2254 3400/2639/2248
f 3402/2642/2251 3408/2648/2257 3407/2647/2256 3401/2641/2250
f 3403/2643/2252 3409/2649/2258 3408/2648/2257 3402/2642/2251
f 3404/2644/2253 3410/2650/2259 3409/2649/2258 3403/2643/2252
f 3406/2645/2254 3412/2651/2260 3411/2652/2261 3405/2646/2255
f 3407/2647/2256 3413/2653/2262 3412/2651/2260 3406/2645/2254
f 3408/2648/2257 3414/2654/2263 3413/2653/2262 3407/2647/2256
f 3409/2649/2258 3415/2655/2264 3414/2654/2263 3408/2648/2257
f 3410/2650/2259 3416/2656/2265 3415/2655/2264 3409/2649/2258
f 3412/2651/2260 3418/2657/2266 3417/2658/2267 3411/2652/2261
f 3413/2653/2262 3419/2659/2268 3418/2657/2266 3412/2651/2260
f 3414/2654/2263 3420/2660/2269 3419/2659/2268 3413/2653/2262
f 3415/2655/2264 3421/2661/2270 3420/2660/2269 3414/2654/2263
f 3416/2656/2265 3422/2662/2271 3421/2661/2270 3415/2655/2264
f 3418/2657/2266 3424/2663/2272 3423/2664/2273 3417/2658/2267
f 3419/2659/2268 3425/2665/2274 3424/2663/2272 3418/2657/2266
f 3420/2660/2269 3426/2666/2275 3425/2665/2274 3419/2659/2268
f 3421/2661/2270 3427/2667/2276 3426/2666/2275 3420/2660/2269
f 3422/2662/2271 3428/2668/2277 3427/2667/2276 3421/2661/2270
f 3424/2663/2272 3430/2669/2278 3429/2670/2279 3423/2664/2273
f 3425/2665/2274 3431/2671/2280 3430/2669/2278 3424/2663/2272
f 3426/2666/2275 3432/2672/2281 3431/2671/2280 3425/2665/2274
f 3427/2667/2276 3433/2673/2282 3432/2672/2281 3426/2666/2275
f 3428/2668/2277 3434/2674/2283 3433/2673/2282 3427/2667/2276
f 3430/2669/2278 3436/2675/2284 3435/2676/2285 3429/2670/2279
f 3431/2671/2280 3437/2677/2286 3436/2675/2284 3430/2669/2278
f 3432/2672/2281 3438/2678/2287 3437/2677/2286 3431/2671/2280
f 3433/2673/2282 3439/2679/2288 3438/2678/2287 3432/2672/2281
f 3434/2674/2283 3440/2680/2289 3439/2679/2288 3433/2673/2282
f 3436/2675/2284 3442/2681/2290 3441/2682/2291 3435/2676/2285
f 3437/2677/2286 3443/2683/2292 3442/2681/2290 3436/2675/2284
f 3438/2678/2287 3444/2684/2293 3443/2683/2292 3437/2677/2286
f 3439/2679/2288 3445/2685/2294 3444/2684/2293 3438/2678/2287
f 3440/2680/2289 3446/2686/2295 3445/2685/2294 3439/2679/2288
f 3442/2681/2290 3448/2687/2296 3447/2688/2297 3441/2682/2291
f 3443/2683/2292 3449/2689/2298 3448/2687/2296 3442/2681/2290
f 3444/2684/2293 3450/2690/2299 3449/2689/2298 3443/2683/2292
f 3445/2685/2294 3451/2691/2300 3450/2690/2299 3444/2684/2293
f 3446/2686/2295 3452/2692/2301 3451/2691/2300 3445/2685/2294
f 3448/2687/2296 3454/2693/2302 3453/2694/2303 3447/2688/2297
f 3449/2689/2298 3455/2695/2304 3454/2693/2302 3448/2687/2296
f 3450/2690/2299 3456/2696/2305 3455/2695/2304 3449/2689/2298
f 3451/2691/2300 3457/2697/2306 3456/2696/2305 3450/2690/2299
f 3452/2692/2301 3458/2698/2307 3457/2697/2306 3451/2691/2300
f 3454/2693/2302 3460/2699/2308 3459/2700/2309 3453/2694/2303
f 3455/2695/2304 3461/2701/2310 3460/2699/2308 3454/2693/2302
f 3456/2696/2305 3462/2702/2311 3461/2701/2310 3455/2695/2304
f 3457/2697/2306 3463/2703/2312 3462/2702/2311 3456/2696/2305
f 3458/2698/2307 3464/2704/2313 3463/2703/2312 3457/2697/2306
f 3460/2699/2308 3466/2705/2314 3465/2706/2315 3459/2700/2309
f 3461/2701/2310 3467/2707/2316 3466/2705/2314 3460/2699/2308
f 3462/2702/2311 3468/2708/2317 3467/2707/2316 3461/2701/2310
f 3463/2703/2312 3469/2709/2318 3468/2708/2317 3462/2702/2311
f 3464/2704/2313 3470/2710/2319 3469/2709/2318 3463/2703/2312
f 3466/2705/2314 3472/2711/2320 3471/2712/2321 3465/2706/2315
f 3467/2707/2316 3473/2713/2322 3472/2711/2320 3466/2705/2314
f 3468/2708/2317 3474/2714/2323 3473/2713/2322 3467/2707/2316
f 3469/2709/2318 3475/2715/2324 3474/2714/2323 3468/2708/2317
f 3470/2710/2319 3476/2716/2325 3475/2715/2324 3469/2709/2318
f 3472/2711/2320 3478/2717/2326 3477/2718/2327 3471/2712/2321
f 3473/2713/2322 3479/2719/2328 3478/2717/2326 3472/2711/2320
f 3474/2714/2323 3480/2720/2329 3479/2719/2328 3473/2713/2322
f 3475/2715/2324 3481/2721/2330 3480/2720/2329 3474/2714/2323
f 3476/2716/2325 3482/2722/2331 3481/2721/2330 3475/2715/2324
f 3478/2717/2326 3484/2723/2332 3483/2724/2333 3477/2718/2327
f 3479/2719/2328 3485/2725/2334 3484/2723/2332 3478/2717/2326
f 3480/2720/2329 3486/2726/2335 3485/2725/2334 3479/2719/2328
f 3481/2721/2330 3487/2727/2336 3486/2726/2335 3480/2720/2329
f 3482/2722/2331 3488/2728/2337 3487/2727/2336 3481/2721/2330
f 3484/2723/2332 3490/2729/2338 3489/2730/2339 3483/2724/2333
f 3485/2725/2334 3491/2731/2340 3490/2729/2338 3484/2723/2332
f 3486/2726/2335 3492/2732/2341 3491/2731/2340 3485/2725/2334
f 3487/2727/2336 3493/2733/2342 3492/2732/2341 3486/2726/2335
f 3488/2728/2337 3494/2734/2343 3493/2733/2342 3487/2727/2336
f 3490/2729/2338 3496/2735/2344 3495/2736/2345 3489/2730/2339
f 3491/2731/2340 3497/2737/2346 3496/2735/2344 3490/2729/2338
f 3492/2732/2341 3498/2738/2347 3497/2737/2346 3491/2731/2340
f 3493/2733/2342 3499/2739/2348 3498/2738/2347 3492/2732/2341
f 3494/2734/2343 3500/2740/2349 3499/2739/2348 3493/2733/2342
f 3496/2735/2344 3502/2741/2350 3501/2742/2351 3495/2736/2345
f 3497/2737/2346 3503/2743/2352 3502/2741/2350 3496/2735/2344
f 3498/2738/2347 3504/2744/2353 3503/2743/2352 3497/2737/2346
f 3499/2739/2348 3505/2745/2354 3504/2744/2353 3498/2738/2347
f 3500/2740/2349 3506/2746/2355 3505/2745/2354 3499/2739/2348
f 3502/2741/2350 3508/2747/2356 3507/2748/2357 3501/2742/2351
f 3503/2743/2352 3509/2749/2358 3508/2747/2356 3502/2741/2350
f 3504/2744/2353 3510/2750/2359 3509/2749/2358 3503/2743/2352
f 3505/2745/2354 3511/2751/2360 3510/2750/2359 3504/2744/2353
f 3506/2746/2355 3512/2752/2361 3511/2751/2360 3505/2745/2354
f 3508/2747/2356 3514/2753/2362 3513/2754/2363 3507/2748/2357
f 3509/2749/2358 3515/2755/2364 3514/2753/2362 3508/2747/2356
f 3510/2750/2359 3516/2756/2365 3515/2755/2364 3509/2749/2358
f 3511/2751/2360 3517/2757/2366 3516/2756/2365 3510/2750/2359
f 3512/2752/2361 3518/2758/2367 3517/2757/2366 3511/2751/2360
f 3514/2753/2362 3520/2759/2368 3519/2760/2369 3513/2754/2363
f 3515/2755/2364 3521/2761/2370 3520/2759/2368 3514/2753/2362
f 3516/2756/2365 3522/2762/2371 3521/2761/2370 3515/2755/2364
f 3517/2757/2366 3523/2763/2372 3522/2762/2371 3516/2756/2365
f 3518/2758/2367 3524/2764/2373 3523/2763/2372 3517/2757/2366
f 3520/2759/2368 3526/2765/2374 3525/2766/2375 3519/2760/2369
f 3521/2761/2370 3527/2767/2376 3526/2765/2374 3520/2759/2368
f 3522/2762/2371 3528/2768/2377 3527/2767/2376 3521/2761/2370
f 3523/2763/2372 3529/2769/2378 3528/2768/2377 3522/2762/2371
f 3524/2764/2373 3530/2770/2379 3529/2769/2378 3523/2763/2372
f 3526/2765/2374 3532/2771/2380 3531/2772/2381 3525/2766/2375
f 3527/2767/2376 3533/2773/2382 3532/2771/2380 3526/2765/2374
f 3528/2768/2377 3534/2774/2383 3533/2773/2382 3527/2767/2376
f 3529/2769/2378 3535/2775/2384 3534/2774/2383 3528/2768/2377
f 3530/2770/2379 3536/2776/2385 3535/2775/2384 3529/2769/2378
f 3532/2771/2380 3538/2777/2386 3537/2778/2387 3531/2772/2381
f 3533/2773/2382 3539/2779/2388 3538/2777/2386 3532/2771/2380
f 3534/2774/2383 3540/2780/2389 3539/2779/2388 3533/2773/2382
f 3535/2775/2384 3541/2781/2390 3540/2780/2389 3534/2774/2383
f 3536/2776/2385 3542/2782/2391 3541/2781/2390 3535/2775/2384
f 3538/2777/2386 3544/2783/2392 3543/2784/2393 3537/2778/2387
f 3539/2779/2388 3545/2785/2394 3544/2783/2392 3538/2777/2386
f 3540/2780/2389 3546/2786/2395 3545/2785/2394 3539/2779/2388
f 3541/2781/2390 3547/2787/2396 3546/2786/2395 3540/2780/2389
f 3542/2782/2391 3548/2788/2397 3547/2787/2396 3541/2781/2390
f 3544/2783/2392 3550/2789/2398 3549/2790/2399 3543/2784/2393
f 3545/2785/2394 3551/2791/2400 3550/2789/2398 3544/2783/2392
f 3546/2786/2395 3552/2792/2401 3551/2791/2400 3545/2785/2394
f 3547/2787/2396 3553/2793/2402 3552/2792/2401 3546/2786/2395
f 3548/2788/2397 3554/2794/2403 3553/2793/2402 3547/2787/2396
f 3550/2789/2398 3556/2795/2404 3555/2796/2405 3549/2790/2399
f 3551/2791/2400 3557/2797/2406 3556/2795/2404 3550/2789/2398
f 3552/2792/2401 3558/2798/2407 3557/2797/2406 3551/2791/2400
f 3553/2793/2402 3559/2799/2408 3558/2798/2407 3552/2792/2401
f 3554/2794/2403 3560/2800/2409 3559/2799/2408 3553/2793/2402
f 3556/2795/2404 3562/2801/2410 3561/2802/2411 3555/2796/2405
f 3557/2797/2406 3563/2803/2412 3562/2801/2410 3556/2795/2404
f 3558/2798/2407 3564/2804/2413 3563/2803/2412 3557/2797/2406
f 3559/2799/2408 3565/2805/2414 3564/2804/2413 3558/2798/2407
f 3560/2800/2409 3566/2806/2415 3565/2805/2414 3559/2799/2408
f 3562/2801/2410 3568/2807/2416 3567/2808/2417 3561/2802/2411
f 3563/2803/2412 3569/2809/2418 3568/2807/2416 3562/2801/2410
f 3564/2804/2413 3570/2810/2419 3569/2809/2418 3563/2803/2412
f 3565/2805/2414 3571/2811/2420 3570/2810/2419 3564/2804/2413
f 3566/2806/2415 3572/2812/2421 3571/2811/2420 3565/2805/2414
f 3568/2807/2416 3574/2813/2422 3573/2814/2423 3567/2808/2417
f 3569/2809/2418 3575/2815/2424 3574/2813/2422 3568/2807/2416
f 3570/2810/2419 3576/2816/2425 3575/2815/2424 3569/2809/2418
f 3571/2811/2420 3577/2817/2426 3576/2816/2425 3570/2810/2419
f 3572/2812/2421 3578/2818/2427 3577/2817/2426 3571/2811/2420
f 3574/2813/2422 3580/2819/2428 3579/2820/2429 3573/2814/2423
f 3575/2815/2424 3581/2821/2430 3580/2819/2428 3574/2813/2422
f 3576/2816/2425 3582/2822/2431 3581/2821/2430 3575/2815/2424
f 3577/2817/2426 3583/2823/2432 3582/2822/2431 3576/2816/2425
f 3578/2818/2427 3584/2824/2433 3583/2823/2432 3577/2817/2426
f 3580/2819/2428 3586/2825/2434 3585/2826/2435 3579/2820/2429
f 3581/2821/2430 3587/2827/2436 3586/2825/2434 3580/2819/2428
f 3582/2822/2431 3588/2828/2437 3587/2827/2436 3581/2821/2430
f 3583/2823/2432 3589/2829/2438 3588/2828/2437 3582/2822/2431
f 3584/2824/2433 3590/2830/2439 3589/2829/2438 3583/2823/2432
f 3586/2825/2434 3592/2831/2440 3591/2832/2441 3585/2826/2435
f 3587/2827/2436 3593/2833/2442 3592/2831/2440 3586/2825/2434
f 3588/2828/2437 3594/2834/2443 3593/2833/2442 3587/2827/2436
f 3589/2829/2438 3595/2835/2444 3594/2834/2443 3588/2828/2437
f 3590/2830/2439 3596/2836/2445 3595/2835/2444 3589/2829/2438
f 3592/2831/2440 3598/2837/2446 3597/2838/2447 3591/2832/2441
f 3593/2833/2442 3599/2839/2448 3598/2837/2446 3592/2831/2440
f 3594/2834/2443 3600/2840/2449 3599/2839/2448 3593/2833/2442
f 3595/2835/2444 3601/2841/2450 3600/2840/2449 3594/2834/2443
f 3596/2836/2445 3602/2842/2451 3601/2841/2450 3595/2835/2444
f 3598/2837/2446 3604/2843/2452 3603/2844/2453 3597/2838/2447
f 3599/2839/2448 3605/2845/2454 3604/2843/2452 3598/2837/2446
f 3600/2840/2449 3606/2846/2455 3605/2845/2454 3599/2839/2448
f 3601/2841/2450 3607/2847/2456 3606/2846/2455 3600/2840/2449
f 3602/2842/2451 3608/2848/2457 3607/2847/2456 3601/2841/2450
f 3604/2843/2452 3610/2849/2458 3609/2850/2459 3603/2844/2453
f 3605/2845/2454 3611/2851/2460 3610/2849/2458 3604/2843/2452
f 3606/2846/2455 3612/2852/2461 3611/2851/2460 3605/2845/2454
f 3607/2847/2456 3613/2853/2462 3612/2852/2461 3606/2846/2455
f 3608/2848/2457 3614/2854/2463 3613/2853/2462 3607/2847/2456
f 3610/2849/2458 3616/2855/2464 3615/2856/2465 3609/2850/2459
f 3611/2851/2460 3617/2857/2466 3616/2855/2464 3610/2849/2458
f 3612/2852/2461 3618/2858/2467 3617/2857/2466 3611/2851/2460
f 3613/2853/2462 3619/2859/2468 3618/2858/2467 3612/2852/2461
f 3614/2854/2463 3620/2860/2469 3619/2859/2468 3613/2853/2462
f 3616/2855/2464 3622/2861/2470 3621/2862/2471 3615/2856/2465
f 3617/2857/2466 3623/2863/2472 3622/2861/2470 3616/2855/2464
f 3618/2858/2467 3624/2864/2473 3623/2863/2472 3617/2857/2466
f 3619/2859/2468 3625/2865/2474 3624/2864/2473 3618/2858/2467
f 3620/2860/2469 3626/2866/2475 3625/2865/2474 3619/2859/2468
f 3622/2861/2470 3628/2867/2476 3627/2868/2477 3621/2862/2471
f 3623/2863/2472 3629/2869/2478 3628/2867/2476 3622/2861/2470
f 3624/2864/2473 3630/2870/2479 3629/2869/2478 3623/2863/2472
f 3625/2865/2474 3631/2871/2480 3630/2870/2479 3624/2864/2473
f 3626/2866/2475 3632/2872/2481 3631/2871/2480 3625/2865/2474
f 3628/2867/2476 3634/2873/2482 3633/2874/2483 3627/2868/2477
f 3629/2869/2478 3635/2875/2484 3634/2873/2482 3628/2867/2476
f 3630/2870/2479 3636/2876/2485 3635/2875/2484 3629/2869/2478
f 3631/2871/2480 3637/2877/2486 3636/2876/2485 3630/2870/2479
f 3632/2872/2481 3638/2878/2487 3637/2877/2486 3631/2871/2480
f 3634/2873/2482 3640/2879/2488 3639/2880/2489 3633/2874/2483
f 3635/2875/2484 3641/2881/2490 3640/2879/2488 3634/2873/2482
f 3636/2876/2485 3642/2882/2491 3641/2881/2490 3635/2875/2484
f 3637/2877/2486 3643/2883/2492 3642/2882/2491 3636/2876/2485
f 3638/2878/2487 3644/2884/2493 3643/2883/2492 3637/2877/2486
f 3640/2879/2488 3646/2885/2494 3645/2886/2495 3639/2880/2489
f 3641/2881/2490 3647/2887/2496 3646/2885/2494 3640/2879/2488
f 3642/2882/2491 3648/2888/2497 3647/2887/2496 3641/2881/2490
f 3643/2883/2492 3649/2889/2498 3648/2888/2497 3642/2882/2491
f 3644/2884/2493 3650/2890/2499 3649/2889/2498 3643/2883/2492
f 3646/2885/2494 3652/2891/2500 3651/2892/2501 3645/2886/2495
f 3647/2887/2496 3653/2893/2502 3652/2891/2500 3646/2885/2494
f 3648/2888/2497 3654/2894/2503 3653/2893/2502 3647/2887/2496
f 3649/2889/2498 3655/2895/2504 3654/2894/2503 3648/2888/2497
f 3650/2890/2499 3656/2896/2505 3655/2895/2504 3649/2889/2498
f 3652/2891/2500 3658/2897/2506 3657/2898/2507 3651/2892/2501
f 3653/2893/2502 3659/2899/2508 3658/2897/2506 3652/2891/2500
f 3654/2894/2503 3660/2900/2509 3659/2899/2508 3653/2893/2502
f 3655/2895/2504 3661/2901/2510 3660/2900/2509 3654/2894/2503
f 3656/2896/2505 3662/2902/2511 3661/2901/2510 3655/2895/2504
f 3658/2897/2506 3664/2903/2512 3663/2904/2513 3657/2898/2507
f 3659/2899/2508 3665/2905/2514 3664/2903/2512 3658/2897/2506
f 3660/2900/2509 3666/2906/2515 3665/2905/2514 3659/2899/2508
f 3661/2901/2510 3667/2907/2516 3666/2906/2515 3660/2900/2509
f 3662/2902/2511 3668/2908/2517 3667/2907/2516 3661/2901/2510
f 3664/2903/2512 3670/2909/2518 3669/2910/2519 3663/2904/2513
f 3665/2905/2514 3671/2911/2520 3670/2909/2518 3664/2903/2512
f 3666/2906/2515 3672/2912/2521 3671/2911/2520 3665/2905/2514
f 3667/2907/2516 3673/2913/2522 3672/2912/2521 3666/2906/2515
f 3668/2908/2517 3674/2914/2523 3673/2913/2522 3667/2907/2516
f 3670/2909/2518 3676/2915/2524 3675/2916/2525 3669/2910/2519
f 3671/2911/2520 3677/2917/2526 3676/2915/2524 3670/2909/2518
f 3672/2912/2521 3678/2918/2527 3677/2917/2526 3671/2911/2520
f 3673/2913/2522 3679/2919/2528 3678/2918/2527 3672/2912/2521
f 3674/2914/2523 3680/2920/2529 3679/2919/2528 3673/2913/2522
f 3676/2915/2524 3682/2921/2530 3681/2922/2531 3675/2916/2525
f 3677/2917/2526 3683/2923/2532 3682/2921/2530 3676/2915/2524
f 3678/2918/2527 3684/2924/2533 3683/2923/2532 3677/2917/2526
f 3679/2919/2528 3685/2925/2534 3684/2924/2533 3678/2918/2527
f 3680/2920/2529 3686/2926/2535 3685/2925/2534 3679/2919/2528
f 3682/2921/2530 3688/2927/2536 3687/2928/2537 3681/2922/2531
f 3683/2923/2532 3689/2929/2538 3688/2927/2536 3682/2921/2530
f 3684/2924/2533 3690/2930/2539 3689/2929/2538 3683/2923/2532
f 3685/2925/2534 3691/2931/2540 3690/2930/2539 3684/2924/2533
f 3686/2926/2535 3692/2932/2541 3691/2931/2540 3685/2925/2534
f 3688/2927/2536 3694/2933/2542 3693/2934/2543 3687/2928/2537
f 3689/2929/2538 3695/2935/2544 3694/2933/2542 3688/2927/2536
f 3690/2930/2539 3696/2936/2545 3695/2935/2544 3689/2929/2538
f 3691/2931/2540 3697/2937/2546 3696/2936/2545 3690/2930/2539
f 3692/2932/2541 3698/2938/2547 3697/2937/2546 3691/2931/2540
f 3694/2933/2542 3700/2939/2548 3699/2940/2549 3693/2934/2543
f 3695/2935/2544 3701/2941/2550 3700/2939/2548 3694/2933/2542
f 3696/2936/2545 3702/2942/2551 3701/2941/2550 3695/2935/2544
f 3697/2937/2546 3703/2943/2552 3702/2942/2551 3696/2936/2545
f 3698/2938/2547 3704/2944/2553 3703/2943/2552 3697/2937/2546
f 3700/2939/2548 3706/2945/2554 3705/2946/2555 3699/2940/2549
f 3701/2941/2550 3707/2947/2556 3706/2945/2554 3700/2939/2548
f 3702/2942/2551 3708/2948/2557 3707/2947/2556 3701/2941/2550
f 3703/2943/2552 3709/2949/2558 3708/2948/2557 3702/2942/2551
f 3704/2944/2553 3710/2950/2559 3709/2949/2558 3703/2943/2552
f 3706/2945/2554 3712/2951/2560 3711/2952/2561 3705/2946/2555
f 3707/2947/2556 3713/2953/2562 3712/2951/2560 3706/2945/2554
f 3708/2948/2557 3714/2954/2563 3713/2953/2562 3707/2947/2556
f 3709/2949/2558 3715/2955/2564 3714/2954/2563 3708/2948/2557
f 3710/2950/2559 3716/2956/2565 3715/2955/2564 3709/2949/2558
f 3712/2951/2560 3718/2957/2566 3717/2958/2567 3711/2952/2561
f 3713/2953/2562 3719/2959/2568 3718/2957/2566 3712/2951/2560
f 3714/2954/2563 3720/2960/2569 3719/2959/2568 3713/2953/2562
f 3715/2955/2564 3721/2961/2570 3720/2960/2569 3714/2954/2563
f 3716/2956/2565 3722/2962/2571 3721/2961/2570 3715/2955/2564
f 3718/2957/2566 3724/2963/2572 3723/2964/2573 3717/2958/2567
f 3719/2959/2568 3725/2965/2574 3724/2963/2572 3718/2957/2566
f 3720/2960/2569 3726/2966/2575 3725/2965/2574 3719/2959/2568
f 3721/2961/2570 3727/2967/2576 3726/2966/2575 3720/2960/2569
f 3722/2962/2571 3728/2968/2577 3727/2967/2576 3721/2961/2570
f 3724/2963/2572 3730/2969/2578 3729/2970/2579 3723/2964/2573
f 3725/2965/2574 3731/2971/2580 3730/2969/2578 3724/2963/2572
f 3726/2966/2575 3732/2972/2581 3731/2971/2580 3725/2965/2574
f 3727/2967/2576 3733/2973/2582 3732/2972/2581 3726/2966/2575
f 3728/2968/2577 3734/2974/2583 3733/2973/2582 3727/2967/2576
f 3730/2969/2578 3736/2975/2584 3735/2976/2585 3729/2970/2579
f 3731/2971/2580 3737/2977/2586 3736/2975/2584 3730/2969/2578
f 3732/2972/2581 3738/2978/2587 3737/2977/2586 3731/2971/2580
f 3733/2973/2582 3739/2979/2588 3738/2978/2587 3732/2972/2581
f 3734/2974/2583 3740/2980/2589 3739/2979/2588 3733/2973/2582
f 3736/2975/2584 3742/2981/2590 3741/2982/2591 3735/2976/2585
f 3737/2977/2586 3743/2983/2592 3742/2981/2590 3736/2975/2584
f 3738/2978/2587 3744/2984/2593 3743/2983/2592 3737/2977/2586
f 3739/2979/2588 3745/2985/2594 3744/2984/2593 3738/2978/2587
f 3740/2980/2589 3746/2986/2595 3745/2985/2594 3739/2979/2588
f 3742/2981/2590 3748/2987/2596 3747/2988/2597 3741/2982/2591
f 3743/2983/2592 3749/2989/2598 3748/2987/2596 3742/2981/2590
f 3744/2984/2593 3750/2990/2599 3749/2989/2598 3743/2983/2592
f 3745/2985/2594 3751/2991/2600 3750/2990/2599 3744/2984/2593
f 3746/2986/2595 3752/2992/2601 3751/2991/2600 3745/2985/2594
f 3748/2987/2596 3754/2993/2602 3753/2994/2603 3747/2988/2597
f 3749/2989/2598 3755/2995/2604 3754/2993/2602 3748/2987/2596
f 3750/2990/2599 3756/2996/2605 3755/2995/2604 3749/2989/2598
f 3751/2991/2600 3757/2997/2606 3756/2996/2605 3750/2990/2599
f 3752/2992/2601 3758/2998/2607 3757/2997/2606 3751/2991/2600
f 3754/2993/2602 3760/2999/2608 3759/3000/2609 3753/2994/2603
f 3755/2995/2604 3761/3001/2610 3760/2999/2608 3754/2993/2602
f 3756/2996/2605 3762/3002/2611 3761/3001/2610 3755/2995/2604
f 3757/2997/2606 3763/3003/2612 3762/3002/2611 3756/2996/2605
f 3758/2998/2607 3764/3004/2613 3763/3003/2612 3757/2997/2606
f 3760/2999/2608 3766/3005/2614 3765/3006/2615 3759/3000/2609
f 3761/3001/2610 3767/3007/2616 3766/3005/2614 3760/2999/2608
f 3762/3002/2611 3768/3008/2617 3767/3007/2616 3761/3001/2610
f 3763/3003/2612 3769/3009/2618 3768/3008/2617 3762/3002/2611
f 3764/3004/2613 3770/3010/2619 3769/3009/2618 3763/3003/2612
f 3766/3005/2614 3772/3011/2620 3771/3012/2621 3765/3006/2615
f 3767/3007/2616 3773/3013/2622 3772/3011/2620 3766/3005/2614
f 3768/3008/2617 3774/3014/2623 3773/3013/2622 3767/3007/2616
f 3769/3009/2618 3775/3015/2624 3774/3014/2623 3768/3008/2617
f 3770/3010/2619 3776/3016/2625 3775/3015/2624 3769/3009/2618
f 3772/3011/2620 3778/3017/2626 3777/3018/2627 3771/3012/2621
f 3773/3013/2622 3779/3019/2628 3778/3017/2626 3772/3011/2620
f 3774/3014/2623 3780/3020/2629 3779/3019/2628 3773/3013/2622
f 3775/3015/2624 3781/3021/2630 3780/3020/2629 3774/3014/2623
f 3776/3016/2625 3782/3022/2631 3781/3021/2630 3775/3015/2624
f 3778/3017/2626 3784/3023/2632 3783/3024/2633 3777/3018/2627
f 3779/3019/2628 3785/3025/2634 3784/3023/2632 3778/3017/2626
f 3780/3020/2629 3786/3026/2635 3785/3025/2634 3779/3019/2628
f 3781/3021/2630 3787/3027/2636 3786/3026/2635 3780/3020/2629
f 3782/3022/2631 3788/3028/2637 3787/3027/2636 3781/3021/2630
f 3784/3023/2632 3790/3029/2638 3789/3030/2639 3783/3024/2633
f 3785/3025/2634 3791/3031/2640 3790/3029/2638 3784/3023/2632
f 3786/3026/2635 3792/3032/2641 3791/3031/2640 3785/3025/2634
f 3787/3027/2636 3793/3033/2642 3792/3032/2641 3786/3026/2635
f 3788/3028/2637 3794/3034/2643 3793/3033/2642 3787/3027/2636
f 3790/3029/2638 3796/3035/2644 3795/3036/2645 3789/3030/2639
f 3791/3031/2640 3797/3037/2646 3796/3035/2644 3790/3029/2638
f 3792/3032/2641 3798/3038/2647 3797/3037/2646 3791/3031/2640
f 3793/3033/2642 3799/3039/2648 3798/3038/2647 3792/3032/2641
f 3794/3034/2643 3800/3040/2649 3799/3039/2648 3793/3033/2642
f 3796/3035/2644 3802/3041/2650 3801/3042/2651 3795/3036/2645
f 3797/3037/2646 3803/3043/2652 3802/3041/2650 3796/3035/2644
f 3798/3038/2647 3804/3044/2653 3803/3043/2652 3797/3037/2646
f 3799/3039/2648 3805/3045/2654 3804/3044/2653 3798/3038/2647
f 3800/3040/2649 3806/3046/2655 3805/3045/2654 3799/3039/2648
f 3802/3041/2650 3808/3047/2656 3807/3048/2657 3801/3042/2651
f 3803/3043/2652 3809/3049/2658 3808/3047/2656 3802/3041/2650
f 3804/3044/2653 3810/3050/2659 3809/3049/2658 3803/3043/2652
f 3805/3045/2654 3811/3051/2660 3810/3050/2659 3804/3044/2653
f 3806/3046/2655 3812/3052/2661 3811/3051/2660 3805/3045/2654
f 3808/3047/2656 3814/3053/2662 3813/3054/2663 3807/3048/2657
f 3809/3049/2658 3815/3055/2664 3814/3053/2662 3808/3047/2656
f 3810/3050/2659 3816/3056/2665 3815/3055/2664 3809/3049/2658
f 3811/3051/2660 3817/3057/2666 3816/3056/2665 3810/3050/2659
f 3812/3052/2661 3818/3058/2667 3817/3057/2666 3811/3051/2660
f 3814/3053/2662 3820/3059/2668 3819/3060/2669 3813/3054/2663
f 3815/3055/2664 3821/3061/2670 3820/3059/2668 3814/3053/2662
f 3816/3056/2665 3822/3062/2671 3821/3061/2670 3815/3055/2664
f 3817/3057/2666 3823/3063/2672 3822/3062/2671 3816/3056/2665
f 3818/3058/2667 3824/3064/2673 3823/3063/2672 3817/3057/2666
f 3820/3059/2668 3826/3065/2674 3825/3066/2675 3819/3060/2669
f 3821/3061/2670 3827/3067/2676 3826/3065/2674 3820/3059/2668
f 3822/3062/2671 3828/3068/2677 3827/3067/2676 3821/3061/2670
f 3823/3063/2672 3829/3069/2678 3828/3068/2677 3822/3062/2671
f 3824/3064/2673 3830/3070/2679 3829/3069/2678 3823/3063/2672
f 3826/3065/2674 3832/3071/2680 3831/3072/2681 3825/3066/2675
f 3827/3067/2676 3833/3073/2682 3832/3071/2680 3826/3065/2674
f 3828/3068/2677 3834/3074/2683 3833/3073/2682 3827/3067/2676
f 3829/3069/2678 3835/3075/2684 3834/3074/2683 3828/3068/2677
f 3830/3070/2679 3836/3076/2685 3835/3075/2684 3829/3069/2678
f 3832/3071/2680 3838/3077/2686 3837/3078/2687 3831/3072/2681
f 3833/3073/2682 3839/3079/2688 3838/3077/2686 3832/3071/2680
f 3834/3074/2683 3840/3080/2689 3839/3079/2688 3833/3073/2682
f 3835/3075/2684 3841/3081/2690 3840/3080/2689 3834/3074/2683
f 3836/3076/2685 3842/3082/2691 3841/3081/2690 3835/3075/2684
f 3838/3077/2686 3844/3083/2692 3843/3084/2693 3837/3078/2687
f 3839/3079/2688 3845/3085/2694 3844/3083/2692 3838/3077/2686
f 3840/3080/2689 3846/3086/2695 3845/3085/2694 3839/3079/2688
f 3841/3081/2690 3847/3087/2696 3846/3086/2695 3840/3080/2689
f 3842/3082/2691 3848/3088/2697 3847/3087/2696 3841/3081/2690
f 3844/3083/2692 3850/3089/2698 3849/3090/2699 3843/3084/2693
f 3845/3085/2694 3851/3091/2700 3850/3089/2698 3844/3083/2692
f 3846/3086/2695 3852/3092/2701 3851/3091/2700 3845/3085/2694
f 3847/3087/2696 3853/3093/2702 3852/3092/2701 3846/3086/2695
f 3848/3088/2697 3854/3094/2703 3853/3093/2702 3847/3087/2696
f 3850/3089/2698 3856/3095/2704 3855/3096/2705 3849/3090/2699
f 3851/3091/2700 3857/3097/2706 3856/3095/2704 3850/3089/2698
f 3852/3092/2701 3858/3098/2707 3857/3097/2706 3851/3091/2700
f 3853/3093/2702 3859/3099/2708 3858/3098/2707 3852/3092/2701
f 3854/3094/2703 3860/3100/2709 3859/3099/2708 3853/3093/2702
f 3856/3095/2704 3862/3101/2710 3861/3102/2711 3855/3096/2705
f 3857/3097/2706 3863/3103/2712 3862/3101/2710 3856/3095/2704
f 3858/3098/2707 3864/3104/2713 3863/3103/2712 3857/3097/2706
f 3859/3099/2708 3865/3105/2714 3864/3104/2713 3858/3098/2707
f 3860/3100/2709 3866/3106/2715 3865/3105/2714 3859/3099/2708
f 3862/3101/2710 3868/3107/2716 3867/3108/2717 3861/3102/2711
f 3863/3103/2712 3869/3109/2718 3868/3107/2716 3862/3101/2710
f 3864/3104/2713 3870/3110/2719 3869/3109/2718 3863/3103/2712
f 3865/3105/2714 3871/3111/2720 3870/3110/2719 3864/3104/2713
f 3866/3106/2715 3872/3112/2721 3871/3111/2720 3865/3105/2714
f 3868/3107/2716 3874/3113/2722 3873/3114/2717 3867/3108/2717
f 3869/3109/2718 3875/3115/2723 3874/3113/2722 3868/3107/2716
f 3870/3110/2719 3876/3116/2724 3875/3115/2723 3869/3109/2718
f 3871/3111/2720 3877/3117/2725 3876/3116/2724 3870/3110/2719
f 3872/3112/2721 3878/3118/2721 3877/3117/2725 3871/3111/2720
f 3874/3113/2722 3880/3119/2726 3879/3120/2727 3873/3114/2717
f 3875/3115/2723 3881/3121/2728 3880/3119/2726 3874/3113/2722
f 3876/3116/2724 3882/3122/2729 3881/3121/2728 3875/3115/2723
f 3877/3117/2725 3883/3123/2730 3882/3122/2729 3876/3116/2724
f 3878/3118/2721 3884/3124/2731 3883/3123/2730 3877/3117/2725
f 3880/3119/2726 3886/3125/2732 3885/3126/2733 3879/3120/2727
f 3881/3121/2728 3887/3127/2734 3886/3125/2732 3880/3119/2726
f 3882/3122/2729 3888/3128/2735 3887/3127/2734 3881/3121/2728
f 3883/3123/2730 3889/3129/2736 3888/3128/2735 3882/3122/2729
f 3884/3124/2731 3890/3130/2737 3889/3129/2736 3883/3123/2730
f 3886/3125/2732 3892/3131/2738 3891/3132/2739 3885/3126/2733
f 3887/3127/2734 3893/3133/2740 3892/3131/2738 3886/3125/2732
f 3888/3128/2735 3894/3134/2741 3893/3133/2740 3887/3127/2734
f 3889/3129/2736 3895/3135/2742 3894/3134/2741 3888/3128/2735
f 3890/3130/2737 3896/3136/2743 3895/3135/2742 3889/3129/2736
f 3892/3131/2738 3136/1181/1991 3135/32/1994 3891/3132/2739
f 3893/3133/2740 3137/1182/1995 3136/1181/1991 3892/3131/2738
f 3894/3134/2741 3138/1183/1997 3137/1182/1995 3893/3133/2740
f 3895/3135/2742 3139/1184/1999 3138/1183/1997 3894/3134/2741
f 3896/3136/2743 3140/1185/2001 3139/1184/1999 3895/3135/2742
f 3898/528/2744 3904/1186/2745 3903/1187/2746 3897/68/2747
f 3899/531/2748 3905/1188/2749 3904/1186/2745 3898/528/2744
f 3900/533/2750 3906/1189/2751 3905/1188/2749 3899/531/2748
f 3901/535/2752 3907/1190/2753 3906/1189/2751 3900/533/2750
f 3902/537/2754 3908/1191/2755 3907/1190/2753 3901/535/2752
f 3904/1186/2745 3910/1192/2756 3909/1193/2757 3903/1187/2746
f 3905/1188/2749 3911/1194/2758 3910/1192/2756 3904/1186/2745
f 3906/1189/2751 3912/1195/2759 3911/1194/2758 3905/1188/2749
f 3907/1190/2753 3913/1196/2760 3912/1195/2759 3906/1189/2751
f 3908/1191/2755 3914/1197/2761 3913/1196/2760 3907/1190/2753
f 3910/1192/2756 3916/1198/2762 3915/1199/2763 3909/1193/2757
f 3911/1194/2758 3917/1200/2764 3916/1198/2762 3910/1192/2756
f 3912/1195/2759 3918/1201/2765 3917/1200/2764 3911/1194/2758
f 3913/1196/2760 3919/1202/2766 3918/1201/2765 3912/1195/2759
f 3914/1197/2761 3920/1203/2767 3919/1202/2766 3913/1196/2760
f 3916/1198/2762 3922/1204/2768 3921/1205/2769 3915/1199/2763
f 3917/1200/2764 3923/1206/2770 3922/1204/2768 3916/1198/2762
f 3918/1201/2765 3924/1207/2771 3923/1206/2770 3917/1200/2764
f 3919/1202/2766 3925/1208/2772 3924/1207/2771 3918/1201/2765
f 3920/1203/2767 3926/1209/2773 3925/1208/2772 3919/1202/2766
f 3922/1204/2768 3898/1181/2744 3897/32/2747 3921/1205/2769
f 3923/1206/2770 3899/1182/2748 3898/1181/2744 3922/1204/2768
f 3924/1207/2771 3900/1183/2750 3899/1182/2748 3923/1206/2770
f 3925/1208/2772 3901/1184/2752 3900/1183/2750 3924/1207/2771
f 3926/1209/2773 3902/1185/2754 3901/1184/2752 3925/1208/2772
f 3928/528/2774 3934/3137/2775 3933/3138/2776 3927/68/2777
f 3929/531/2778 3935/3139/2779 3934/3137/2775 3928/528/2774
f 3930/533/2780 3936/3140/2781 3935/3139/2779 3929/531/2778
f 3931/535/2782 3937/3141/2783 3936/3140/2781 3930/533/2780
f 3932/537/2784 3938/3142/2785 3937/3141/2783 3931/535/2782
f 3934/3137/2775 3940/3143/2786 3939/3144/2787 3933/3138/2776
f 3935/3139/2779 3941/3145/2788 3940/3143/2786 3934/3137/2775
f 3936/3140/2781 3942/3146/2789 3941/3145/2788 3935/3139/2779
f 3937/3141/2783 3943/3147/2790 3942/3146/2789 3936/3140/2781
f 3938/3142/2785 3944/3148/2791 3943/3147/2790 3937/3141/2783
f 3940/3143/2786 3946/3149/2792 3945/3150/2793 3939/3144/2787
f 3941/3145/2788 3947/3151/2794 3946/3149/2792 3940/3143/2786
f 3942/3146/2789 3948/3152/2795 3947/3151/2794 3941/3145/2788
f 3943/3147/2790 3949/3153/2796 3948/3152/2795 3942/3146/2789
f 3944/3148/2791 3950/3154/2797 3949/3153/2796 3943/3147/2790
f 3946/3149/2792 3952/3155/2798 3951/3156/2799 3945/3150/2793
f 3947/3151/2794 3953/3157/2800 3952/3155/2798 3946/3149/2792
f 3948/3152/2795 3954/3158/2801 3953/3157/2800 3947/3151/2794
f 3949/3153/2796 3955/3159/2802 3954/3158/2801 3948/3152/2795
f 3950/3154/2797 3956/3160/2803 3955/3159/2802 3949/3153/2796
f 3952/3155/2798 3958/3161/2804 3957/3162/2805 3951/3156/2799
f 3953/3157/2800 3959/3163/2806 3958/3161/2804 3952/3155/2798
f 3954/3158/2801 3960/3164/2807 3959/3163/2806 3953/3157/2800
f 3955/3159/2802 3961/3165/2808 3960/3164/2807 3954/3158/2801
f 3956/3160/2803 3962/3166/2809 3961/3165/2808 3955/3159/2802
f 3958/3161/2804 3964/3167/2810 3963/3168/2811 3957/3162/2805
f 3959/3163/2806 3965/3169/2812 3964/3167/2810 3958/3161/2804
f 3960/3164/2807 3966/3170/2813 3965/3169/2812 3959/3163/2806
f 3961/3165/2808 3967/3171/2814 3966/3170/2813 3960/3164/2807
f 3962/3166/2809 3968/3172/2815 3967/3171/2814 3961/3165/2808
f 3964/3167/2810 3970/3173/2816 3969/3174/2817 3963/3168/2811
f 3965/3169/2812 3971/3175/2818 3970/3173/2816 3964/3167/2810
f 3966/3170/2813 3972/3176/2819 3971/3175/2818 3965/3169/2812
f 3967/3171/2814 3973/3177/2820 3972/3176/2819 3966/3170/2813
f 3968/3172/2815 3974/3178/2821 3973/3177/2820 3967/3171/2814
f 3970/3173/2816 3976/3179/2822 3975/3180/2823 3969/3174/2817
f 3971/3175/2818 3977/3181/2824 3976/3179/2822 3970/3173/2816
f 3972/3176/2819 3978/3182/2825 3977/3181/2824 3971/3175/2818
f 3973/3177/2820 3979/3183/2826 3978/3182/2825 3972/3176/2819
f 3974/3178/2821 3980/3184/2827 3979/3183/2826 3973/3177/2820
f 3976/3179/2822 3982/3185/2828 3981/3186/2829 3975/3180/2823
f 3977/3181/2824 3983/3187/2830 3982/3185/2828 3976/3179/2822
f 3978/3182/2825 3984/3188/2831 3983/3187/2830 3977/3181/2824
f 3979/3183/2826 3985/3189/2832 3984/3188/2831 3978/3182/2825
f 3980/3184/2827 3986/3190/2833 3985/3189/2832 3979/3183/2826
f 3982/3185/2828 3988/3191/2834 3987/3192/2835 3981/3186/2829
f 3983/3187/2830 3989/3193/2836 3988/3191/2834 3982/3185/2828
f 3984/3188/2831 3990/3194/2837 3989/3193/2836 3983/3187/2830
f 3985/3189/2832 3991/3195/2838 3990/3194/2837 3984/3188/2831
f 3986/3190/2833 3992/3196/2839 3991/3195/2838 3985/3189/2832
f 3988/3191/2834 3994/3197/2840 3993/3198/2841 3987/3192/2835
f 3989/3193/2836 3995/3199/2842 3994/3197/2840 3988/3191/2834
f 3990/3194/2837 3996/3200/2843 3995/3199/2842 3989/3193/2836
f 3991/3195/2838 3997/3201/2844 3996/3200/2843 3990/3194/2837
f 3992/3196/2839 3998/3202/2845 3997/3201/2844 3991/3195/2838
f 3994/3197/2840 4000/3203/2846 3999/3204/2847 3993/3198/2841
f 3995/3199/2842 4001/3205/2848 4000/3203/2846 3994/3197/2840
f 3996/3200/2843 4002/3206/2849 4001/3205/2848 3995/3199/2842
f 3997/3201/2844 4003/3207/2850 4002/3206/2849 3996/3200/2843
f 3998/3202/2845 4004/3208/2851 4003/3207/2850 3997/3201/2844
f 4000/3203/2846 4006/3209/2852 4005/3210/2853 3999/3204/2847
f 4001/3205/2848 4007/3211/2854 4006/3209/2852 4000/3203/2846
f 4002/3206/2849 4008/3212/2855 4007/3211/2854 4001/3205/2848
f 4003/3207/2850 4009/3213/2856 4008/3212/2855 4002/3206/2849
f 4004/3208/2851 4010/3214/2857 4009/3213/2856 4003/3207/2850
f 4006/3209/2852 4012/3215/2858 4011/3216/2859 4005/3210/2853
f 4007/3211/2854 4013/3217/2860 4012/3215/2858 4006/3209/2852
f 4008/3212/2855 4014/3218/2861 4013/3217/2860 4007/3211/2854
f 4009/3213/2856 4015/3219/2862 4014/3218/2861 4008/3212/2855
f 4010/3214/2857 4016/3220/2863 4015/3219/2862 4009/3213/2856
f 4012/3215/2858 4018/3221/2864 4017/3222/2865 4011/3216/2859
f 4013/3217/2860 4019/3223/2866 4018/3221/2864 4012/3215/2858
f 4014/3218/2861 4020/3224/2867 4019/3223/2866 4013/3217/2860
f 4015/3219/2862 4021/3225/2868 4020/3224/2867 4014/3218/2861
f 4016/3220/2863 4022/3226/2869 4021/3225/2868 4015/3219/2862
f 4018/3221/2864 4024/3227/2870 4023/3228/2871 4017/3222/2865
f 4019/3223/2866 4025/3229/2872 4024/3227/2870 4018/3221/2864
f 4020/3224/2867 4026/3230/2873 4025/3229/2872 4019/3223/2866
f 4021/3225/2868 4027/3231/2874 4026/3230/2873 4020/3224/2867
f 4022/3226/2869 4028/3232/2875 4027/3231/2874 4021/3225/2868
f 4024/3227/2870 4030/3233/2876 4029/3234/2877 4023/3228/2871
f 4025/3229/2872 4031/3235/2878 4030/3233/2876 4024/3227/2870
f 4026/3230/2873 4032/3236/2879 4031/3235/2878 4025/3229/2872
f 4027/3231/2874 4033/3237/2880 4032/3236/2879 4026/3230/2873
f 4028/3232/2875 4034/3238/2881 4033/3237/2880 4027/3231/2874
f 4030/3233/2876 4036/3239/2882 4035/3240/2883 4029/3234/2877
f 4031/3235/2878 4037/3241/2884 4036/3239/2882 4030/3233/2876
f 4032/3236/2879 4038/3242/2885 4037/3241/2884 4031/3235/2878
f 4033/3237/2880 4039/3243/2886 4038/3242/2885 4032/3236/2879
f 4034/3238/2881 4040/3244/2887 4039/3243/2886 4033/3237/2880
f 4036/3239/2882 4042/3245/2888 4041/3246/2889 4035/3240/2883
f 4037/3241/2884 4043/3247/2890 4042/3245/2888 4036/3239/2882
f 4038/3242/2885 4044/3248/2891 4043/3247/2890 4037/3241/2884
f 4039/3243/2886 4045/3249/2892 4044/3248/2891 4038/3242/2885
f 4040/3244/2887 4046/3250/2893 4045/3249/2892 4039/3243/2886
f 4042/3245/2888 4048/3251/2894 4047/3252/2895 4041/3246/2889
f 4043/3247/2890 4049/3253/2896 4048/3251/2894 4042/3245/2888
f 4044/3248/2891 4050/3254/2897 4049/3253/2896 4043/3247/2890
f 4045/3249/2892 4051/3255/2898 4050/3254/2897 4044/3248/2891
f 4046/3250/2893 4052/3256/2899 4051/3255/2898 4045/3249/2892
f 4048/3251/2894 4054/3257/2900 4053/3258/2901 4047/3252/2895
f 4049/3253/2896 4055/3259/2902 4054/3257/2900 4048/3251/2894
f 4050/3254/2897 4056/3260/2903 4055/3259/2902 4049/3253/2896
f 4051/3255/2898 4057/3261/2904 4056/3260/2903 4050/3254/2897
f 4052/3256/2899 4058/3262/2905 4057/3261/2904 4051/3255/2898
f 4054/3257/2900 4060/3263/2906 4059/3264/2907 4053/3258/2901
f 4055/3259/2902 4061/3265/2908 4060/3263/2906 4054/3257/2900
f 4056/3260/2903 4062/3266/2909 4061/3265/2908 4055/3259/2902
f 4057/3261/2904 4063/3267/2910 4062/3266/2909 4056/3260/2903
f 4058/3262/2905 4064/3268/2911 4063/3267/2910 4057/3261/2904
f 4060/3263/2906 4066/3269/2912 4065/3270/2913 4059/3264/2907
f 4061/3265/2908 4067/3271/2914 4066/3269/2912 4060/3263/2906
f 4062/3266/2909 4068/3272/2915 4067/3271/2914 4061/3265/2908
f 4063/3267/2910 4069/3273/2916 4068/3272/2915 4062/3266/2909
f 4064/3268/2911 4070/3274/2917 4069/3273/2916 4063/3267/2910
f 4066/3269/2912 4072/3275/2918 4071/3276/2919 4065/3270/2913
f 4067/3271/2914 4073/3277/2920 4072/3275/2918 4066/3269/2912
f 4068/3272/2915 4074/3278/2921 4073/3277/2920 4067/3271/2914
f 4069/3273/2916 4075/3279/2922 4074/3278/2921 4068/3272/2915
f 4070/3274/2917 4076/3280/2923 4075/3279/2922 4069/3273/2916
f 4072/3275/2918 4078/3281/2924 4077/3282/2925 4071/3276/2919
f 4073/3277/2920 4079/3283/2926 4078/3281/2924 4072/3275/2918
f 4074/3278/2921 4080/3284/2927 4079/3283/2926 4073/3277/2920
f 4075/3279/2922 4081/3285/2928 4080/3284/2927 4074/3278/2921
f 4076/3280/2923 4082/3286/2929 4081/3285/2928 4075/3279/2922
f 4078/3281/2924 4084/3287/2930 4083/3288/2931 4077/3282/2925
f 4079/3283/2926 4085/3289/2932 4084/3287/2930 4078/3281/2924
f 4080/3284/2927 4086/3290/2933 4085/3289/2932 4079/3283/2926
f 4081/3285/2928 4087/3291/2934 4086/3290/2933 4080/3284/2927
f 4082/3286/2929 4088/3292/2935 4087/3291/2934 4081/3285/2928
f 4084/3287/2930 4090/3293/2936 4089/3294/2937 4083/3288/2931
f 4085/3289/2932 4091/3295/2938 4090/3293/2936 4084/3287/2930
f 4086/3290/2933 4092/3296/2939 4091/3295/2938 4085/3289/2932
f 4087/3291/2934 4093/3297/2940 4092/3296/2939 4086/3290/2933
f 4088/3292/2935 4094/3298/2941 4093/3297/2940 4087/3291/2934
f 4090/3293/2936 4096/3299/2942 4095/3300/2943 4089/3294/2937
f 4091/3295/2938 4097/3301/2944 4096/3299/2942 4090/3293/2936
f 4092/3296/2939 4098/3302/2945 4097/3301/2944 4091/3295/2938
f 4093/3297/2940 4099/3303/2946 4098/3302/2945 4092/3296/2939
f 4094/3298/2941 4100/3304/2947 4099/3303/2946 4093/3297/2940
f 4096/3299/2942 4102/3305/2948 4101/3306/2949 4095/3300/2943
f 4097/3301/2944 4103/3307/2950 4102/3305/2948 4096/3299/2942
f 4098/3302/2945 4104/3308/2951 4103/3307/2950 4097/3301/2944
f 4099/3303/2946 4105/3309/2952 4104/3308/2951 4098/3302/2945
f 4100/3304/2947 4106/3310/2953 4105/3309/2952 4099/3303/2946
f 4102/3305/2948 4108/3311/2954 4107/3312/2955 4101/3306/2949
f 4103/3307/2950 4109/3313/2956 4108/3311/2954 4102/3305/2948
f 4104/3308/2951 4110/3314/2957 4109/3313/2956 4103/3307/2950
f 4105/3309/2952 4111/3315/2958 4110/3314/2957 4104/3308/2951
f 4106/3310/2953 4112/3316/2959 4111/3315/2958 4105/3309/2952
f 4108/3311/2954 4114/3317/2960 4113/3318/2961 4107/3312/2955
f 4109/3313/2956 4115/3319/2962 4114/3317/2960 4108/3311/2954
f 4110/3314/2957 4116/3320/2963 4115/3319/2962 4109/3313/2956
f 4111/3315/2958 4117/3321/2964 4116/3320/2963 4110/3314/2957
f 4112/3316/2959 4118/3322/2965 4117/3321/2964 4111/3315/2958
f 4114/3317/2960 4120/3323/2966 4119/3324/2967 4113/3318/2961
f 4115/3319/2962 4121/3325/2968 4120/3323/2966 4114/3317/2960
f 4116/3320/2963 4122/3326/2969 4121/3325/2968 4115/3319/2962
f 4117/3321/2964 4123/3327/2970 4122/3326/2969 4116/3320/2963
f 4118/3322/2965 4124/3328/2971 4123/3327/2970 4117/3321/2964
f 4120/3323/2966 4126/3329/2972 4125/3330/2973 4119/3324/2967
f 4121/3325/2968 4127/3331/2974 4126/3329/2972 4120/3323/2966
f 4122/3326/2969 4128/3332/2975 4127/3331/2974 4121/3325/2968
f 4123/3327/2970 4129/3333/2976 4128/3332/2975 4122/3326/2969
f 4124/3328/2971 4130/3334/2977 4129/3333/2976 4123/3327/2970
f 4126/3329/2972 4132/3335/2978 4131/3336/2979 4125/3330/2973
f 4127/3331/2974 4133/3337/2980 4132/3335/2978 4126/3329/2972
f 4128/3332/2975 4134/3338/2981 4133/3337/2980 4127/3331/2974
f 4129/3333/2976 4135/3339/2982 4134/3338/2981 4128/3332/2975
f 4130/3334/2977 4136/3340/2983 4135/3339/2982 4129/3333/2976
f 4132/3335/2978 4138/3341/2984 4137/3342/2985 4131/3336/2979
f 4133/3337/2980 4139/3343/2986 4138/3341/2984 4132/3335/2978
f 4134/3338/2981 4140/3344/2987 4139/3343/2986 4133/3337/2980
f 4135/3339/2982 4141/3345/2988 4140/3344/2987 4134/3338/2981
f 4136/3340/2983 4142/3346/2989 4141/3345/2988 4135/3339/2982
f 4138/3341/2984 4144/3347/2990 4143/3348/2991 4137/3342/2985
f 4139/3343/2986 4145/3349/2992 4144/3347/2990 4138/3341/2984
f 4140/3344/2987 4146/3350/2993 4145/3349/2992 4139/3343/2986
f 4141/3345/2988 4147/3351/2994 4146/3350/2993 4140/3344/2987
f 4142/3346/2989 4148/3352/2995 4147/3351/2994 4141/3345/2988
f 4144/3347/2990 4150/3353/2996 4149/3354/2997 4143/3348/2991
f 4145/3349/2992 4151/3355/2998 4150/3353/2996 4144/3347/2990
f 4146/3350/2993 4152/3356/2999 4151/3355/2998 4145/3349/2992
f 4147/3351/2994 4153/3357/3000 4152/3356/2999 4146/3350/2993
f 4148/3352/2995 4154/3358/3001 4153/3357/3000 4147/3351/2994
f 4150/3353/2996 4156/3359/3002 4155/3360/3003 4149/3354/2997
f 4151/3355/2998 4157/3361/3004 4156/3359/3002 4150/3353/2996
f 4152/3356/2999 4158/3362/3005 4157/3361/3004 4151/3355/2998
f 4153/3357/3000 4159/3363/3006 4158/3362/3005 4152/3356/2999
f 4154/3358/3001 4160/3364/3007 4159/3363/3006 4153/3357/3000
f 4156/3359/3002 4162/3365/3008 4161/3366/3009 4155/3360/3003
f 4157/3361/3004 4163/3367/3010 4162/3365/3008 4156/3359/3002
f 4158/3362/3005 4164/3368/3011 4163/3367/3010 4157/3361/3004
f 4159/3363/3006 4165/3369/3012 4164/3368/3011 4158/3362/3005
f 4160/3364/3007 4166/3370/3013 4165/3369/3012 4159/3363/3006
f 4162/3365/3008 4168/3371/3014 4167/3372/3015 4161/3366/3009
f 4163/3367/3010 4169/3373/3016 4168/3371/3014 4162/3365/3008
f 4164/3368/3011 4170/3374/3017 4169/3373/3016 4163/3367/3010
f 4165/3369/3012 4171/3375/3018 4170/3374/3017 4164/3368/3011
f 4166/3370/3013 4172/3376/3019 4171/3375/3018 4165/3369/3012
f 4168/3371/3014 4174/3377/3020 4173/3378/3021 4167/3372/3015
f 4169/3373/3016 4175/3379/3022 4174/3377/3020 4168/3371/3014
f 4170/3374/3017 4176/3380/3023 4175/3379/3022 4169/3373/3016
f 4171/3375/3018 4177/3381/3024 4176/3380/3023 4170/3374/3017
f 4172/3376/3019 4178/3382/3025 4177/3381/3024 4171/3375/3018
f 4174/3377/3020 4180/3383/3026 4179/3384/3027 4173/3378/3021
f 4175/3379/3022 4181/3385/3028 4180/3383/3026 4174/3377/3020
f 4176/3380/3023 4182/3386/3029 4181/3385/3028 4175/3379/3022
f 4177/3381/3024 4183/3387/3030 4182/3386/3029 4176/3380/3023
f 4178/3382/3025 4184/3388/3031 4183/3387/3030 4177/3381/3024
f 4180/3383/3026 4186/3389/3032 4185/3390/3033 4179/3384/3027
f 4181/3385/3028 4187/3391/3034 4186/3389/3032 4180/3383/3026
f 4182/3386/3029 4188/3392/3035 4187/3391/3034 4181/3385/3028
f 4183/3387/3030 4189/3393/3036 4188/3392/3035 4182/3386/3029
f 4184/3388/3031 4190/3394/3037 4189/3393/3036 4183/3387/3030
f 4186/3389/3032 4192/3395/3038 4191/3396/3039 4185/3390/3033
f 4187/3391/3034 4193/3397/3040 4192/3395/3038 4186/3389/3032
f 4188/3392/3035 4194/3398/3041 4193/3397/3040 4187/3391/3034
f 4189/3393/3036 4195/3399/3042 4194/3398/3041 4188/3392/3035
f 4190/3394/3037 4196/3400/3043 4195/3399/3042 4189/3393/3036
f 4192/3395/3038 4198/3401/3044 4197/3402/3045 4191/3396/3039
f 4193/3397/3040 4199/3403/3046 4198/3401/3044 4192/3395/3038
f 4194/3398/3041 4200/3404/3047 4199/3403/3046 4193/3397/3040
f 4195/3399/3042 4201/3405/3048 4200/3404/3047 4194/3398/3041
f 4196/3400/3043 4202/3406/3049 4201/3405/3048 4195/3399/3042
f 4198/3401/3044 4204/3407/3050 4203/3408/3051 4197/3402/3045
f 4199/3403/3046 4205/3409/3052 4204/3407/3050 4198/3401/3044
f 4200/3404/3047 4206/3410/3053 4205/3409/3052 4199/3403/3046
f 4201/3405/3048 4207/3411/3054 4206/3410/3053 4200/3404/3047
f 4202/3406/3049 4208/3412/3055 4207/3411/3054 4201/3405/3048
f 4204/3407/3050 4210/3413/3056 4209/3414/3057 4203/3408/3051
f 4205/3409/3052 4211/3415/3058 4210/3413/3056 4204/3407/3050
f 4206/3410/3053 4212/3416/3059 4211/3415/3058 4205/3409/3052
f 4207/3411/3054 4213/3417/3060 4212/3416/3059 4206/3410/3053
f 4208/3412/3055 4214/3418/3061 4213/3417/3060 4207/3411/3054
f 4210/3413/3056 4216/3419/3062 4215/3420/3063 4209/3414/3057
f 4211/3415/3058 4217/3421/3064 4216/3419/3062 4210/3413/3056
f 4212/3416/3059 4218/3422/3065 4217/3421/3064 4211/3415/3058
f 4213/3417/3060 4219/3423/3066 4218/3422/3065 4212/3416/3059
f 4214/3418/3061 4220/3424/3067 4219/3423/3066 4213/3417/3060
f 4216/3419/3062 4222/3425/3068 4221/3426/3069 4215/3420/3063
f 4217/3421/3064 4223/3427/3070 4222/3425/3068 4216/3419/3062
f 4218/3422/3065 4224/3428/3071 4223/3427/3070 4217/3421/3064
f 4219/3423/3066 4225/3429/3072 4224/3428/3071 4218/3422/3065
f 4220/3424/3067 4226/3430/3073 4225/3429/3072 4219/3423/3066
f 4222/3425/3068 4228/3431/3074 4227/3432/3075 4221/3426/3069
f 4223/3427/3070 4229/3433/3076 4228/3431/3074 4222/3425/3068
f 4224/3428/3071 4230/3434/3077 4229/3433/3076 4223/3427/3070
f 4225/3429/3072 4231/3435/3078 4230/3434/3077 4224/3428/3071
f 4226/3430/3073 4232/3436/3079 4231/3435/3078 4225/3429/3072
f 4228/3431/3074 4234/3437/3080 4233/3438/3081 4227/3432/3075
f 4229/3433/3076 4235/3439/3082 4234/3437/3080 4228/3431/3074
f 4230/3434/3077 4236/3440/3083 4235/3439/3082 4229/3433/3076
f 4231/3435/3078 4237/3441/3084 4236/3440/3083 4230/3434/3077
f 4232/3436/3079 4238/3442/3085 4237/3441/3084 4231/3435/3078
f 4234/3437/3080 4240/3443/3086 4239/3444/3087 4233/3438/3081
f 4235/3439/3082 4241/3445/3088 4240/3443/3086 4234/3437/3080
f 4236/3440/3083 4242/3446/3089 4241/3445/3088 4235/3439/3082
f 4237/3441/3084 4243/3447/3090 4242/3446/3089 4236/3440/3083
f 4238/3442/3085 4244/3448/3091 4243/3447/3090 4237/3441/3084
f 4240/3443/3086 4246/3449/3092 4245/3450/3093 4239/3444/3087
f 4241/3445/3088 4247/3451/3094 4246/3449/3092 4240/3443/3086
f 4242/3446/3089 4248/3452/3095 4247/3451/3094 4241/3445/3088
f 4243/3447/3090 4249/3453/3096 4248/3452/3095 4242/3446/3089
f 4244/3448/3091 4250/3454/3097 4249/3453/3096 4243/3447/3090
f 4246/3449/3092 4252/3455/3098 4251/3456/3099 4245/3450/3093
f 4247/3451/3094 4253/3457/3100 4252/3455/3098 4246/3449/3092
f 4248/3452/3095 4254/3458/3101 4253/3457/3100 4247/3451/3094
f 4249/3453/3096 4255/3459/3102 4254/3458/3101 4248/3452/3095
f 4250/3454/3097 4256/3460/3103 4255/3459/3102 4249/3453/3096
f 4252/3455/3098 4258/3461/3104 4257/3462/3105 4251/3456/3099
f 4253/3457/3100 4259/3463/3106 4258/3461/3104 4252/3455/3098
f 4254/3458/3101 4260/3464/3107 4259/3463/3106 4253/3457/3100
f 4255/3459/3102 4261/3465/3108 4260/3464/3107 4254/3458/3101
f 4256/3460/3103 4262/3466/3109 4261/3465/3108 4255/3459/3102
f 4258/3461/3104 4264/3467/3110 4263/3468/3111 4257/3462/3105
f 4259/3463/3106 4265/3469/3112 4264/3467/3110 4258/3461/3104
f 4260/3464/3107 4266/3470/3113 4265/3469/3112 4259/3463/3106
f 4261/3465/3108 4267/3471/3114 4266/3470/3113 4260/3464/3107
f 4262/3466/3109 4268/3472/3115 4267/3471/3114 4261/3465/3108
f 4264/3467/3110 4270/3473/3116 4269/3474/3117 4263/3468/3111
f 4265/3469/3112 4271/3475/3118 4270/3473/3116 4264/3467/3110
f 4266/3470/3113 4272/3476/3119 4271/3475/3118 4265/3469/3112
f 4267/3471/3114 4273/3477/3120 4272/3476/3119 4266/3470/3113
f 4268/3472/3115 4274/3478/3121 4273/3477/3120 4267/3471/3114
f 4270/3473/3116 4276/3479/3122 4275/3480/3123 4269/3474/3117
f 4271/3475/3118 4277/3481/3124 4276/3479/3122 4270/3473/3116
f 4272/3476/3119 4278/3482/3125 4277/3481/3124 4271/3475/3118
f 4273/3477/3120 4279/3483/3126 4278/3482/3125 4272/3476/3119
f 4274/3478/3121 4280/3484/3127 4279/3483/3126 4273/3477/3120
f 4276/3479/3122 4282/3485/3128 4281/3486/3129 4275/3480/3123
f 4277/3481/3124 4283/3487/3130 4282/3485/3128 4276/3479/3122
f 4278/3482/3125 4284/3488/3131 4283/3487/3130 4277/3481/3124
f 4279/3483/3126 4285/3489/3132 4284/3488/3131 4278/3482/3125
f 4280/3484/3127 4286/3490/3133 4285/3489/3132 4279/3483/3126
f 4282/3485/3128 4288/3491/3134 4287/3492/3135 4281/3486/3129
f 4283/3487/3130 4289/3493/3136 4288/3491/3134 4282/3485/3128
f 4284/3488/3131 4290/3494/3137 4289/3493/3136 4283/3487/3130
f 4285/3489/3132 4291/3495/3138 4290/3494/3137 4284/3488/3131
f 4286/3490/3133 4292/3496/3139 4291/3495/3138 4285/3489/3132
f 4288/3491/3134 4294/3497/3140 4293/3498/3141 4287/3492/3135
f 4289/3493/3136 4295/3499/3142 4294/3497/3140 4288/3491/3134
f 4290/3494/3137 4296/3500/3143 4295/3499/3142 4289/3493/3136
f 4291/3495/3138 4297/3501/3144 4296/3500/3143 4290/3494/3137
f 4292/3496/3139 4298/3502/3145 4297/3501/3144 4291/3495/3138
f 4294/3497/3140 4300/3503/3146 4299/3504/3147 4293/3498/3141
f 4295/3499/3142 4301/3505/3148 4300/3503/3146 4294/3497/3140
f 4296/3500/3143 4302/3506/3149 4301/3505/3148 4295/3499/3142
f 4297/3501/3144 4303/3507/3150 4302/3506/3149 4296/3500/3143
f 4298/3502/3145 4304/3508/3151 4303/3507/3150 4297/3501/3144
f 4300/3503/3146 4306/3509/3152 4305/3510/3153 4299/3504/3147
f 4301/3505/3148 4307/3511/3154 4306/3509/3152 4300/3503/3146
f 4302/3506/3149 4308/3512/3155 4307/3511/3154 4301/3505/3148
f 4303/3507/3150 4309/3513/3156 4308/3512/3155 4302/3506/3149
f 4304/3508/3151 4310/3514/3157 4309/3513/3156 4303/3507/3150
f 4306/3509/3152 4312/3515/3158 4311/3516/3159 4305/3510/3153
f 4307/3511/3154 4313/3517/3160 4312/3515/3158 4306/3509/3152
f 4308/3512/3155 4314/3518/3161 4313/3517/3160 4307/3511/3154
f 4309/3513/3156 4315/3519/3162 4314/3518/3161 4308/3512/3155
f 4310/3514/3157 4316/3520/3163 4315/3519/3162 4309/3513/3156
f 4312/3515/3158 4318/3521/3164 4317/3522/3165 4311/3516/3159
f 4313/3517/3160 4319/3523/3166 4318/3521/3164 4312/3515/3158
f 4314/3518/3161 4320/3524/3167 4319/3523/3166 4313/3517/3160
f 4315/3519/3162 4321/3525/3168 4320/3524/3167 4314/3518/3161
f 4316/3520/3163 4322/3526/3169 4321/3525/3168 4315/3519/3162
f 4318/3521/3164 4324/3527/3170 4323/3528/3171 4317/3522/3165
f 4319/3523/3166 4325/3529/3172 4324/3527/3170 4318/3521/3164
f 4320/3524/3167 4326/3530/3173 4325/3529/3172 4319/3523/3166
f 4321/3525/3168 4327/3531/3174 4326/3530/3173 4320/3524/3167
f 4322/3526/3169 4328/3532/3175 4327/3531/3174 4321/3525/3168
f 4324/3527/3170 4330/3533/3176 4329/3534/3177 4323/3528/3171
f 4325/3529/3172 4331/3535/3178 4330/3533/3176 4324/3527/3170
f 4326/3530/3173 4332/3536/3179 4331/3535/3178 4325/3529/3172
f 4327/3531/3174 4333/3537/3180 4332/3536/3179 4326/3530/3173
f 4328/3532/3175 4334/3538/3181 4333/3537/3180 4327/3531/3174
f 4330/3533/3176 4336/3539/3182 4335/3540/3183 4329/3534/3177
f 4331/3535/3178 4337/3541/3184 4336/3539/3182 4330/3533/3176
f 4332/3536/3179 4338/3542/3185 4337/3541/3184 4331/3535/3178
f 4333/3537/3180 4339/3543/3186 4338/3542/3185 4332/3536/3179
f 4334/3538/3181 4340/3544/3187 4339/3543/3186 4333/3537/3180
f 4336/3539/3182 4342/3545/3188 4341/3546/3189 4335/3540/3183
f 4337/3541/3184 4343/3547/3190 4342/3545/3188 4336/3539/3182
f 4338/3542/3185 4344/3548/3191 4343/3547/3190 4337/3541/3184
f 4339/3543/3186 4345/3549/3192 4344/3548/3191 4338/3542/3185
f 4340/3544/3187 4346/3550/3193 4345/3549/3192 4339/3543/3186
f 4342/3545/3188 4348/3551/3194 4347/3552/3195 4341/3546/3189
f 4343/3547/3190 4349/3553/3196 4348/3551/3194 4342/3545/3188
f 4344/3548/3191 4350/3554/3197 4349/3553/3196 4343/3547/3190
f 4345/3549/3192 4351/3555/3198 4350/3554/3197 4344/3548/3191
f 4346/3550/3193 4352/3556/3199 4351/3555/3198 4345/3549/3192
f 4348/3551/3194 4354/3557/3200 4353/3558/3201 4347/3552/3195
f 4349/3553/3196 4355/3559/3202 4354/3557/3200 4348/3551/3194
f 4350/3554/3197 4356/3560/3203 4355/3559/3202 4349/3553/3196
f 4351/3555/3198 4357/3561/3204 4356/3560/3203 4350/3554/3197
f 4352/3556/3199 4358/3562/3205 4357/3561/3204 4351/3555/3198
f 4354/3557/3200 4360/3563/3206 4359/3564/3207 4353/3558/3201
f 4355/3559/3202 4361/3565/3208 4360/3563/3206 4354/3557/3200
f 4356/3560/3203 4362/3566/3209 4361/3565/3208 4355/3559/3202
f 4357/3561/3204 4363/3567/3210 4362/3566/3209 4356/3560/3203
f 4358/3562/3205 4364/3568/3211 4363/3567/3210 4357/3561/3204
f 4360/3563/3206 4366/3569/3212 4365/3570/3213 4359/3564/3207
f 4361/3565/3208 4367/3571/3214 4366/3569/3212 4360/3563/3206
f 4362/3566/3209 4368/3572/3215 4367/3571/3214 4361/3565/3208
f 4363/3567/3210 4369/3573/3216 4368/3572/3215 4362/3566/3209
f 4364/3568/3211 4370/3574/3217 4369/3573/3216 4363/3567/3210
f 4366/3569/3212 4372/3575/3218 4371/3576/3219 4365/3570/3213
f 4367/3571/3214 4373/3577/3220 4372/3575/3218 4366/3569/3212
f 4368/3572/3215 4374/3578/3221 4373/3577/3220 4367/3571/3214
f 4369/3573/3216 4375/3579/3222 4374/3578/3221 4368/3572/3215
f 4370/3574/3217 4376/3580/3223 4375/3579/3222 4369/3573/3216
f 4372/3575/3218 4378/3581/3224 4377/3582/3225 4371/3576/3219
f 4373/3577/3220 4379/3583/3226 4378/3581/3224 4372/3575/3218
f 4374/3578/3221 4380/3584/3227 4379/3583/3226 4373/3577/3220
f 4375/3579/3222 4381/3585/3228 4380/3584/3227 4374/3578/3221
f 4376/3580/3223 4382/3586/3229 4381/3585/3228 4375/3579/3222
f 4378/3581/3224 4384/3587/3230 4383/3588/3231 4377/3582/3225
f 4379/3583/3226 4385/3589/3232 4384/3587/3230 4378/3581/3224
f 4380/3584/3227 4386/3590/3233 4385/3589/3232 4379/3583/3226
f 4381/3585/3228 4387/3591/3234 4386/3590/3233 4380/3584/3227
f 4382/3586/3229 4388/3592/3235 4387/3591/3234 4381/3585/3228
f 4384/3587/3230 4390/3593/3236 4389/3594/2100 4383/3588/3231
f 4385/3589/3232 4391/3595/3237 4390/3593/3236 4384/3587/3230
f 4386/3590/3233 4392/3596/3238 4391/3595/3237 4385/3589/3232
f 4387/3591/3234 4393/3597/3239 4392/3596/3238 4386/3590/3233
f 4388/3592/3235 4394/3598/2104 4393/3597/3239 4387/3591/3234
f 4390/3593/3236 4396/3599/3240 4395/3600/3241 4389/3594/2100
f 4391/3595/3237 4397/3601/3242 4396/3599/3240 4390/3593/3236
f 4392/3596/3238 4398/3602/3243 4397/3601/3242 4391/3595/3237
f 4393/3597/3239 4399/3603/3244 4398/3602/3243 4392/3596/3238
f 4394/3598/2104 4400/3604/3245 4399/3603/3244 4393/3597/3239
f 4396/3599/3240 4402/3605/3246 4401/3606/3247 4395/3600/3241
f 4397/3601/3242 4403/3607/3248 4402/3605/3246 4396/3599/3240
f 4398/3602/3243 4404/3608/3249 4403/3607/3248 4397/3601/3242
f 4399/3603/3244 4405/3609/3250 4404/3608/3249 4398/3602/3243
f 4400/3604/3245 4406/3610/3251 4405/3609/3250 4399/3603/3244
f 4402/3605/3246 4408/3611/3252 4407/3612/3253 4401/3606/3247
f 4403/3607/3248 4409/3613/3254 4408/3611/3252 4402/3605/3246
f 4404/3608/3249 4410/3614/3255 4409/3613/3254 4403/3607/3248
f 4405/3609/3250 4411/3615/3256 4410/3614/3255 4404/3608/3249
f 4406/3610/3251 4412/3616/3257 4411/3615/3256 4405/3609/3250
f 4408/3611/3252 4414/3617/3258 4413/3618/3259 4407/3612/3253
f 4409/3613/3254 4415/3619/3260 4414/3617/3258 4408/3611/3252
f 4410/3614/3255 4416/3620/3261 4415/3619/3260 4409/3613/3254
f 4411/3615/3256 4417/3621/3262 4416/3620/3261 4410/3614/3255
f 4412/3616/3257 4418/3622/3263 4417/3621/3262 4411/3615/3256
f 4414/3617/3258 4420/3623/3264 4419/3624/3265 4413/3618/3259
f 4415/3619/3260 4421/3625/3266 4420/3623/3264 4414/3617/3258
f 4416/3620/3261 4422/3626/3267 4421/3625/3266 4415/3619/3260
f 4417/3621/3262 4423/3627/3268 4422/3626/3267 4416/3620/3261
f 4418/3622/3263 4424/3628/3269 4423/3627/3268 4417/3621/3262
f 4420/3623/3264 4426/3629/3270 4425/3630/3271 4419/3624/3265
f 4421/3625/3266 4427/3631/3272 4426/3629/3270 4420/3623/3264
f 4422/3626/3267 4428/3632/3273 4427/3631/3272 4421/3625/3266
f 4423/3627/3268 4429/3633/3274 4428/3632/3273 4422/3626/3267
f 4424/3628/3269 4430/3634/3275 4429/3633/3274 4423/3627/3268
f 4426/3629/3270 4432/3635/3276 4431/3636/3277 4425/3630/3271
f 4427/3631/3272 4433/3637/3278 4432/3635/3276 4426/3629/3270
f 4428/3632/3273 4434/3638/3279 4433/3637/3278 4427/3631/3272
f 4429/3633/3274 4435/3639/3280 4434/3638/3279 4428/3632/3273
f 4430/3634/3275 4436/3640/3281 4435/3639/3280 4429/3633/3274
f 4432/3635/3276 4438/3641/3282 4437/3642/3283 4431/3636/3277
f 4433/3637/3278 4439/3643/3284 4438/3641/3282 4432/3635/3276
f 4434/3638/3279 4440/3644/3285 4439/3643/3284 4433/3637/3278
f 4435/3639/3280 4441/3645/3286 4440/3644/3285 4434/3638/3279
f 4436/3640/3281 4442/3646/3287 4441/3645/3286 4435/3639/3280
f 4438/3641/3282 4444/3647/3288 4443/3648/3289 4437/3642/3283
f 4439/3643/3284 4445/3649/3290 4444/3647/3288 4438/3641/3282
f 4440/3644/3285 4446/3650/3291 4445/3649/3290 4439/3643/3284
f 4441/3645/3286 4447/3651/3292 4446/3650/3291 4440/3644/3285
f 4442/3646/3287 4448/3652/3293 4447/3651/3292 4441/3645/3286
f 4444/3647/3288 4450/3653/3294 4449/3654/3295 4443/3648/3289
f 4445/3649/3290 4451/3655/3296 4450/3653/3294 4444/3647/3288
f 4446/3650/3291 4452/3656/3297 4451/3655/3296 4445/3649/3290
f 4447/3651/3292 4453/3657/3298 4452/3656/3297 4446/3650/3291
f 4448/3652/3293 4454/3658/3299 4453/3657/3298 4447/3651/3292
f 4450/3653/3294 4456/3659/3300 4455/3660/3301 4449/3654/3295
f 4451/3655/3296 4457/3661/3302 4456/3659/3300 4450/3653/3294
f 4452/3656/3297 4458/3662/3303 4457/3661/3302 4451/3655/3296
f 4453/3657/3298 4459/3663/3304 4458/3662/3303 4452/3656/3297
f 4454/3658/3299 4460/3664/3305 4459/3663/3304 4453/3657/3298
f 4456/3659/3300 4462/3665/3306 4461/3666/3307 4455/3660/3301
f 4457/3661/3302 4463/3667/3308 4462/3665/3306 4456/3659/3300
f 4458/3662/3303 4464/3668/3309 4463/3667/3308 4457/3661/3302
f 4459/3663/3304 4465/3669/3310 4464/3668/3309 4458/3662/3303
f 4460/3664/3305 4466/3670/3311 4465/3669/3310 4459/3663/3304
f 4462/3665/3306 4468/3671/3312 4467/3672/3313 4461/3666/3307
f 4463/3667/3308 4469/3673/3314 4468/3671/3312 4462/3665/3306
f 4464/3668/3309 4470/3674/3315 4469/3673/3314 4463/3667/3308
f 4465/3669/3310 4471/3675/3316 4470/3674/3315 4464/3668/3309
f 4466/3670/3311 4472/3676/3317 4471/3675/3316 4465/3669/3310
f 4468/3671/3312 4474/3677/3318 4473/3678/3319 4467/3672/3313
f 4469/3673/3314 4475/3679/3320 4474/3677/3318 4468/3671/3312
f 4470/3674/3315 4476/3680/3321 4475/3679/3320 4469/3673/3314
f 4471/3675/3316 4477/3681/3322 4476/3680/3321 4470/3674/3315
f 4472/3676/3317 4478/3682/3323 4477/3681/3322 4471/3675/3316
f 4474/3677/3318 4480/3683/3324 4479/3684/3325 4473/3678/3319
f 4475/3679/3320 4481/3685/3326 4480/3683/3324 4474/3677/3318
f 4476/3680/3321 4482/3686/3327 4481/3685/3326 4475/3679/3320
f 4477/3681/3322 4483/3687/3328 4482/3686/3327 4476/3680/3321
f 4478/3682/3323 4484/3688/3329 4483/3687/3328 4477/3681/3322
f 4480/3683/3324 4486/3689/3330 4485/3690/3331 4479/3684/3325
f 4481/3685/3326 4487/3691/3332 4486/3689/3330 4480/3683/3324
f 4482/3686/3327 4488/3692/3333 4487/3691/3332 4481/3685/3326
f 4483/3687/3328 4489/3693/3334 4488/3692/3333 4482/3686/3327
f 4484/3688/3329 4490/3694/3335 4489/3693/3334 4483/3687/3328
f 4486/3689/3330 4492/3695/3336 4491/3696/3337 4485/3690/3331
f 4487/3691/3332 4493/3697/3338 4492/3695/3336 4486/3689/3330
f 4488/3692/3333 4494/3698/3339 4493/3697/3338 4487/3691/3332
f 4489/3693/3334 4495/3699/3340 4494/3698/3339 4488/3692/3333
f 4490/3694/3335 4496/3700/3341 4495/3699/3340 4489/3693/3334
f 4492/3695/3336 4498/3701/3342 4497/3702/3343 4491/3696/3337
f 4493/3697/3338 4499/3703/3344 4498/3701/3342 4492/3695/3336
f 4494/3698/3339 4500/3704/3345 4499/3703/3344 4493/3697/3338
f 4495/3699/3340 4501/3705/3346 4500/3704/3345 4494/3698/3339
f 4496/3700/3341 4502/3706/3347 4501/3705/3346 4495/3699/3340
f 4498/3701/3342 4504/3707/3348 4503/3708/3349 4497/3702/3343
f 4499/3703/3344 4505/3709/3350 4504/3707/3348 4498/3701/3342
f 4500/3704/3345 4506/3710/3351 4505/3709/3350 4499/3703/3344
f 4501/3705/3346 4507/3711/3352 4506/3710/3351 4500/3704/3345
f 4502/3706/3347 4508/3712/3353 4507/3711/3352 4501/3705/3346
f 4504/3707/3348 4510/3713/3354 4509/3714/3355 4503/3708/3349
f 4505/3709/3350 4511/3715/3356 4510/3713/3354 4504/3707/3348
f 4506/3710/3351 4512/3716/3357 4511/3715/3356 4505/3709/3350
f 4507/3711/3352 4513/3717/3358 4512/3716/3357 4506/3710/3351
f 4508/3712/3353 4514/3718/3359 4513/3717/3358 4507/3711/3352
f 4510/3713/3354 4516/3719/3360 4515/3720/3361 4509/3714/3355
f 4511/3715/3356 4517/3721/3362 4516/3719/3360 4510/3713/3354
f 4512/3716/3357 4518/3722/3363 4517/3721/3362 4511/3715/3356
f 4513/3717/3358 4519/3723/3364 4518/3722/3363 4512/3716/3357
f 4514/3718/3359 4520/3724/3365 4519/3723/3364 4513/3717/3358
f 4516/3719/3360 4522/3725/3366 4521/3726/3367 4515/3720/3361
f 4517/3721/3362 4523/3727/3368 4522/3725/3366 4516/3719/3360
f 4518/3722/3363 4524/3728/3369 4523/3727/3368 4517/3721/3362
f 4519/3723/3364 4525/3729/3370 4524/3728/3369 4518/3722/3363
f 4520/3724/3365 4526/3730/3371 4525/3729/3370 4519/3723/3364
f 4522/3725/3366 4528/3731/3372 4527/3732/3373 4521/3726/3367
f 4523/3727/3368 4529/3733/3374 4528/3731/3372 4522/3725/3366
f 4524/3728/3369 4530/3734/3375 4529/3733/3374 4523/3727/3368
f 4525/3729/3370 4531/3735/3376 4530/3734/3375 4524/3728/3369
f 4526/3730/3371 4532/3736/3377 4531/3735/3376 4525/3729/3370
f 4528/3731/3372 4534/3737/3378 4533/3738/3379 4527/3732/3373
f 4529/3733/3374 4535/3739/3380 4534/3737/3378 4528/3731/3372
f 4530/3734/3375 4536/3740/3381 4535/3739/3380 4529/3733/3374
f 4531/3735/3376 4537/3741/3382 4536/3740/3381 4530/3734/3375
f 4532/3736/3377 4538/3742/3383 4537/3741/3382 4531/3735/3376
f 4534/3737/3378 4540/3743/3384 4539/3744/3385 4533/3738/3379
f 4535/3739/3380 4541/3745/3386 4540/3743/3384 4534/3737/3378
f 4536/3740/3381 4542/3746/3387 4541/3745/3386 4535/3739/3380
f 4537/3741/3382 4543/3747/3388 4542/3746/3387 4536/3740/3381
f 4538/3742/3383 4544/3748/3389 4543/3747/3388 4537/3741/3382
f 4540/3743/3384 3928/1181/2774 3927/32/2777 4539/3744/3385
f 4541/3745/3386 3929/1182/2778 3928/1181/2774 4540/3743/3384
f 4542/3746/3387 3930/1183/2780 3929/1182/2778 4541/3745/3386
f 4543/3747/3388 3931/1184/2782 3930/1183/2780 4542/3746/3387
f 4544/3748/3389 3932/1185/2784 3931/1184/2782 4543/3747/3388
